transaction_id,amount,hour,country_risk_score,device_age_days,account_age_days,failed_logins_24h,transactions_1h,velocity_24h,is_new_device,is_cross_border,merchant_risk_score,fraud_label
TXN-000001,605.98,19,0.136,1410,3028,1,3,9,0,0,0.472,0
TXN-000002,75.8,20,0.097,1448,332,1,3,7,0,0,0.708,0
TXN-000003,100.28,14,0.396,425,1855,2,1,8,0,0,0.607,0
TXN-000004,66.94,21,0.385,1334,582,0,1,9,0,0,0.361,0
TXN-000005,77.57,13,0.292,791,1017,2,2,8,0,0,0.297,0
TXN-000006,29.39,19,0.324,27,3813,1,2,5,0,0,0.318,0
TXN-000007,17.32,6,0.17,1251,2321,0,4,10,1,0,0.145,0
TXN-000008,74.14,16,0.393,196,3648,1,0,10,0,0,0.216,0
TXN-000009,5.38,1,0.524,945,3230,2,1,4,1,0,0.565,0
TXN-000010,84.79,2,0.193,1422,3067,1,0,10,0,0,0.523,0
TXN-000011,68.64,16,0.189,222,3776,1,1,8,0,0,0.082,0
TXN-000012,22.44,9,0.413,1495,1006,0,2,10,1,1,0.244,0
TXN-000013,48.85,4,0.322,797,2632,2,2,7,0,0,0.144,0
TXN-000014,18.94,4,0.173,745,1028,1,2,11,0,0,0.173,0
TXN-000015,15.91,10,0.352,934,3259,0,2,7,0,0,0.272,0
TXN-000016,105.12,20,0.315,1168,2422,0,1,4,0,1,0.222,0
TXN-000017,48.95,11,0.091,526,3415,2,1,10,0,0,0.117,0
TXN-000018,292.59,9,0.21,808,1770,2,3,13,0,0,0.448,1
TXN-000019,547.83,10,0.374,998,859,1,0,9,1,0,0.528,1
TXN-000020,80.12,12,0.402,49,597,1,3,5,0,1,0.345,0
TXN-000021,54.74,11,0.22,802,3434,0,2,4,0,0,0.246,0
TXN-000022,220.02,19,0.271,1279,3348,1,3,10,0,0,0.244,0
TXN-000023,7.34,6,0.579,908,1578,0,4,12,1,0,0.301,0
TXN-000024,12.69,17,0.595,984,865,2,0,8,0,0,0.574,0
TXN-000025,35.35,17,0.307,694,925,2,5,7,0,0,0.345,0
TXN-000026,59.77,22,0.414,1354,3792,0,3,9,1,0,0.202,0
TXN-000027,47.79,6,0.164,943,1355,0,2,9,0,0,0.161,0
TXN-000028,48.64,23,0.497,69,1942,0,2,6,1,1,0.263,0
TXN-000029,90.71,23,0.696,1300,1741,2,3,8,1,0,0.336,1
TXN-000030,43.51,21,0.423,1259,389,1,3,6,1,1,0.13,1
TXN-000031,76.61,6,0.152,910,3510,1,4,6,0,0,0.387,0
TXN-000032,56.24,13,0.524,1031,1852,0,4,12,0,1,0.401,0
TXN-000033,24.6,2,0.437,273,2579,0,0,4,0,1,0.557,0
TXN-000034,19.03,5,0.186,1452,3139,0,1,6,0,0,0.367,0
TXN-000035,15.75,0,0.313,1477,1775,0,3,6,0,1,0.207,0
TXN-000036,65.68,3,0.189,767,566,1,3,8,0,0,0.051,0
TXN-000037,35.99,16,0.316,1451,509,0,1,6,1,0,0.551,0
TXN-000038,270.9,18,0.166,539,705,1,3,11,0,1,0.035,0
TXN-000039,51.32,18,0.619,676,1129,2,3,8,0,0,0.162,1
TXN-000040,297.87,18,0.194,173,1822,2,1,9,0,0,0.486,0
TXN-000041,14.98,21,0.256,1295,1401,0,4,11,0,0,0.666,0
TXN-000042,49.24,5,0.25,141,862,1,2,10,0,0,0.106,0
TXN-000043,12.98,4,0.302,58,1568,0,3,7,0,0,0.136,0
TXN-000044,40.46,17,0.404,925,1858,1,1,7,0,1,0.201,0
TXN-000045,112.84,18,0.48,121,593,1,3,2,0,0,0.328,0
TXN-000046,34.58,16,0.083,62,65,1,2,6,0,0,0.508,1
TXN-000047,39.19,14,0.224,1172,3069,1,3,4,0,0,0.533,0
TXN-000048,77.46,11,0.168,889,3055,1,1,8,0,0,0.387,0
TXN-000049,348.92,18,0.129,325,3821,1,3,10,0,0,0.643,0
TXN-000050,21.97,8,0.438,25,2919,1,2,8,1,0,0.237,0
TXN-000051,19.0,3,0.177,426,2920,0,2,11,0,0,0.533,0
TXN-000052,28.6,9,0.617,63,599,0,1,4,0,0,0.257,0
TXN-000053,46.85,12,0.409,599,2980,0,1,9,0,0,0.357,0
TXN-000054,25.04,11,0.118,65,109,1,2,7,0,1,0.113,0
TXN-000055,70.72,0,0.109,1126,1203,0,2,8,1,1,0.413,0
TXN-000056,112.71,4,0.305,72,3733,1,2,8,1,0,0.508,0
TXN-000057,16.02,1,0.213,835,2736,2,2,9,0,1,0.479,0
TXN-000058,260.57,0,0.287,290,3267,1,2,7,0,1,0.4,0
TXN-000059,13.02,2,0.224,118,1913,0,3,5,0,0,0.039,0
TXN-000060,74.48,15,0.334,361,2194,0,1,3,0,0,0.125,0
TXN-000061,59.5,15,0.051,838,1776,0,4,5,0,0,0.457,0
TXN-000062,325.06,23,0.196,480,756,2,2,6,0,0,0.124,0
TXN-000063,27.76,21,0.598,1338,36,0,0,6,1,0,0.127,0
TXN-000064,50.92,18,0.062,1085,288,0,1,7,0,0,0.05,0
TXN-000065,79.93,12,0.433,732,292,0,2,9,0,0,0.227,0
TXN-000066,113.88,22,0.497,289,2790,1,3,10,0,0,0.241,0
TXN-000067,39.21,16,0.167,379,903,0,1,4,0,0,0.297,0
TXN-000068,281.44,0,0.193,81,1848,0,1,7,0,0,0.54,0
TXN-000069,14.8,23,0.773,149,1035,0,1,8,0,0,0.386,0
TXN-000070,19.26,16,0.207,1001,1467,2,0,8,0,1,0.42,0
TXN-000071,48.77,14,0.261,38,3195,0,1,10,0,0,0.621,0
TXN-000072,19.44,4,0.496,1378,1633,1,1,8,0,0,0.706,0
TXN-000073,10.15,2,0.204,507,3573,0,1,11,0,0,0.291,0
TXN-000074,178.13,10,0.213,940,2955,1,1,7,0,0,0.061,0
TXN-000075,105.79,10,0.399,159,2081,1,0,9,0,0,0.429,0
TXN-000076,4.75,0,0.644,1441,2441,1,1,5,0,1,0.428,0
TXN-000077,109.13,22,0.269,53,857,2,3,9,0,1,0.581,0
TXN-000078,133.25,12,0.095,1415,1822,1,5,7,0,1,0.414,0
TXN-000079,14.2,15,0.213,824,3469,1,2,4,0,0,0.45,0
TXN-000080,147.34,4,0.602,1153,752,3,3,7,0,0,0.612,0
TXN-000081,9.32,6,0.397,320,2042,0,1,7,0,0,0.375,0
TXN-000082,24.68,18,0.335,178,3141,1,0,14,0,0,0.462,0
TXN-000083,34.38,4,0.15,858,2940,1,1,11,0,0,0.271,1
TXN-000084,65.75,9,0.162,1046,906,0,0,8,0,0,0.371,0
TXN-000085,59.89,13,0.151,747,1807,0,1,6,0,0,0.055,0
TXN-000086,50.48,17,0.701,1026,2602,2,0,6,0,0,0.376,0
TXN-000087,17.2,4,0.014,152,2585,2,4,12,1,0,0.2,0
TXN-000088,189.05,3,0.487,240,2517,0,2,6,0,0,0.155,0
TXN-000089,78.75,10,0.177,765,3581,1,2,13,0,1,0.38,0
TXN-000090,23.61,12,0.295,654,2289,0,0,11,0,0,0.129,0
TXN-000091,22.91,0,0.215,1473,3023,0,3,6,0,1,0.492,0
TXN-000092,165.23,14,0.472,593,2513,0,2,8,0,0,0.528,0
TXN-000093,76.85,4,0.064,200,404,2,2,5,0,0,0.322,0
TXN-000094,16.36,5,0.429,279,3710,0,3,7,0,0,0.174,0
TXN-000095,27.35,14,0.323,854,1178,0,3,5,0,0,0.077,0
TXN-000096,113.1,0,0.384,1150,519,0,1,15,0,0,0.02,0
TXN-000097,5.63,7,0.401,688,603,0,0,5,0,0,0.12,0
TXN-000098,17.0,7,0.34,912,3336,2,3,5,0,0,0.068,0
TXN-000099,83.16,2,0.306,38,2361,1,3,4,0,0,0.097,0
TXN-000100,11.9,23,0.29,254,3039,0,1,6,0,0,0.158,0
TXN-000101,201.7,23,0.239,1464,830,1,0,3,0,0,0.147,0
TXN-000102,13.25,3,0.182,103,1389,0,1,10,0,0,0.161,0
TXN-000103,10.12,18,0.278,335,1191,0,2,12,0,0,0.56,0
TXN-000104,10.7,4,0.187,757,2687,2,4,7,0,0,0.578,0
TXN-000105,42.16,13,0.166,9,3574,0,0,8,0,0,0.067,0
TXN-000106,26.81,11,0.076,422,457,2,1,7,0,1,0.422,0
TXN-000107,18.7,1,0.251,1062,2443,0,2,9,0,0,0.548,0
TXN-000108,45.17,11,0.394,1166,997,1,5,7,0,0,0.206,0
TXN-000109,18.09,17,0.079,682,2739,1,2,8,0,0,0.325,0
TXN-000110,52.12,20,0.1,282,1200,1,2,7,0,0,0.449,0
TXN-000111,77.41,16,0.078,378,1296,2,2,11,0,0,0.235,0
TXN-000112,57.91,14,0.086,765,673,2,3,8,0,0,0.578,0
TXN-000113,13.73,3,0.154,1417,3178,1,1,10,0,0,0.311,0
TXN-000114,99.72,5,0.059,1144,1635,0,2,8,0,0,0.312,0
TXN-000115,47.55,3,0.109,1208,3508,1,3,8,0,1,0.315,0
TXN-000116,93.04,4,0.251,476,2375,3,2,7,0,0,0.055,0
TXN-000117,107.31,8,0.18,1202,710,1,2,12,0,0,0.164,0
TXN-000118,27.43,4,0.103,177,356,0,3,5,0,0,0.474,0
TXN-000119,88.53,6,0.613,781,118,0,1,10,0,0,0.884,0
TXN-000120,19.91,16,0.45,203,1624,0,0,8,0,0,0.173,0
TXN-000121,72.74,22,0.334,1117,2766,0,2,9,1,0,0.431,0
TXN-000122,7.99,0,0.155,584,2107,0,2,7,1,1,0.274,0
TXN-000123,79.64,1,0.058,529,1234,1,0,7,0,0,0.47,0
TXN-000124,41.52,0,0.32,1369,509,0,0,7,0,1,0.177,0
TXN-000125,7.55,23,0.012,238,1646,0,2,7,0,0,0.172,0
TXN-000126,56.48,9,0.321,1175,2678,0,1,11,0,1,0.147,0
TXN-000127,23.75,9,0.093,263,2305,1,2,7,0,0,0.633,0
TXN-000128,336.21,22,0.475,73,1720,0,1,8,0,0,0.265,0
TXN-000129,49.28,15,0.056,1120,3304,1,1,4,0,0,0.413,0
TXN-000130,404.64,10,0.157,227,3036,0,1,7,1,0,0.104,0
TXN-000131,83.85,13,0.183,1280,1871,0,3,7,0,0,0.102,0
TXN-000132,17.06,12,0.367,1122,1998,0,3,7,0,0,0.527,0
TXN-000133,54.91,11,0.291,918,1841,0,0,11,0,0,0.37,1
TXN-000134,51.58,11,0.129,1322,2578,0,1,13,0,0,0.244,0
TXN-000135,95.98,19,0.419,41,2473,0,4,10,0,0,0.348,0
TXN-000136,8.49,7,0.274,996,1254,0,5,9,1,0,0.222,0
TXN-000137,31.44,23,0.143,1299,3185,1,3,6,0,0,0.374,0
TXN-000138,22.69,19,0.462,168,1574,1,2,8,0,0,0.038,0
TXN-000139,51.26,12,0.325,737,1885,2,2,8,0,0,0.365,0
TXN-000140,49.44,10,0.389,1379,1107,0,2,6,1,0,0.344,1
TXN-000141,56.14,6,0.472,853,2288,1,2,9,1,0,0.137,0
TXN-000142,79.4,21,0.373,608,2558,0,2,8,0,0,0.724,0
TXN-000143,33.99,7,0.17,339,3295,0,1,6,0,1,0.341,0
TXN-000144,88.25,19,0.253,635,1284,1,2,8,0,0,0.486,0
TXN-000145,27.57,0,0.332,811,1528,0,1,7,1,0,0.389,0
TXN-000146,26.86,17,0.248,836,2508,1,3,5,0,0,0.418,0
TXN-000147,57.03,6,0.188,455,3648,2,2,9,0,0,0.037,0
TXN-000148,49.22,11,0.112,891,134,1,1,5,0,1,0.298,0
TXN-000149,15.14,19,0.215,1068,234,1,6,10,0,1,0.26,1
TXN-000150,376.74,11,0.395,1337,3540,1,1,11,1,1,0.107,0
TXN-000151,15.31,14,0.456,519,1981,1,5,12,0,0,0.496,0
TXN-000152,8.83,4,0.178,477,3628,0,2,10,0,0,0.571,0
TXN-000153,125.68,19,0.245,105,2092,0,1,13,0,0,0.284,0
TXN-000154,68.59,16,0.557,1145,3213,1,4,6,0,1,0.079,0
TXN-000155,59.95,5,0.194,569,3563,0,1,11,0,1,0.431,0
TXN-000156,21.53,9,0.285,52,3530,0,5,5,0,0,0.144,0
TXN-000157,9.99,5,0.062,278,2451,2,2,13,0,0,0.332,0
TXN-000158,32.48,7,0.128,1245,1663,1,2,11,0,0,0.327,0
TXN-000159,38.64,20,0.419,1426,1083,0,2,9,0,1,0.39,0
TXN-000160,40.95,22,0.362,917,3426,0,2,7,0,0,0.27,0
TXN-000161,44.42,18,0.528,460,861,0,1,8,0,1,0.535,1
TXN-000162,139.88,5,0.221,368,2418,2,4,10,1,0,0.476,1
TXN-000163,13.49,6,0.244,355,1777,0,2,9,0,0,0.123,0
TXN-000164,6.0,9,0.373,328,566,1,2,4,0,0,0.385,0
TXN-000165,27.66,4,0.204,503,1866,3,3,3,0,0,0.632,0
TXN-000166,7.64,16,0.221,1465,3163,0,4,14,0,0,0.693,0
TXN-000167,2.62,12,0.604,986,738,0,0,6,0,0,0.137,0
TXN-000168,185.41,15,0.285,231,3936,0,0,10,0,0,0.258,1
TXN-000169,48.33,23,0.335,752,3055,1,3,9,0,0,0.242,0
TXN-000170,21.61,22,0.175,335,2055,1,2,5,0,0,0.385,0
TXN-000171,27.36,20,0.113,337,971,0,0,14,0,0,0.31,0
TXN-000172,231.24,8,0.054,926,2023,1,2,9,0,0,0.331,0
TXN-000173,125.21,5,0.241,6,1259,1,3,10,0,0,0.511,0
TXN-000174,99.27,7,0.382,845,148,0,1,8,1,1,0.283,0
TXN-000175,56.31,23,0.248,1097,2250,1,3,14,0,1,0.536,0
TXN-000176,13.97,5,0.644,1468,1684,1,3,11,1,1,0.048,0
TXN-000177,35.68,0,0.007,1403,3128,0,5,11,0,0,0.043,0
TXN-000178,15.71,22,0.07,109,2055,0,4,10,1,1,0.297,0
TXN-000179,307.83,9,0.426,926,875,0,0,3,0,0,0.061,0
TXN-000180,14.21,15,0.083,69,570,0,4,13,0,0,0.23,0
TXN-000181,10.95,7,0.409,1070,631,2,3,11,0,1,0.353,1
TXN-000182,7.9,20,0.28,1416,3112,1,1,13,0,0,0.525,0
TXN-000183,90.21,23,0.252,1316,3500,0,2,10,0,1,0.079,0
TXN-000184,7.63,18,0.271,1026,575,1,2,9,0,0,0.142,0
TXN-000185,74.36,7,0.251,1372,2491,1,2,6,0,0,0.11,0
TXN-000186,53.86,13,0.303,833,93,1,2,10,0,0,0.383,0
TXN-000187,32.92,14,0.206,107,537,0,3,7,0,0,0.273,0
TXN-000188,489.8,6,0.15,898,1636,1,2,6,1,0,0.196,0
TXN-000189,23.4,1,0.124,362,2864,1,2,10,0,0,0.524,0
TXN-000190,66.47,23,0.259,20,1539,0,2,6,0,0,0.142,0
TXN-000191,11.76,21,0.478,814,2785,0,1,12,1,0,0.302,0
TXN-000192,18.2,19,0.264,1216,2500,3,5,6,1,0,0.286,0
TXN-000193,85.98,7,0.635,426,551,0,3,5,0,0,0.639,0
TXN-000194,18.69,16,0.1,260,1635,1,3,11,0,0,0.48,0
TXN-000195,39.08,11,0.236,833,217,1,4,6,1,0,0.342,0
TXN-000196,80.51,12,0.368,326,1643,0,1,5,1,0,0.199,0
TXN-000197,43.88,22,0.089,79,1162,0,4,11,0,1,0.193,0
TXN-000198,26.7,20,0.439,344,374,0,1,5,0,0,0.605,0
TXN-000199,42.68,20,0.085,908,2075,1,2,8,0,0,0.554,0
TXN-000200,4.88,2,0.517,1451,2118,3,2,4,1,0,0.459,0
TXN-000201,30.58,7,0.052,1265,1453,0,1,10,1,0,0.596,0
TXN-000202,117.06,14,0.385,699,1987,0,4,6,0,0,0.569,1
TXN-000203,233.23,5,0.53,1084,312,0,1,9,0,1,0.358,1
TXN-000204,81.09,20,0.095,1102,553,0,3,8,0,1,0.299,0
TXN-000205,47.17,12,0.391,1471,380,0,2,11,0,0,0.173,0
TXN-000206,47.83,3,0.412,220,1906,0,1,8,0,0,0.391,0
TXN-000207,18.8,18,0.425,804,3777,0,0,7,0,0,0.325,0
TXN-000208,105.88,19,0.283,452,134,0,3,9,0,0,0.737,0
TXN-000209,99.77,5,0.173,321,1171,0,3,5,0,1,0.178,0
TXN-000210,23.62,15,0.032,694,1170,1,2,9,1,0,0.595,0
TXN-000211,8.59,15,0.181,983,1351,1,2,7,0,0,0.73,0
TXN-000212,62.51,12,0.413,956,2629,2,1,11,0,0,0.233,0
TXN-000213,142.58,20,0.202,1286,3513,0,1,9,0,0,0.595,0
TXN-000214,25.84,20,0.592,686,2294,2,1,12,0,0,0.329,0
TXN-000215,52.78,0,0.207,566,3928,0,1,17,0,0,0.225,0
TXN-000216,61.1,14,0.162,616,2108,1,0,7,0,0,0.381,0
TXN-000217,108.72,22,0.108,618,3194,0,3,6,0,0,0.486,0
TXN-000218,67.62,22,0.472,1445,1759,0,0,8,0,0,0.18,0
TXN-000219,15.99,22,0.099,1304,1468,1,3,11,0,1,0.518,0
TXN-000220,94.34,0,0.255,5,2020,1,1,4,0,0,0.048,0
TXN-000221,30.01,13,0.133,1371,1659,0,3,4,1,0,0.409,0
TXN-000222,41.64,15,0.523,493,3985,1,4,5,0,0,0.224,0
TXN-000223,98.4,17,0.738,940,2734,0,3,8,1,0,0.181,0
TXN-000224,6.43,0,0.07,550,1768,1,3,6,0,1,0.244,0
TXN-000225,95.93,6,0.047,50,2314,4,1,7,0,0,0.145,0
TXN-000226,13.78,13,0.138,53,2227,0,3,8,0,0,0.431,0
TXN-000227,22.64,21,0.181,27,3073,2,4,8,0,0,0.231,0
TXN-000228,135.51,7,0.137,490,3009,0,3,4,1,0,0.292,0
TXN-000229,134.52,13,0.355,1307,3065,0,2,4,0,0,0.261,0
TXN-000230,17.81,6,0.134,230,3902,0,3,9,0,0,0.408,0
TXN-000231,14.45,15,0.72,571,3469,2,1,7,0,0,0.25,0
TXN-000232,8.8,7,0.392,1068,2554,0,1,5,0,0,0.181,0
TXN-000233,17.2,18,0.283,1314,3554,0,6,8,0,0,0.671,1
TXN-000234,200.9,0,0.091,741,1525,0,0,9,1,0,0.464,0
TXN-000235,48.69,18,0.585,1433,2914,0,2,8,0,0,0.323,0
TXN-000236,14.97,10,0.234,804,1930,0,2,10,0,0,0.167,1
TXN-000237,35.45,14,0.261,407,431,0,1,11,0,0,0.2,0
TXN-000238,10.64,17,0.58,500,1199,1,3,8,0,1,0.475,0
TXN-000239,36.99,13,0.112,578,825,0,5,11,1,0,0.545,0
TXN-000240,81.33,10,0.073,829,7,0,5,9,0,0,0.32,0
TXN-000241,9.88,10,0.238,1480,3409,2,5,5,0,0,0.329,0
TXN-000242,96.63,20,0.249,1252,963,0,2,11,0,0,0.279,0
TXN-000243,197.51,10,0.353,507,1374,0,1,6,0,0,0.233,0
TXN-000244,102.48,5,0.329,963,365,2,5,8,0,0,0.317,0
TXN-000245,23.32,19,0.273,1300,815,1,4,9,1,0,0.444,0
TXN-000246,103.76,5,0.556,1358,2573,0,2,9,0,1,0.225,0
TXN-000247,15.25,6,0.777,1310,3848,0,2,6,0,0,0.559,0
TXN-000248,14.09,4,0.135,528,1707,0,0,8,0,0,0.142,0
TXN-000249,352.63,9,0.086,119,226,0,1,6,0,0,0.557,1
TXN-000250,11.39,15,0.205,526,593,1,2,6,0,0,0.478,0
TXN-000251,18.12,22,0.235,597,490,1,2,7,1,0,0.153,1
TXN-000252,31.39,2,0.386,323,2888,0,7,5,0,0,0.62,0
TXN-000253,44.29,19,0.271,864,2761,0,2,8,0,1,0.538,0
TXN-000254,151.67,18,0.791,592,616,1,5,4,0,0,0.156,1
TXN-000255,89.49,6,0.187,1063,465,0,2,8,0,0,0.358,0
TXN-000256,157.55,17,0.09,1055,2573,1,0,1,1,0,0.43,1
TXN-000257,87.53,18,0.502,1487,909,3,3,11,0,1,0.477,0
TXN-000258,54.28,14,0.048,70,3484,3,3,5,0,0,0.425,0
TXN-000259,10.06,15,0.285,620,736,1,1,11,0,0,0.559,0
TXN-000260,46.88,23,0.24,30,341,2,3,4,0,0,0.37,0
TXN-000261,19.5,2,0.047,797,3652,2,3,4,0,0,0.31,0
TXN-000262,19.69,11,0.359,250,1503,1,4,5,0,1,0.128,0
TXN-000263,30.41,1,0.316,1332,575,0,2,6,0,0,0.101,0
TXN-000264,327.19,11,0.203,1358,2555,0,2,6,0,0,0.516,0
TXN-000265,110.39,0,0.5,134,2315,1,1,5,0,0,0.072,0
TXN-000266,113.51,11,0.148,1014,2566,1,0,10,0,0,0.535,0
TXN-000267,13.72,8,0.165,640,3988,0,3,6,0,0,0.337,0
TXN-000268,40.43,0,0.202,589,2104,0,1,7,0,0,0.616,0
TXN-000269,32.46,18,0.49,193,2175,1,1,5,0,0,0.187,0
TXN-000270,54.21,12,0.262,902,2821,1,4,7,0,0,0.223,1
TXN-000271,93.16,23,0.513,1383,487,0,7,9,0,0,0.093,0
TXN-000272,35.15,16,0.114,1114,1189,0,1,10,0,1,0.218,0
TXN-000273,45.57,0,0.315,527,1864,0,2,8,0,0,0.61,0
TXN-000274,78.71,5,0.489,461,3757,0,1,9,1,1,0.528,0
TXN-000275,60.8,7,0.275,218,1877,1,0,8,1,0,0.147,0
TXN-000276,90.73,13,0.374,350,1803,2,2,5,0,1,0.122,0
TXN-000277,2.62,3,0.233,467,151,2,2,5,0,0,0.18,0
TXN-000278,15.1,5,0.147,81,958,0,4,7,0,0,0.393,0
TXN-000279,34.63,1,0.215,835,2499,0,1,7,0,0,0.308,0
TXN-000280,14.68,16,0.435,1026,3115,1,4,7,0,0,0.251,0
TXN-000281,13.63,23,0.174,1161,3809,1,3,5,0,0,0.286,0
TXN-000282,3.1,13,0.441,880,3762,0,3,8,0,1,0.391,0
TXN-000283,78.34,10,0.306,884,1027,1,1,11,0,1,0.075,0
TXN-000284,28.99,16,0.61,456,1977,0,5,13,0,0,0.149,0
TXN-000285,15.98,7,0.358,701,3752,2,3,10,0,0,0.153,0
TXN-000286,224.97,12,0.099,1468,922,2,2,9,0,0,0.235,0
TXN-000287,25.31,0,0.269,1363,1507,0,2,8,0,0,0.467,0
TXN-000288,95.59,8,0.326,1442,2088,0,1,10,0,0,0.259,0
TXN-000289,50.91,21,0.412,348,2675,1,3,5,0,0,0.591,0
TXN-000290,75.09,11,0.385,1243,3690,1,2,7,0,0,0.397,0
TXN-000291,5.19,14,0.502,542,1000,0,2,10,0,0,0.404,0
TXN-000292,34.24,11,0.384,264,624,0,2,11,0,0,0.517,0
TXN-000293,25.9,18,0.148,720,3933,2,4,7,0,0,0.223,0
TXN-000294,80.31,16,0.227,775,1352,0,2,7,0,1,0.628,0
TXN-000295,655.25,20,0.591,1236,1014,1,1,2,0,0,0.108,1
TXN-000296,185.63,10,0.227,429,2183,1,2,11,0,0,0.371,0
TXN-000297,146.97,21,0.109,254,3097,3,0,9,0,0,0.176,0
TXN-000298,9.22,16,0.704,406,249,0,0,10,0,0,0.069,0
TXN-000299,50.11,10,0.289,767,565,1,3,7,0,0,0.068,0
TXN-000300,31.8,1,0.563,141,246,0,2,10,1,1,0.496,1
TXN-000301,9.77,20,0.209,968,3982,0,8,11,0,0,0.183,0
TXN-000302,55.79,15,0.151,146,1317,0,2,9,0,0,0.393,0
TXN-000303,110.76,18,0.261,1035,2143,0,6,7,0,1,0.396,0
TXN-000304,56.25,22,0.688,1094,816,0,1,5,0,0,0.105,1
TXN-000305,101.55,9,0.288,1210,1685,0,1,4,1,0,0.487,0
TXN-000306,155.89,15,0.289,864,2299,0,2,7,0,0,0.15,0
TXN-000307,27.72,23,0.367,559,1568,1,3,10,1,0,0.122,0
TXN-000308,285.84,2,0.402,434,1992,3,2,15,0,0,0.522,0
TXN-000309,17.14,15,0.35,768,1282,3,2,4,0,0,0.701,0
TXN-000310,32.39,1,0.086,693,3143,0,1,6,0,0,0.182,0
TXN-000311,38.43,23,0.212,1438,943,0,2,11,0,1,0.417,0
TXN-000312,26.07,11,0.539,1062,1491,1,1,10,0,0,0.445,0
TXN-000313,9.02,17,0.391,1395,1414,0,3,7,0,0,0.083,0
TXN-000314,116.55,20,0.104,1136,1106,2,1,5,1,0,0.374,0
TXN-000315,258.52,14,0.362,110,1356,1,1,7,0,0,0.561,0
TXN-000316,66.84,23,0.491,680,1199,1,1,3,1,1,0.449,0
TXN-000317,45.36,6,0.303,1123,3834,0,0,8,0,1,0.366,1
TXN-000318,27.98,19,0.129,1,770,0,2,11,0,0,0.34,0
TXN-000319,64.03,3,0.468,834,1787,0,1,8,0,1,0.763,1
TXN-000320,72.64,15,0.469,263,1084,2,5,12,0,1,0.584,0
TXN-000321,33.72,14,0.157,170,2868,1,1,8,0,0,0.387,0
TXN-000322,22.13,16,0.277,1403,1810,0,2,17,0,0,0.548,0
TXN-000323,3.15,6,0.19,395,3062,1,4,6,0,0,0.482,0
TXN-000324,39.18,5,0.421,1229,1887,0,4,12,1,0,0.086,0
TXN-000325,165.21,6,0.166,764,2290,3,2,11,1,0,0.217,0
TXN-000326,42.99,3,0.363,454,2583,1,1,8,1,0,0.565,0
TXN-000327,8.65,9,0.12,65,330,0,1,9,0,0,0.137,0
TXN-000328,17.79,18,0.213,686,2170,2,2,7,1,0,0.525,0
TXN-000329,8.17,22,0.341,1485,34,1,0,6,0,0,0.319,0
TXN-000330,5.11,16,0.13,1188,2372,2,2,13,1,1,0.072,0
TXN-000331,183.05,9,0.624,173,2531,1,1,4,0,1,0.695,1
TXN-000332,48.17,15,0.165,1022,161,0,1,5,0,0,0.626,1
TXN-000333,64.29,4,0.285,756,1582,1,5,7,0,0,0.435,0
TXN-000334,4.45,14,0.339,225,1152,1,1,6,0,0,0.438,0
TXN-000335,69.7,11,0.158,767,2974,1,1,4,0,0,0.477,0
TXN-000336,81.31,11,0.187,188,1503,1,2,7,1,0,0.677,1
TXN-000337,141.59,20,0.378,27,3658,1,1,10,0,0,0.3,1
TXN-000338,14.18,8,0.109,875,3387,0,3,7,0,1,0.373,0
TXN-000339,11.23,15,0.316,253,1353,0,2,5,0,0,0.074,0
TXN-000340,145.0,1,0.357,668,2572,0,2,4,0,1,0.374,0
TXN-000341,77.1,16,0.239,277,3031,2,2,3,0,0,0.358,0
TXN-000342,30.03,9,0.105,602,207,0,5,7,0,0,0.31,0
TXN-000343,86.12,4,0.406,1148,3700,2,3,3,0,0,0.411,0
TXN-000344,234.66,1,0.333,389,487,0,3,8,0,0,0.051,0
TXN-000345,54.98,23,0.533,1363,1282,1,1,8,0,1,0.556,1
TXN-000346,68.71,22,0.123,1483,3408,2,6,9,0,1,0.584,0
TXN-000347,103.56,2,0.254,1298,835,0,2,9,0,0,0.388,0
TXN-000348,85.3,3,0.356,44,2719,0,1,8,0,0,0.242,0
TXN-000349,35.12,23,0.194,664,600,4,1,7,0,0,0.198,0
TXN-000350,44.06,17,0.25,113,91,1,0,9,0,0,0.179,0
TXN-000351,6.15,21,0.19,1025,165,1,3,2,0,0,0.377,0
TXN-000352,10.87,8,0.14,912,290,0,1,6,0,1,0.147,0
TXN-000353,545.25,6,0.383,344,1612,0,6,13,0,0,0.31,0
TXN-000354,21.92,23,0.209,491,88,1,0,10,1,0,0.62,0
TXN-000355,7.28,7,0.418,933,1863,1,1,8,0,0,0.397,0
TXN-000356,156.03,13,0.194,192,1081,1,4,8,0,0,0.283,0
TXN-000357,244.44,15,0.479,811,3552,3,2,5,0,0,0.312,1
TXN-000358,10.88,5,0.538,648,870,0,1,3,1,0,0.366,1
TXN-000359,41.83,16,0.3,929,2242,0,3,7,1,0,0.293,0
TXN-000360,32.45,19,0.099,170,800,0,1,6,1,0,0.048,0
TXN-000361,29.71,10,0.145,842,2689,0,0,14,1,0,0.281,0
TXN-000362,17.43,13,0.187,1058,2944,1,1,6,0,0,0.482,0
TXN-000363,17.62,9,0.426,505,1530,0,2,9,0,0,0.356,0
TXN-000364,24.68,23,0.176,193,1624,1,2,5,0,0,0.539,0
TXN-000365,70.3,18,0.603,1207,1905,0,6,13,0,0,0.328,0
TXN-000366,33.43,3,0.118,509,3590,0,4,4,0,0,0.374,0
TXN-000367,50.99,7,0.129,956,2394,1,4,5,1,0,0.289,0
TXN-000368,47.25,14,0.177,61,743,0,0,12,0,0,0.072,0
TXN-000369,33.26,18,0.124,733,1697,0,2,14,0,0,0.519,1
TXN-000370,21.07,15,0.154,1481,599,0,4,6,0,0,0.183,0
TXN-000371,17.16,13,0.391,838,582,0,3,11,0,1,0.456,0
TXN-000372,27.84,9,0.306,1276,3576,1,4,7,0,1,0.361,0
TXN-000373,39.81,21,0.283,1051,263,1,3,11,0,0,0.544,0
TXN-000374,9.65,19,0.484,189,1350,0,3,10,0,0,0.516,1
TXN-000375,18.43,22,0.727,502,1453,1,4,6,0,0,0.21,0
TXN-000376,107.9,15,0.217,919,418,0,4,8,0,0,0.06,0
TXN-000377,17.87,14,0.188,895,240,2,3,7,1,0,0.428,0
TXN-000378,45.71,1,0.513,969,1860,0,2,9,0,1,0.327,0
TXN-000379,9.71,23,0.213,17,3206,0,0,12,0,0,0.102,0
TXN-000380,142.66,12,0.448,1059,594,0,1,12,0,1,0.353,0
TXN-000381,156.3,14,0.375,1013,2001,0,2,9,1,0,0.158,0
TXN-000382,52.31,8,0.193,142,2768,2,3,7,0,0,0.478,0
TXN-000383,45.88,16,0.16,1103,1941,1,3,8,0,0,0.206,0
TXN-000384,64.46,15,0.264,841,2484,1,0,5,0,1,0.405,0
TXN-000385,35.31,2,0.358,1296,3904,0,0,6,0,0,0.493,0
TXN-000386,19.87,4,0.216,49,3003,1,2,6,0,0,0.556,0
TXN-000387,95.93,22,0.311,756,3816,2,3,10,0,0,0.337,0
TXN-000388,19.56,1,0.127,294,3431,0,2,6,0,0,0.327,0
TXN-000389,61.4,20,0.464,1245,1107,0,0,6,0,1,0.541,0
TXN-000390,144.5,18,0.133,372,1485,0,1,5,0,1,0.367,0
TXN-000391,12.25,3,0.286,351,2677,1,3,13,0,0,0.224,0
TXN-000392,34.98,3,0.355,1064,469,2,3,12,0,0,0.435,0
TXN-000393,41.0,8,0.107,355,3310,2,1,14,0,1,0.472,0
TXN-000394,4.68,15,0.478,640,1830,0,1,8,0,0,0.623,0
TXN-000395,24.66,17,0.338,98,2515,0,3,7,0,0,0.668,0
TXN-000396,43.46,18,0.164,817,2087,0,0,7,1,0,0.211,0
TXN-000397,11.12,23,0.258,105,301,0,1,9,0,0,0.627,0
TXN-000398,110.06,8,0.107,214,1903,0,2,10,1,0,0.223,0
TXN-000399,214.65,18,0.315,1111,1755,0,1,6,0,0,0.421,0
TXN-000400,177.71,21,0.244,658,1170,0,2,11,0,0,0.538,0
TXN-000401,325.42,22,0.504,1123,1291,0,1,11,1,0,0.439,0
TXN-000402,30.21,3,0.046,963,1274,2,4,10,0,0,0.038,0
TXN-000403,133.13,22,0.269,181,3812,1,3,12,0,0,0.032,0
TXN-000404,56.86,7,0.29,1441,190,4,5,11,0,1,0.185,1
TXN-000405,11.77,4,0.475,907,1120,0,0,6,0,0,0.268,0
TXN-000406,15.71,8,0.275,318,2565,1,2,9,0,0,0.109,0
TXN-000407,27.09,8,0.388,986,564,1,3,8,0,0,0.36,0
TXN-000408,6.82,3,0.188,1223,968,1,4,6,0,0,0.223,0
TXN-000409,39.54,15,0.158,669,626,0,1,11,0,0,0.238,0
TXN-000410,41.74,18,0.13,1147,1381,0,1,4,0,0,0.066,0
TXN-000411,726.51,14,0.347,856,272,2,2,6,1,0,0.381,1
TXN-000412,54.87,2,0.327,1153,2614,0,3,9,0,0,0.461,0
TXN-000413,161.84,21,0.59,558,1427,1,1,6,0,0,0.5,1
TXN-000414,70.74,20,0.293,740,1206,0,1,4,0,0,0.253,0
TXN-000415,20.36,12,0.296,528,2897,1,2,6,1,0,0.371,0
TXN-000416,15.34,15,0.603,948,3900,2,1,8,0,0,0.207,1
TXN-000417,22.8,6,0.295,89,2875,2,1,13,0,0,0.195,0
TXN-000418,28.93,4,0.193,127,3632,1,3,7,0,1,0.375,0
TXN-000419,129.84,10,0.053,855,2882,1,2,6,0,0,0.769,0
TXN-000420,141.31,0,0.636,248,2764,2,1,14,0,0,0.54,0
TXN-000421,27.33,8,0.133,979,1881,1,1,8,0,0,0.534,0
TXN-000422,31.58,10,0.262,257,953,1,4,2,0,0,0.264,0
TXN-000423,18.2,10,0.065,1347,688,0,3,9,0,0,0.727,0
TXN-000424,33.47,11,0.699,600,3761,0,1,6,1,0,0.307,0
TXN-000425,53.35,11,0.519,109,3662,0,0,9,0,0,0.192,0
TXN-000426,23.25,14,0.329,1061,216,0,3,10,0,0,0.266,0
TXN-000427,46.62,7,0.326,617,319,1,5,9,0,0,0.14,0
TXN-000428,21.36,19,0.279,1229,2721,0,4,10,0,0,0.379,0
TXN-000429,156.23,23,0.424,429,1478,0,1,5,0,1,0.305,0
TXN-000430,50.89,13,0.271,827,2503,2,6,6,0,0,0.354,0
TXN-000431,22.83,18,0.231,286,3160,0,5,8,0,1,0.389,0
TXN-000432,167.91,17,0.274,786,902,0,3,10,0,1,0.486,0
TXN-000433,7.01,11,0.347,37,369,0,1,13,0,0,0.363,0
TXN-000434,35.48,2,0.257,1345,2779,0,2,13,0,0,0.452,0
TXN-000435,190.78,22,0.249,225,1473,0,1,11,0,0,0.15,0
TXN-000436,140.14,19,0.557,320,1650,2,3,11,1,0,0.788,1
TXN-000437,90.54,4,0.104,742,3769,2,2,9,0,0,0.284,0
TXN-000438,38.99,12,0.155,1098,921,0,2,6,0,0,0.653,0
TXN-000439,114.12,5,0.164,381,861,0,2,5,0,0,0.283,0
TXN-000440,84.94,16,0.369,934,112,0,2,8,0,0,0.292,0
TXN-000441,121.46,4,0.16,251,3381,3,3,14,0,0,0.147,0
TXN-000442,14.51,21,0.332,201,2536,3,3,6,0,1,0.179,1
TXN-000443,125.48,8,0.211,1138,3973,2,2,4,0,0,0.231,0
TXN-000444,16.15,22,0.32,787,132,2,1,7,0,0,0.593,0
TXN-000445,11.12,19,0.131,291,2843,2,1,9,0,0,0.264,0
TXN-000446,40.09,5,0.167,586,2509,0,3,13,0,0,0.382,0
TXN-000447,37.63,9,0.177,1257,3718,0,2,6,1,1,0.372,0
TXN-000448,147.31,19,0.448,1498,2008,0,0,13,0,0,0.139,0
TXN-000449,32.65,13,0.063,1187,2168,2,4,14,1,1,0.686,0
TXN-000450,55.98,0,0.224,1269,1127,2,4,6,0,0,0.256,0
TXN-000451,14.59,8,0.338,103,2567,1,4,4,0,0,0.406,0
TXN-000452,11.67,7,0.322,784,3813,2,1,7,0,0,0.548,0
TXN-000453,28.03,14,0.382,30,908,0,2,11,0,1,0.208,0
TXN-000454,72.92,13,0.552,855,1925,1,5,6,0,0,0.135,0
TXN-000455,555.39,18,0.467,239,694,1,2,4,1,0,0.311,0
TXN-000456,13.95,21,0.272,1155,2099,2,2,3,0,0,0.306,0
TXN-000457,251.25,16,0.244,1025,163,3,2,6,0,0,0.23,0
TXN-000458,30.34,18,0.62,453,3077,1,4,11,0,0,0.444,0
TXN-000459,169.23,4,0.139,639,2524,0,2,7,0,0,0.195,0
TXN-000460,9.14,6,0.361,820,1958,0,2,4,1,0,0.404,0
TXN-000461,52.7,2,0.1,487,1469,2,4,5,0,0,0.269,0
TXN-000462,47.5,9,0.395,731,1299,0,1,4,0,0,0.349,0
TXN-000463,25.73,11,0.505,266,1312,1,4,8,0,0,0.28,0
TXN-000464,30.69,22,0.255,851,3495,4,1,5,0,0,0.251,0
TXN-000465,40.41,4,0.278,1343,3801,0,3,4,0,0,0.586,0
TXN-000466,46.08,8,0.119,1262,210,1,2,4,1,0,0.396,0
TXN-000467,6.0,11,0.169,1294,2001,0,3,7,0,0,0.22,0
TXN-000468,11.4,21,0.073,368,36,1,3,5,0,0,0.305,0
TXN-000469,16.6,9,0.098,1429,2199,1,2,6,0,1,0.179,0
TXN-000470,2.5,8,0.173,471,3464,1,1,11,0,1,0.115,0
TXN-000471,10.12,23,0.337,935,944,0,1,7,0,1,0.46,0
TXN-000472,85.27,20,0.49,1100,3867,2,3,10,0,0,0.43,0
TXN-000473,55.07,18,0.193,898,2916,0,4,8,0,0,0.399,0
TXN-000474,15.87,17,0.259,237,1936,3,4,9,1,0,0.508,1
TXN-000475,103.67,4,0.732,978,3763,1,2,14,0,0,0.535,0
TXN-000476,40.11,11,0.418,662,3786,0,2,8,1,0,0.384,0
TXN-000477,15.72,9,0.121,481,738,0,2,9,0,0,0.5,0
TXN-000478,75.66,14,0.313,321,792,1,3,14,0,0,0.135,0
TXN-000479,154.38,19,0.027,464,2530,1,2,7,0,0,0.536,1
TXN-000480,28.31,6,0.205,61,2679,1,2,8,0,0,0.205,0
TXN-000481,84.65,2,0.209,278,3494,0,1,8,0,0,0.686,0
TXN-000482,54.21,7,0.443,1157,202,0,2,9,1,0,0.186,0
TXN-000483,56.02,22,0.089,537,3970,0,2,15,1,0,0.323,0
TXN-000484,11.46,16,0.19,662,2888,0,0,10,0,0,0.597,0
TXN-000485,10.23,7,0.373,1141,1684,0,0,6,0,0,0.317,0
TXN-000486,13.15,5,0.147,854,1669,1,3,8,0,0,0.352,0
TXN-000487,55.33,8,0.069,739,3012,2,6,7,0,1,0.099,0
TXN-000488,37.77,19,0.239,499,2036,0,2,7,0,0,0.072,0
TXN-000489,33.49,3,0.136,12,2562,1,2,10,1,0,0.388,1
TXN-000490,147.68,2,0.031,120,1954,1,4,6,0,1,0.544,0
TXN-000491,188.05,14,0.166,390,3728,2,4,6,0,0,0.646,0
TXN-000492,6.08,8,0.193,797,1065,0,2,9,0,0,0.097,0
TXN-000493,4.71,8,0.212,409,206,3,2,10,0,0,0.24,0
TXN-000494,25.36,16,0.14,546,2455,0,2,13,1,0,0.269,0
TXN-000495,62.82,10,0.184,1132,1214,1,1,12,0,0,0.646,0
TXN-000496,72.3,23,0.559,1264,866,0,1,13,0,0,0.186,0
TXN-000497,30.85,5,0.369,116,360,0,1,5,1,0,0.253,0
TXN-000498,4.78,23,0.301,110,3,0,0,14,1,0,0.098,0
TXN-000499,268.31,5,0.107,371,2757,1,1,9,0,1,0.177,0
TXN-000500,20.13,10,0.164,938,1212,3,3,7,0,0,0.128,0
TXN-000501,57.87,4,0.112,492,1698,2,0,4,0,0,0.104,0
TXN-000502,41.3,18,0.377,304,1930,2,2,9,0,1,0.35,0
TXN-000503,29.02,7,0.116,647,3819,0,0,8,0,0,0.265,0
TXN-000504,123.92,11,0.394,144,216,2,1,7,0,1,0.483,0
TXN-000505,144.03,4,0.157,995,798,2,1,4,1,0,0.366,0
TXN-000506,10.24,11,0.418,1442,44,0,4,6,0,1,0.306,0
TXN-000507,3.05,6,0.313,71,1412,2,6,2,0,0,0.228,0
TXN-000508,20.86,7,0.107,1338,2451,2,2,4,0,0,0.355,0
TXN-000509,57.06,17,0.084,83,3086,0,1,5,0,0,0.391,0
TXN-000510,53.44,12,0.602,1216,671,1,5,8,1,0,0.352,1
TXN-000511,57.9,15,0.122,638,765,0,2,9,0,0,0.17,0
TXN-000512,125.76,22,0.127,1096,973,1,2,7,0,1,0.508,0
TXN-000513,112.8,11,0.547,692,3731,2,3,10,0,0,0.525,0
TXN-000514,25.99,22,0.676,1323,2549,0,3,9,1,0,0.223,0
TXN-000515,10.04,20,0.104,768,3801,0,3,8,0,0,0.174,0
TXN-000516,18.77,22,0.106,143,2633,0,5,13,0,1,0.146,0
TXN-000517,133.62,6,0.277,256,1584,0,3,8,0,0,0.42,0
TXN-000518,19.79,22,0.351,621,3736,1,4,12,1,0,0.279,0
TXN-000519,126.82,10,0.136,715,3890,2,0,12,0,0,0.246,0
TXN-000520,79.75,21,0.389,366,2825,1,0,11,0,0,0.077,0
TXN-000521,356.43,17,0.337,933,2271,2,1,11,0,0,0.455,0
TXN-000522,40.01,21,0.129,1225,402,1,4,9,1,0,0.143,0
TXN-000523,3.91,18,0.228,751,2465,0,4,11,0,0,0.339,0
TXN-000524,305.09,2,0.179,654,2130,2,4,8,0,1,0.05,0
TXN-000525,41.83,9,0.142,874,2847,1,1,8,1,0,0.207,0
TXN-000526,35.7,13,0.214,1181,786,0,0,6,1,0,0.502,0
TXN-000527,170.58,21,0.602,1105,3187,3,1,3,0,0,0.168,0
TXN-000528,28.52,13,0.227,715,245,1,2,9,1,0,0.01,0
TXN-000529,13.83,7,0.217,1301,171,0,2,10,0,0,0.083,0
TXN-000530,28.41,12,0.213,1045,2112,0,3,7,0,0,0.377,0
TXN-000531,72.32,10,0.146,1277,444,1,0,10,0,0,0.019,0
TXN-000532,27.3,20,0.281,1361,2955,1,4,4,0,0,0.604,0
TXN-000533,251.2,8,0.343,258,1445,1,0,10,0,0,0.005,0
TXN-000534,15.27,15,0.059,633,3665,0,1,5,0,1,0.322,0
TXN-000535,18.47,11,0.127,485,2610,1,4,10,0,0,0.34,0
TXN-000536,10.15,11,0.337,517,220,1,2,10,0,0,0.135,1
TXN-000537,275.95,11,0.226,510,3397,2,0,10,0,1,0.172,0
TXN-000538,229.8,21,0.36,1160,2545,1,2,10,0,0,0.55,0
TXN-000539,29.87,3,0.196,1333,1582,0,1,6,0,1,0.245,0
TXN-000540,16.6,1,0.507,343,396,0,1,9,0,1,0.213,0
TXN-000541,6.73,9,0.298,1286,1746,1,4,6,1,0,0.233,0
TXN-000542,173.2,6,0.139,648,267,1,3,6,0,0,0.23,0
TXN-000543,75.79,20,0.175,472,3709,1,7,4,0,0,0.201,0
TXN-000544,77.19,9,0.119,353,1025,0,3,8,1,0,0.359,0
TXN-000545,27.67,12,0.219,295,766,1,3,6,0,0,0.387,0
TXN-000546,136.29,8,0.356,572,3128,0,3,8,0,0,0.572,0
TXN-000547,41.46,18,0.376,1134,1758,1,1,4,0,1,0.116,0
TXN-000548,12.15,14,0.223,1398,658,1,2,8,0,0,0.37,0
TXN-000549,16.16,14,0.551,16,3373,0,1,12,0,0,0.116,0
TXN-000550,52.64,22,0.093,498,3509,1,2,7,0,0,0.066,0
TXN-000551,10.16,22,0.449,482,1190,1,4,8,0,0,0.391,0
TXN-000552,68.62,4,0.149,1326,1930,0,2,8,0,0,0.873,0
TXN-000553,15.51,9,0.273,351,1176,0,3,8,1,0,0.237,0
TXN-000554,24.92,13,0.513,1294,2679,0,6,5,0,0,0.479,0
TXN-000555,23.47,6,0.41,1,1767,0,2,9,0,1,0.602,0
TXN-000556,28.92,18,0.47,533,3018,0,3,9,0,1,0.142,0
TXN-000557,68.15,12,0.086,1188,2580,5,3,10,1,0,0.446,0
TXN-000558,10.57,22,0.207,1440,2938,0,2,8,0,1,0.25,0
TXN-000559,20.45,12,0.13,102,3938,1,2,12,0,0,0.611,0
TXN-000560,9.93,2,0.48,1252,3710,0,3,8,0,0,0.169,0
TXN-000561,23.81,21,0.213,857,2629,1,2,8,0,0,0.451,0
TXN-000562,14.52,7,0.209,937,3395,1,2,5,0,0,0.23,1
TXN-000563,46.06,1,0.435,398,2674,0,3,5,0,0,0.433,0
TXN-000564,63.0,17,0.213,813,2747,1,5,7,1,0,0.08,0
TXN-000565,280.29,12,0.104,1374,657,0,5,4,0,0,0.187,0
TXN-000566,24.72,18,0.043,922,2078,2,4,8,1,1,0.48,0
TXN-000567,154.17,14,0.376,1004,2196,0,8,11,0,0,0.076,0
TXN-000568,23.08,11,0.1,115,3651,0,1,4,0,0,0.614,0
TXN-000569,20.25,6,0.563,345,1470,0,1,10,0,0,0.222,0
TXN-000570,75.44,10,0.339,1341,137,1,4,3,1,0,0.188,0
TXN-000571,111.63,3,0.305,25,1474,0,1,10,0,1,0.313,1
TXN-000572,120.52,6,0.099,677,89,0,3,8,0,1,0.402,0
TXN-000573,67.45,15,0.275,1139,2986,0,1,10,0,0,0.33,1
TXN-000574,46.74,8,0.397,54,1398,1,1,6,0,0,0.255,0
TXN-000575,237.49,15,0.04,726,1393,0,2,3,0,0,0.316,0
TXN-000576,24.71,14,0.251,1336,3431,0,3,7,0,0,0.495,0
TXN-000577,17.0,17,0.044,775,1878,2,2,9,0,0,0.336,0
TXN-000578,21.14,5,0.085,1268,3695,0,2,8,0,0,0.175,0
TXN-000579,10.93,1,0.228,579,2853,1,4,10,0,0,0.316,0
TXN-000580,20.3,10,0.467,593,1395,1,2,10,1,0,0.496,0
TXN-000581,198.63,3,0.026,848,3076,0,1,3,1,0,0.366,0
TXN-000582,7.86,19,0.354,121,3310,3,4,8,0,0,0.485,0
TXN-000583,233.63,16,0.272,1430,3806,0,1,6,0,0,0.366,1
TXN-000584,8.45,22,0.343,1150,3817,2,2,10,0,1,0.386,0
TXN-000585,117.75,11,0.187,751,860,0,4,11,0,0,0.812,0
TXN-000586,2.57,5,0.234,67,347,0,1,10,0,0,0.319,0
TXN-000587,232.41,6,0.194,695,1582,2,0,9,0,0,0.463,0
TXN-000588,20.05,0,0.296,1255,1968,2,0,9,0,0,0.268,0
TXN-000589,48.96,21,0.185,353,2864,1,2,13,0,0,0.638,0
TXN-000590,37.08,4,0.107,396,36,0,2,9,0,1,0.316,0
TXN-000591,28.48,17,0.41,1306,3474,0,1,12,0,0,0.393,0
TXN-000592,190.14,23,0.284,592,3842,0,3,6,0,0,0.205,0
TXN-000593,118.03,11,0.121,829,2966,2,2,9,0,0,0.163,0
TXN-000594,38.06,8,0.164,1209,2360,2,7,10,1,0,0.164,0
TXN-000595,64.82,6,0.161,191,3390,0,1,9,0,0,0.277,0
TXN-000596,104.64,4,0.065,478,2987,0,4,10,0,0,0.45,0
TXN-000597,29.77,3,0.643,111,3966,0,1,14,0,0,0.208,0
TXN-000598,95.75,8,0.422,702,1645,0,3,9,1,0,0.435,0
TXN-000599,117.15,11,0.173,1352,1701,1,8,9,0,0,0.108,0
TXN-000600,22.2,2,0.66,193,2521,0,4,15,0,0,0.744,0
TXN-000601,12.67,1,0.422,593,641,0,5,9,0,0,0.493,0
TXN-000602,56.79,19,0.269,257,2997,0,2,5,0,0,0.25,0
TXN-000603,16.49,19,0.267,617,1771,0,4,13,1,0,0.229,0
TXN-000604,62.35,19,0.346,310,1403,0,3,3,0,0,0.638,0
TXN-000605,30.56,6,0.129,144,3615,0,1,9,0,0,0.294,0
TXN-000606,111.56,3,0.038,597,2543,2,2,10,1,0,0.246,0
TXN-000607,101.18,7,0.167,348,3511,0,2,11,0,0,0.367,0
TXN-000608,336.55,2,0.292,886,3337,1,2,9,0,1,0.513,0
TXN-000609,143.06,5,0.543,531,3678,0,0,8,0,0,0.759,0
TXN-000610,69.2,6,0.671,209,2709,1,4,10,1,0,0.302,0
TXN-000611,21.92,15,0.171,237,2818,0,2,7,0,0,0.594,0
TXN-000612,14.59,15,0.281,1264,2201,0,2,5,0,1,0.664,0
TXN-000613,69.02,6,0.164,1475,3574,2,1,2,0,0,0.509,0
TXN-000614,152.83,14,0.162,453,1706,0,1,13,0,1,0.345,1
TXN-000615,99.1,8,0.178,313,1387,0,2,7,0,1,0.211,0
TXN-000616,35.52,0,0.172,101,2,1,3,10,1,0,0.447,0
TXN-000617,23.16,18,0.364,884,1393,0,2,8,0,0,0.903,0
TXN-000618,130.0,1,0.536,552,775,0,2,10,1,0,0.335,1
TXN-000619,52.5,17,0.331,496,2337,1,2,9,0,0,0.4,0
TXN-000620,6.76,16,0.28,600,3255,2,0,7,1,0,0.111,0
TXN-000621,191.04,16,0.605,22,2586,0,7,10,0,0,0.11,0
TXN-000622,4.37,21,0.348,1409,3266,2,3,8,0,1,0.282,0
TXN-000623,18.55,6,0.194,1271,3627,3,1,7,0,0,0.638,0
TXN-000624,26.93,13,0.413,526,2062,0,1,14,0,0,0.34,0
TXN-000625,74.42,17,0.107,167,459,2,2,12,0,0,0.17,0
TXN-000626,23.55,15,0.034,607,3434,0,2,8,0,0,0.366,0
TXN-000627,20.23,11,0.419,1309,2156,3,2,6,1,1,0.564,1
TXN-000628,39.22,19,0.068,1217,131,1,7,10,0,0,0.728,0
TXN-000629,127.91,10,0.182,126,1417,0,2,6,0,0,0.427,0
TXN-000630,28.98,9,0.246,681,113,0,2,6,0,0,0.77,0
TXN-000631,337.43,12,0.131,1483,930,0,6,8,0,1,0.257,0
TXN-000632,53.11,7,0.181,50,2244,1,3,9,0,0,0.019,0
TXN-000633,24.58,8,0.278,1038,1842,0,0,3,0,0,0.655,0
TXN-000634,26.38,19,0.187,847,3303,1,2,9,0,0,0.382,0
TXN-000635,20.76,3,0.397,1292,3489,0,1,14,0,0,0.008,0
TXN-000636,78.92,20,0.445,148,2100,1,1,10,0,0,0.328,0
TXN-000637,30.29,12,0.151,778,1910,0,3,5,0,0,0.388,0
TXN-000638,34.38,1,0.425,208,3933,1,2,8,1,1,0.178,0
TXN-000639,21.45,23,0.183,1258,3418,0,4,14,0,0,0.662,0
TXN-000640,250.55,20,0.303,941,2,0,3,9,0,1,0.209,0
TXN-000641,5.98,9,0.288,1265,1097,0,0,8,0,0,0.477,0
TXN-000642,28.85,11,0.183,1008,1252,0,0,9,0,0,0.639,0
TXN-000643,59.72,2,0.472,654,370,1,1,4,0,0,0.153,1
TXN-000644,55.8,2,0.546,956,1952,2,1,12,0,0,0.551,0
TXN-000645,42.16,12,0.243,1208,1254,1,6,5,0,0,0.587,1
TXN-000646,86.33,11,0.346,609,1088,1,1,7,0,0,0.428,0
TXN-000647,52.14,15,0.244,166,3146,1,4,10,0,0,0.836,0
TXN-000648,33.12,18,0.268,698,3252,2,4,8,0,1,0.775,1
TXN-000649,14.3,17,0.196,569,3422,1,7,6,0,0,0.336,0
TXN-000650,56.77,13,0.414,958,3301,1,2,5,0,0,0.185,0
TXN-000651,13.53,6,0.124,68,3142,0,4,4,0,0,0.719,0
TXN-000652,5.32,0,0.087,996,3889,0,1,6,0,0,0.034,0
TXN-000653,106.44,6,0.29,1323,1032,0,2,9,0,0,0.553,0
TXN-000654,31.02,15,0.292,1275,411,1,1,4,1,0,0.291,0
TXN-000655,24.79,18,0.332,1161,1555,0,3,4,0,0,0.134,0
TXN-000656,33.22,21,0.279,579,131,0,0,7,0,0,0.187,0
TXN-000657,35.21,19,0.152,987,434,1,5,12,0,0,0.081,0
TXN-000658,29.33,21,0.3,1050,2943,1,7,5,0,1,0.743,0
TXN-000659,33.61,14,0.241,346,878,1,3,4,0,1,0.519,0
TXN-000660,51.58,20,0.156,1318,1641,1,0,10,0,0,0.259,0
TXN-000661,35.47,14,0.031,1060,3669,1,1,11,0,0,0.29,0
TXN-000662,68.98,5,0.04,832,3738,0,1,3,0,0,0.338,0
TXN-000663,494.42,7,0.112,491,3623,1,3,6,0,0,0.422,0
TXN-000664,109.84,12,0.207,118,3559,0,1,11,0,0,0.213,0
TXN-000665,65.65,1,0.101,286,3078,1,3,10,0,1,0.612,1
TXN-000666,45.22,16,0.251,1394,254,1,3,0,1,0,0.249,0
TXN-000667,59.54,8,0.45,252,3668,0,3,8,1,0,0.372,0
TXN-000668,90.88,20,0.237,1263,2008,0,1,3,0,0,0.139,0
TXN-000669,64.17,4,0.07,960,1167,0,5,2,0,0,0.171,0
TXN-000670,133.61,7,0.411,92,553,1,1,9,0,1,0.107,0
TXN-000671,121.25,5,0.118,1082,12,3,2,8,0,0,0.343,0
TXN-000672,33.48,10,0.454,471,1270,0,3,9,0,0,0.356,0
TXN-000673,25.41,1,0.453,419,74,1,4,9,0,1,0.299,0
TXN-000674,66.96,8,0.08,1117,791,0,1,19,0,0,0.203,0
TXN-000675,218.89,9,0.199,14,2760,1,3,8,0,0,0.472,0
TXN-000676,13.79,7,0.145,130,2123,0,0,8,0,0,0.173,0
TXN-000677,64.0,1,0.653,473,3292,0,1,6,0,0,0.279,0
TXN-000678,38.53,7,0.362,739,308,0,4,12,0,0,0.527,0
TXN-000679,34.98,12,0.042,369,78,1,0,6,0,0,0.196,0
TXN-000680,32.53,20,0.121,553,3296,1,2,8,1,0,0.432,0
TXN-000681,194.87,1,0.317,1356,2081,3,1,7,0,1,0.077,0
TXN-000682,119.58,1,0.245,1172,810,0,2,8,0,0,0.162,0
TXN-000683,47.56,10,0.29,371,3385,2,3,7,0,0,0.191,1
TXN-000684,24.38,0,0.232,1242,2705,0,2,5,0,0,0.331,0
TXN-000685,102.85,7,0.388,1327,1032,1,1,4,1,1,0.051,0
TXN-000686,58.27,15,0.166,135,2110,0,2,4,0,1,0.187,0
TXN-000687,26.44,19,0.252,757,1442,0,1,11,0,1,0.453,0
TXN-000688,26.95,22,0.308,590,2861,0,2,9,0,1,0.615,1
TXN-000689,52.98,7,0.066,385,2742,2,5,11,0,0,0.455,0
TXN-000690,7.73,11,0.286,289,1045,0,0,9,0,0,0.568,0
TXN-000691,34.98,18,0.132,151,2368,0,3,6,0,1,0.398,0
TXN-000692,30.67,14,0.218,720,2693,0,1,12,1,0,0.433,0
TXN-000693,23.05,17,0.12,851,335,0,3,5,0,1,0.377,0
TXN-000694,81.74,15,0.042,1218,356,2,3,5,0,1,0.352,0
TXN-000695,18.96,5,0.52,1001,2848,1,3,4,0,0,0.124,0
TXN-000696,51.4,23,0.435,332,3683,1,3,4,0,0,0.495,0
TXN-000697,27.48,17,0.161,427,3978,0,0,7,0,0,0.073,0
TXN-000698,27.35,20,0.119,580,1583,0,3,9,0,0,0.341,0
TXN-000699,24.8,12,0.342,625,2602,0,0,4,0,0,0.507,0
TXN-000700,709.44,4,0.41,2,3295,0,0,4,0,0,0.104,0
TXN-000701,44.83,20,0.123,603,3953,0,4,7,0,0,0.317,0
TXN-000702,17.62,22,0.049,37,321,1,5,7,0,0,0.623,0
TXN-000703,8.11,10,0.511,1137,3733,0,1,5,0,0,0.159,0
TXN-000704,9.21,10,0.109,1400,1851,1,1,5,0,0,0.275,0
TXN-000705,15.06,19,0.155,275,870,0,1,10,0,0,0.356,0
TXN-000706,24.95,21,0.175,537,1477,2,4,9,0,0,0.173,0
TXN-000707,33.1,2,0.452,931,1703,1,4,10,0,0,0.199,0
TXN-000708,115.9,20,0.463,298,974,1,1,8,0,0,0.393,0
TXN-000709,25.0,21,0.272,453,3057,1,2,5,0,0,0.37,0
TXN-000710,58.95,21,0.391,409,706,1,5,6,0,1,0.49,0
TXN-000711,39.23,11,0.262,935,2070,1,4,9,0,0,0.609,1
TXN-000712,74.22,19,0.454,550,1961,1,2,9,0,0,0.337,0
TXN-000713,67.12,11,0.198,213,2299,0,3,7,0,0,0.166,0
TXN-000714,41.73,1,0.373,892,1929,2,2,4,0,0,0.136,0
TXN-000715,36.53,5,0.472,620,3670,2,3,8,1,1,0.21,0
TXN-000716,289.44,5,0.078,27,1553,2,3,10,0,0,0.458,0
TXN-000717,45.07,0,0.252,354,1468,3,3,6,0,0,0.131,0
TXN-000718,12.89,1,0.355,1239,2435,3,1,7,0,0,0.265,0
TXN-000719,22.58,6,0.332,803,143,2,3,11,0,0,0.44,0
TXN-000720,7.58,8,0.311,164,3236,0,0,7,0,0,0.533,0
TXN-000721,21.14,20,0.406,21,1217,0,2,12,0,0,0.465,0
TXN-000722,9.3,23,0.506,206,2641,2,0,10,0,0,0.218,0
TXN-000723,112.89,6,0.109,289,1615,1,2,7,0,1,0.42,0
TXN-000724,381.03,19,0.124,139,2291,2,4,8,0,0,0.54,0
TXN-000725,53.35,3,0.434,329,3762,0,1,4,0,0,0.261,0
TXN-000726,18.82,12,0.381,776,3362,2,4,9,0,0,0.413,0
TXN-000727,19.17,16,0.238,897,960,0,5,6,0,0,0.377,0
TXN-000728,11.24,7,0.089,258,1763,3,2,9,0,1,0.32,1
TXN-000729,10.02,22,0.595,1023,3323,2,5,3,0,1,0.289,0
TXN-000730,31.41,10,0.153,1224,864,1,2,5,0,1,0.211,0
TXN-000731,112.01,19,0.299,516,2092,0,2,4,1,0,0.16,0
TXN-000732,27.1,2,0.198,1156,3465,1,0,8,0,1,0.084,0
TXN-000733,6.84,22,0.381,1015,2023,1,2,9,0,0,0.182,0
TXN-000734,335.91,21,0.501,110,3225,0,0,8,1,0,0.502,0
TXN-000735,6.04,2,0.092,700,104,1,8,3,0,0,0.132,0
TXN-000736,74.45,16,0.278,683,965,1,2,8,0,0,0.424,0
TXN-000737,274.95,9,0.126,1067,417,0,4,9,0,1,0.231,0
TXN-000738,134.56,0,0.513,1370,297,0,1,9,0,0,0.586,0
TXN-000739,89.27,20,0.293,1208,588,0,1,15,0,1,0.146,0
TXN-000740,5.6,16,0.4,1226,2803,1,1,6,0,0,0.295,0
TXN-000741,91.73,15,0.403,77,3257,1,2,9,0,0,0.672,0
TXN-000742,19.8,4,0.06,497,2342,2,1,6,0,1,0.101,0
TXN-000743,39.65,14,0.399,712,1774,0,0,13,0,0,0.401,0
TXN-000744,9.51,18,0.096,174,252,1,2,11,0,0,0.587,1
TXN-000745,11.58,5,0.223,1454,226,1,1,8,0,0,0.383,0
TXN-000746,14.62,21,0.204,956,3468,1,2,7,0,1,0.333,0
TXN-000747,275.41,12,0.146,366,2926,1,5,7,0,0,0.235,0
TXN-000748,16.35,17,0.205,615,186,0,0,11,0,0,0.476,0
TXN-000749,10.14,18,0.353,1483,872,0,0,4,1,1,0.043,1
TXN-000750,3.63,10,0.233,103,3471,1,1,6,0,0,0.393,0
TXN-000751,250.01,13,0.473,706,3234,1,1,9,0,0,0.452,0
TXN-000752,79.63,0,0.428,1420,3960,2,1,6,0,0,0.351,0
TXN-000753,23.53,18,0.545,688,3170,1,3,12,0,1,0.357,1
TXN-000754,3.49,12,0.407,923,965,0,3,7,0,0,0.449,0
TXN-000755,13.74,6,0.229,1062,2329,2,4,9,1,1,0.502,0
TXN-000756,18.28,12,0.362,1193,1968,2,4,3,0,0,0.14,0
TXN-000757,312.97,15,0.282,63,3061,0,0,8,0,1,0.273,0
TXN-000758,16.62,19,0.431,992,3728,0,0,10,0,0,0.505,0
TXN-000759,78.22,19,0.247,1027,3223,1,5,8,0,1,0.068,0
TXN-000760,7.21,20,0.089,1073,864,0,0,10,1,0,0.194,0
TXN-000761,28.37,13,0.445,348,1814,0,0,6,0,0,0.355,0
TXN-000762,112.58,12,0.329,436,2937,0,5,11,0,0,0.078,0
TXN-000763,21.67,18,0.267,114,3265,1,2,6,0,0,0.132,0
TXN-000764,9.72,5,0.315,1227,3796,2,4,7,1,0,0.32,0
TXN-000765,86.33,11,0.459,469,3875,4,7,8,0,0,0.397,0
TXN-000766,73.07,2,0.462,814,3280,1,1,10,0,0,0.226,0
TXN-000767,54.57,14,0.209,896,3334,0,3,12,0,1,0.785,0
TXN-000768,124.91,0,0.378,10,3165,2,6,10,0,0,0.526,1
TXN-000769,25.23,11,0.479,671,557,1,3,9,1,0,0.359,1
TXN-000770,59.06,22,0.574,288,2243,3,1,6,1,0,0.088,1
TXN-000771,13.13,6,0.237,925,3576,2,2,9,0,0,0.756,0
TXN-000772,31.07,1,0.247,1440,1117,0,0,8,0,0,0.154,0
TXN-000773,43.29,2,0.554,1095,329,0,1,3,1,0,0.176,0
TXN-000774,4.59,19,0.528,1027,71,0,2,7,0,0,0.443,0
TXN-000775,22.14,14,0.102,320,958,3,1,6,0,1,0.272,0
TXN-000776,81.99,19,0.387,709,2449,0,2,8,0,0,0.453,0
TXN-000777,8.19,6,0.225,720,3591,0,0,8,0,0,0.067,0
TXN-000778,19.8,12,0.319,1279,1042,0,2,5,0,0,0.53,0
TXN-000779,45.11,15,0.226,648,534,1,3,5,0,0,0.437,0
TXN-000780,843.4,8,0.396,523,3769,0,1,6,0,0,0.196,0
TXN-000781,107.91,21,0.057,702,425,0,2,15,0,1,0.392,0
TXN-000782,23.42,8,0.161,814,2033,0,1,15,1,0,0.193,0
TXN-000783,8.4,23,0.201,1252,3394,0,3,8,0,0,0.231,0
TXN-000784,28.21,20,0.085,485,493,1,0,10,0,0,0.458,0
TXN-000785,41.77,17,0.392,653,3883,0,1,3,1,1,0.21,0
TXN-000786,121.27,23,0.427,945,2073,1,3,5,0,1,0.164,0
TXN-000787,23.76,15,0.35,877,1861,1,4,8,1,1,0.13,0
TXN-000788,93.86,22,0.375,962,2315,1,2,4,1,0,0.247,0
TXN-000789,122.6,9,0.423,683,2303,1,4,10,0,0,0.291,1
TXN-000790,31.85,6,0.112,85,394,2,2,9,1,0,0.285,0
TXN-000791,88.48,1,0.17,762,887,0,4,6,0,0,0.127,0
TXN-000792,28.01,1,0.356,982,3948,0,2,4,0,0,0.257,0
TXN-000793,41.58,18,0.235,982,466,1,2,11,0,0,0.093,0
TXN-000794,8.84,7,0.275,693,3753,0,1,6,0,1,0.109,0
TXN-000795,42.36,12,0.493,1292,3879,2,2,10,1,0,0.089,0
TXN-000796,95.62,11,0.146,753,3779,1,4,6,1,0,0.296,1
TXN-000797,72.42,23,0.33,212,2683,1,1,4,0,0,0.566,0
TXN-000798,31.76,10,0.417,641,2527,1,0,10,1,1,0.206,0
TXN-000799,111.15,3,0.405,418,938,0,0,6,0,0,0.263,0
TXN-000800,22.4,2,0.173,629,2611,1,1,12,0,0,0.366,0
TXN-000801,32.11,0,0.097,450,3440,1,2,11,0,0,0.104,0
TXN-000802,10.33,7,0.175,320,2388,1,1,9,0,0,0.336,0
TXN-000803,79.98,21,0.029,111,3173,1,0,10,0,0,0.32,0
TXN-000804,26.27,4,0.342,625,2057,0,1,6,0,0,0.312,0
TXN-000805,51.14,23,0.428,22,3036,1,2,4,0,0,0.122,0
TXN-000806,49.08,19,0.051,348,3869,0,4,9,0,0,0.613,0
TXN-000807,40.26,14,0.316,317,2575,2,4,4,0,0,0.423,0
TXN-000808,55.07,20,0.703,496,3333,0,1,8,0,0,0.246,0
TXN-000809,85.64,0,0.245,865,2059,1,3,8,0,0,0.017,0
TXN-000810,37.07,12,0.126,1341,624,0,0,12,0,1,0.24,0
TXN-000811,70.46,11,0.272,912,452,0,3,10,1,0,0.291,0
TXN-000812,48.16,10,0.198,1310,1959,0,2,11,0,0,0.399,0
TXN-000813,72.51,22,0.303,420,2052,1,0,3,1,0,0.493,0
TXN-000814,31.68,10,0.338,1083,2596,1,1,5,0,0,0.309,0
TXN-000815,114.56,7,0.397,641,2839,1,5,10,0,0,0.18,0
TXN-000816,75.89,12,0.264,536,3932,1,2,8,1,0,0.507,0
TXN-000817,17.4,14,0.267,698,857,1,3,3,0,0,0.407,0
TXN-000818,34.38,1,0.235,1339,768,1,5,7,0,0,0.591,0
TXN-000819,19.14,15,0.158,1255,696,3,2,7,0,0,0.338,0
TXN-000820,6.75,13,0.368,712,299,0,1,13,0,1,0.279,1
TXN-000821,32.71,12,0.25,279,3503,1,3,7,0,0,0.397,0
TXN-000822,152.95,23,0.456,1005,776,1,5,13,0,0,0.441,1
TXN-000823,80.09,10,0.16,101,2939,1,0,9,1,0,0.261,0
TXN-000824,40.09,2,0.085,1492,533,0,2,5,0,0,0.17,0
TXN-000825,62.16,9,0.049,179,3865,2,2,4,0,0,0.467,0
TXN-000826,78.45,22,0.153,76,2729,0,0,6,0,0,0.264,0
TXN-000827,137.48,13,0.174,642,1374,1,1,11,0,1,0.476,0
TXN-000828,93.9,23,0.099,798,1040,1,4,11,0,0,0.096,0
TXN-000829,341.43,19,0.384,1386,68,1,5,10,0,0,0.337,0
TXN-000830,128.93,3,0.178,1159,524,0,2,15,0,0,0.524,0
TXN-000831,7.11,1,0.651,892,203,1,1,10,0,0,0.21,0
TXN-000832,46.25,2,0.546,434,1384,1,1,3,0,0,0.247,0
TXN-000833,114.44,14,0.274,546,2295,0,3,13,1,1,0.341,0
TXN-000834,33.11,3,0.193,578,3612,1,0,8,0,1,0.361,0
TXN-000835,8.5,8,0.478,1460,2812,0,2,7,0,0,0.261,1
TXN-000836,42.54,19,0.276,230,3480,1,0,10,1,0,0.276,0
TXN-000837,21.95,12,0.138,247,397,1,1,11,0,1,0.348,0
TXN-000838,4.34,14,0.235,812,1192,0,2,16,0,0,0.208,0
TXN-000839,35.68,10,0.33,346,766,2,1,6,0,0,0.351,1
TXN-000840,119.49,2,0.534,169,1044,0,3,7,1,0,0.538,0
TXN-000841,82.72,19,0.22,300,3234,0,2,7,0,0,0.244,0
TXN-000842,82.07,19,0.129,285,3797,0,1,3,0,0,0.601,0
TXN-000843,48.06,14,0.582,624,1986,1,1,5,0,0,0.2,0
TXN-000844,13.98,7,0.083,889,1164,1,2,11,0,0,0.368,0
TXN-000845,139.23,15,0.391,323,2242,0,4,5,0,0,0.2,0
TXN-000846,32.34,5,0.123,939,2472,1,2,11,0,0,0.582,0
TXN-000847,22.09,3,0.162,701,941,0,1,8,0,1,0.285,0
TXN-000848,48.73,21,0.156,1097,3505,2,3,6,0,1,0.124,0
TXN-000849,229.99,9,0.45,1449,1990,2,5,7,0,1,0.365,1
TXN-000850,67.56,1,0.29,1247,2087,0,1,7,1,0,0.158,1
TXN-000851,57.8,5,0.386,1199,2506,1,3,6,1,0,0.361,0
TXN-000852,16.34,0,0.154,1063,3997,0,2,11,1,0,0.542,0
TXN-000853,287.24,21,0.215,870,3278,0,0,7,0,0,0.284,0
TXN-000854,100.32,13,0.39,1155,958,1,4,5,0,0,0.404,0
TXN-000855,209.65,10,0.207,621,1631,1,0,5,0,0,0.13,0
TXN-000856,257.7,19,0.083,596,3090,0,2,7,0,1,0.261,0
TXN-000857,12.37,23,0.25,899,3143,1,2,8,0,0,0.523,0
TXN-000858,99.3,17,0.255,230,2928,0,3,10,0,0,0.192,0
TXN-000859,90.01,14,0.273,865,3749,0,1,8,0,0,0.41,0
TXN-000860,6.63,18,0.456,1091,1196,1,1,10,0,0,0.337,0
TXN-000861,58.25,0,0.205,366,1090,1,3,4,0,0,0.148,0
TXN-000862,25.71,5,0.49,179,3043,0,4,5,1,0,0.494,0
TXN-000863,5.53,4,0.169,1218,2317,2,1,8,1,0,0.339,0
TXN-000864,90.0,21,0.309,538,3324,2,3,3,0,0,0.193,0
TXN-000865,33.23,3,0.211,1374,1850,7,1,6,1,0,0.539,1
TXN-000866,38.18,19,0.39,159,2333,0,3,5,0,0,0.432,0
TXN-000867,86.49,5,0.539,1351,3885,1,3,11,0,0,0.537,0
TXN-000868,43.92,13,0.204,447,2620,1,3,6,0,0,0.173,0
TXN-000869,63.54,19,0.243,525,1690,2,1,4,1,0,0.38,0
TXN-000870,11.6,16,0.261,723,3083,2,2,8,0,0,0.297,0
TXN-000871,89.39,12,0.124,427,467,0,2,8,0,1,0.234,1
TXN-000872,28.2,17,0.35,1010,2834,1,1,8,0,0,0.208,0
TXN-000873,14.52,20,0.087,1020,1622,1,3,10,0,0,0.7,0
TXN-000874,28.16,7,0.255,1058,3910,0,2,8,0,0,0.182,0
TXN-000875,86.03,3,0.216,925,2018,0,0,7,0,0,0.406,0
TXN-000876,9.38,1,0.168,1134,3788,0,3,7,0,1,0.568,0
TXN-000877,80.22,15,0.053,757,3482,1,2,7,1,0,0.219,0
TXN-000878,27.64,23,0.078,827,822,0,3,5,0,0,0.311,0
TXN-000879,263.7,3,0.18,1134,2644,3,2,9,0,1,0.172,0
TXN-000880,83.86,19,0.291,1248,386,1,2,8,0,0,0.166,0
TXN-000881,56.2,9,0.117,1258,3742,0,0,8,0,0,0.302,0
TXN-000882,91.85,18,0.317,750,1782,2,1,7,0,1,0.366,0
TXN-000883,24.02,8,0.332,33,2676,0,6,10,1,0,0.335,0
TXN-000884,65.25,5,0.391,143,1875,1,0,5,0,1,0.713,0
TXN-000885,33.33,15,0.047,173,319,1,2,7,0,0,0.727,0
TXN-000886,23.22,3,0.31,1471,180,1,1,5,0,1,0.254,0
TXN-000887,52.37,14,0.532,91,1667,0,1,12,0,0,0.583,0
TXN-000888,35.72,13,0.399,309,1623,1,2,8,0,0,0.321,0
TXN-000889,156.58,16,0.285,467,600,2,1,10,0,0,0.376,0
TXN-000890,55.37,7,0.178,936,3134,0,1,9,0,1,0.249,0
TXN-000891,57.12,7,0.088,149,1612,1,3,6,0,0,0.117,0
TXN-000892,34.17,15,0.219,631,946,1,4,3,0,0,0.476,0
TXN-000893,147.37,10,0.084,1035,1184,1,1,7,0,0,0.4,0
TXN-000894,6.25,7,0.263,368,380,1,3,9,0,1,0.072,0
TXN-000895,6.31,9,0.55,1107,517,2,1,9,0,0,0.247,0
TXN-000896,12.37,10,0.281,769,2398,2,2,10,0,0,0.386,0
TXN-000897,41.23,11,0.12,293,3395,1,2,10,0,0,0.205,0
TXN-000898,5.56,15,0.091,1287,2420,1,3,8,0,0,0.607,0
TXN-000899,13.97,4,0.197,1422,1426,2,4,9,0,0,0.368,0
TXN-000900,80.3,5,0.21,684,3670,1,2,8,0,0,0.474,0
TXN-000901,69.2,11,0.109,630,199,1,0,8,0,0,0.242,0
TXN-000902,9.3,3,0.336,83,3123,0,6,12,0,0,0.372,0
TXN-000903,81.61,14,0.535,575,3477,0,1,9,0,0,0.386,0
TXN-000904,190.61,23,0.087,700,600,1,4,11,1,1,0.553,0
TXN-000905,349.31,12,0.286,948,1986,0,1,9,0,0,0.197,0
TXN-000906,48.3,5,0.42,592,2592,0,4,10,0,0,0.34,0
TXN-000907,54.41,3,0.166,898,1016,2,4,11,0,0,0.416,0
TXN-000908,36.59,11,0.455,1277,1263,0,0,7,0,0,0.19,0
TXN-000909,222.16,15,0.382,848,2546,0,3,5,0,0,0.229,1
TXN-000910,68.72,6,0.291,1365,1977,2,3,8,0,1,0.426,0
TXN-000911,15.79,21,0.142,262,2493,3,1,5,0,0,0.142,0
TXN-000912,94.36,10,0.156,1195,2800,1,0,7,0,0,0.351,0
TXN-000913,21.9,2,0.274,51,1436,0,3,4,1,0,0.201,0
TXN-000914,73.51,11,0.077,786,3484,0,2,4,0,1,0.464,0
TXN-000915,11.28,8,0.235,1193,3020,0,1,6,1,0,0.484,0
TXN-000916,36.1,7,0.481,464,2376,1,5,6,0,0,0.315,0
TXN-000917,466.98,23,0.085,979,439,0,4,6,0,0,0.049,0
TXN-000918,12.22,16,0.074,1127,3079,0,1,9,0,0,0.201,0
TXN-000919,51.32,8,0.125,506,1158,1,2,6,0,1,0.173,0
TXN-000920,130.34,22,0.102,729,3403,0,4,9,0,0,0.14,0
TXN-000921,32.04,10,0.407,228,1952,2,2,8,0,0,0.446,0
TXN-000922,119.42,14,0.4,1402,3685,0,4,6,0,0,0.188,0
TXN-000923,65.03,17,0.476,1295,3661,0,4,10,0,0,0.602,0
TXN-000924,21.91,8,0.455,641,1159,0,6,4,0,0,0.322,0
TXN-000925,18.36,9,0.34,69,2141,1,3,8,1,1,0.357,0
TXN-000926,49.6,13,0.205,212,2484,1,1,8,0,0,0.398,0
TXN-000927,6.74,23,0.315,893,1393,1,4,9,0,1,0.456,0
TXN-000928,11.22,1,0.235,1159,2837,0,1,10,0,1,0.055,0
TXN-000929,49.3,1,0.276,728,332,0,5,7,0,0,0.034,0
TXN-000930,11.93,15,0.185,554,3098,0,3,7,0,1,0.774,0
TXN-000931,31.46,8,0.227,646,1226,1,4,5,1,0,0.048,0
TXN-000932,11.97,23,0.196,34,810,2,1,6,0,0,0.281,1
TXN-000933,141.59,17,0.017,739,2167,0,1,8,0,0,0.258,0
TXN-000934,99.74,16,0.363,310,1064,1,4,4,0,0,0.14,1
TXN-000935,63.57,6,0.453,443,3461,1,0,11,0,0,0.897,0
TXN-000936,48.95,0,0.449,371,295,0,3,5,0,0,0.201,0
TXN-000937,23.69,12,0.156,1396,1433,0,2,9,0,1,0.376,0
TXN-000938,12.67,19,0.413,51,2267,0,3,12,1,0,0.261,0
TXN-000939,340.02,17,0.46,361,2271,1,4,9,0,0,0.598,0
TXN-000940,75.12,7,0.539,506,525,2,1,14,0,0,0.663,0
TXN-000941,34.39,13,0.302,262,2649,0,0,7,0,0,0.149,0
TXN-000942,63.24,16,0.165,188,2440,1,0,7,0,0,0.15,0
TXN-000943,105.78,23,0.451,1246,556,0,2,8,0,0,0.306,0
TXN-000944,150.53,11,0.449,242,2216,1,2,8,0,0,0.312,0
TXN-000945,219.35,0,0.152,1174,1152,2,2,9,0,0,0.325,0
TXN-000946,85.11,5,0.408,528,1361,0,2,5,0,0,0.716,0
TXN-000947,17.75,14,0.244,976,2076,1,2,14,0,0,0.52,1
TXN-000948,43.9,7,0.353,792,3420,1,2,15,1,1,0.206,1
TXN-000949,67.34,11,0.183,590,3275,0,5,6,0,0,0.133,0
TXN-000950,37.3,1,0.358,817,443,0,2,11,0,0,0.458,1
TXN-000951,44.06,1,0.214,949,1287,0,4,5,0,1,0.201,0
TXN-000952,1.83,5,0.49,1262,530,1,1,4,0,1,0.329,0
TXN-000953,217.95,0,0.092,848,662,1,1,5,1,0,0.234,0
TXN-000954,34.47,16,0.344,1083,3118,0,3,9,0,0,0.561,0
TXN-000955,227.66,10,0.369,1214,2574,1,1,7,0,0,0.294,0
TXN-000956,104.65,14,0.174,169,2342,1,1,3,0,0,0.363,0
TXN-000957,61.17,13,0.193,621,1876,1,2,6,0,0,0.68,1
TXN-000958,313.62,6,0.543,83,3395,1,3,7,0,0,0.246,0
TXN-000959,20.21,11,0.115,1278,929,0,1,6,0,0,0.303,0
TXN-000960,650.53,2,0.049,1042,1852,0,3,6,0,0,0.236,0
TXN-000961,44.55,2,0.443,364,2622,2,5,12,0,0,0.142,0
TXN-000962,6.28,22,0.298,1186,2513,0,4,11,1,0,0.298,0
TXN-000963,19.88,16,0.4,435,2931,0,4,5,0,1,0.127,0
TXN-000964,45.71,4,0.385,212,330,1,5,6,1,1,0.283,0
TXN-000965,6.48,23,0.529,304,275,2,1,3,0,0,0.533,0
TXN-000966,35.19,10,0.288,484,1023,0,4,7,0,0,0.295,0
TXN-000967,25.42,7,0.241,739,2556,0,1,10,0,0,0.282,0
TXN-000968,19.71,7,0.446,516,3046,0,0,8,1,0,0.37,1
TXN-000969,23.09,14,0.239,428,890,1,4,4,0,0,0.342,0
TXN-000970,18.24,8,0.215,1055,3820,0,4,3,0,0,0.39,0
TXN-000971,49.51,0,0.179,591,548,1,1,10,0,0,0.055,0
TXN-000972,53.69,20,0.076,915,2751,2,0,3,0,1,0.088,1
TXN-000973,35.27,2,0.343,1048,3289,0,3,4,1,0,0.249,0
TXN-000974,43.16,9,0.185,765,786,0,4,11,0,0,0.283,0
TXN-000975,55.09,3,0.301,781,1580,1,2,8,0,0,0.162,0
TXN-000976,71.51,23,0.153,1100,1525,1,4,6,0,0,0.298,0
TXN-000977,50.8,8,0.447,1151,535,0,3,10,1,0,0.296,0
TXN-000978,263.92,9,0.171,1484,3832,1,4,8,1,1,0.348,0
TXN-000979,226.02,16,0.094,729,385,0,2,7,0,0,0.439,0
TXN-000980,14.16,21,0.131,822,2104,0,2,13,0,0,0.056,0
TXN-000981,13.94,19,0.472,988,3336,3,1,6,0,1,0.025,0
TXN-000982,14.37,18,0.377,956,1778,1,2,7,0,0,0.483,0
TXN-000983,87.95,15,0.349,1332,2077,1,1,7,0,0,0.247,0
TXN-000984,22.19,1,0.134,990,67,1,1,9,0,1,0.129,0
TXN-000985,132.99,8,0.662,375,1635,1,2,4,0,0,0.198,0
TXN-000986,15.99,15,0.378,27,3466,2,3,4,0,0,0.256,0
TXN-000987,9.58,22,0.486,817,3060,2,4,9,0,0,0.097,0
TXN-000988,7.13,17,0.135,703,3626,0,3,8,0,0,0.463,0
TXN-000989,7.62,15,0.198,1361,285,2,1,9,0,0,0.061,0
TXN-000990,26.62,11,0.491,1046,3620,2,0,8,0,0,0.427,0
TXN-000991,316.4,11,0.267,1384,1653,2,0,4,0,0,0.359,0
TXN-000992,83.32,6,0.173,689,2940,0,3,6,0,0,0.142,0
TXN-000993,45.96,23,0.027,673,1900,0,0,7,0,0,0.092,0
TXN-000994,19.77,9,0.659,808,2985,1,5,9,1,0,0.317,0
TXN-000995,28.86,12,0.507,593,76,1,2,9,0,0,0.538,0
TXN-000996,18.41,1,0.599,1146,3748,0,0,8,0,0,0.264,0
TXN-000997,27.0,9,0.066,368,2307,0,6,1,0,0,0.331,0
TXN-000998,49.33,23,0.588,145,548,0,1,10,0,0,0.7,0
TXN-000999,77.17,6,0.202,504,305,1,1,5,0,1,0.64,0
TXN-001000,28.19,19,0.102,603,1578,2,1,9,0,0,0.334,0
TXN-001001,77.6,8,0.429,924,3999,2,2,9,1,0,0.746,0
TXN-001002,37.53,1,0.142,1364,2929,1,2,12,0,1,0.208,0
TXN-001003,27.53,9,0.417,687,2420,1,2,10,1,0,0.449,0
TXN-001004,62.65,3,0.168,549,867,2,3,11,1,0,0.386,0
TXN-001005,24.31,6,0.062,959,3071,1,1,6,0,0,0.132,0
TXN-001006,43.96,17,0.277,1476,2801,1,1,8,0,0,0.473,0
TXN-001007,39.64,7,0.137,48,1363,1,3,7,0,0,0.308,0
TXN-001008,115.49,1,0.408,1422,552,1,4,6,1,0,0.515,1
TXN-001009,37.35,11,0.335,929,414,1,2,9,0,0,0.166,0
TXN-001010,57.74,1,0.676,1091,2312,0,3,9,0,0,0.228,0
TXN-001011,14.51,15,0.385,1023,3951,1,2,4,1,0,0.512,0
TXN-001012,32.24,3,0.376,900,1929,0,0,9,0,0,0.114,0
TXN-001013,149.11,5,0.342,1233,2702,1,2,9,0,1,0.418,1
TXN-001014,157.41,19,0.2,91,3163,3,4,11,0,0,0.246,0
TXN-001015,80.13,14,0.366,778,2018,1,0,11,0,1,0.188,1
TXN-001016,23.59,11,0.103,539,2569,0,2,10,0,1,0.451,0
TXN-001017,18.09,8,0.332,471,563,1,1,13,0,0,0.358,0
TXN-001018,17.74,4,0.364,495,3198,0,0,6,0,1,0.424,0
TXN-001019,23.26,17,0.436,202,2832,2,5,5,0,0,0.393,0
TXN-001020,58.48,17,0.085,762,1671,2,1,1,1,1,0.483,0
TXN-001021,19.73,13,0.278,1048,292,0,3,8,0,1,0.152,0
TXN-001022,14.47,7,0.175,723,388,1,2,9,0,0,0.077,0
TXN-001023,12.37,3,0.54,617,473,0,3,4,0,0,0.204,0
TXN-001024,19.54,2,0.276,886,3151,1,3,9,0,1,0.107,0
TXN-001025,5.06,9,0.645,1412,2101,1,3,14,0,0,0.093,0
TXN-001026,8.93,6,0.255,1338,3,0,1,10,0,0,0.194,0
TXN-001027,15.18,1,0.237,1165,2927,0,2,6,0,0,0.189,0
TXN-001028,28.71,19,0.477,439,352,0,2,8,0,0,0.346,0
TXN-001029,205.44,13,0.322,816,1519,0,2,11,0,1,0.254,0
TXN-001030,88.4,12,0.398,973,1226,1,0,8,0,0,0.516,0
TXN-001031,50.16,15,0.641,876,2010,0,3,10,0,0,0.098,0
TXN-001032,8.19,11,0.144,407,2413,0,1,6,1,0,0.217,0
TXN-001033,24.09,8,0.049,826,964,2,3,7,0,0,0.247,0
TXN-001034,76.54,0,0.112,1243,1016,2,2,8,0,0,0.219,0
TXN-001035,145.18,14,0.352,1207,3022,1,0,8,0,1,0.456,0
TXN-001036,3.92,23,0.129,1449,2575,0,4,13,0,0,0.121,0
TXN-001037,158.55,20,0.252,792,1619,1,5,4,0,0,0.091,0
TXN-001038,33.92,9,0.665,489,3149,1,3,8,0,0,0.387,0
TXN-001039,101.13,3,0.201,890,3023,1,1,9,1,0,0.492,0
TXN-001040,22.8,7,0.568,111,158,0,1,6,0,0,0.317,0
TXN-001041,38.13,19,0.395,307,2759,3,0,8,1,0,0.123,1
TXN-001042,12.08,23,0.226,1034,2765,1,3,7,0,0,0.38,0
TXN-001043,44.23,4,0.26,338,982,2,3,10,0,0,0.326,0
TXN-001044,190.27,17,0.555,907,2499,0,3,8,0,0,0.334,0
TXN-001045,150.61,17,0.279,331,1865,1,4,12,1,1,0.521,0
TXN-001046,92.79,11,0.346,209,1703,1,1,10,0,0,0.232,0
TXN-001047,18.03,18,0.417,801,1203,1,0,5,0,0,0.905,0
TXN-001048,31.71,7,0.54,306,2727,0,2,7,0,0,0.071,0
TXN-001049,22.45,15,0.164,1006,1214,1,2,9,0,0,0.301,0
TXN-001050,57.11,17,0.768,809,1085,2,4,6,0,0,0.477,0
TXN-001051,108.27,0,0.096,714,3898,0,5,6,0,0,0.169,0
TXN-001052,12.38,15,0.187,716,2455,2,3,7,1,0,0.746,0
TXN-001053,23.64,16,0.197,19,334,1,1,9,0,0,0.131,0
TXN-001054,102.6,20,0.162,1337,2108,1,1,10,0,0,0.238,1
TXN-001055,122.11,10,0.513,663,2774,0,1,9,1,0,0.311,0
TXN-001056,12.03,0,0.405,406,894,0,3,8,0,0,0.21,0
TXN-001057,37.37,23,0.255,273,1926,1,6,6,0,0,0.333,0
TXN-001058,139.74,14,0.235,225,18,2,5,10,0,0,0.144,1
TXN-001059,138.78,8,0.208,222,1533,0,5,9,0,0,0.086,0
TXN-001060,28.0,20,0.293,146,1535,0,1,5,0,1,0.437,1
TXN-001061,119.2,11,0.285,965,1061,0,1,10,0,1,0.416,0
TXN-001062,58.58,23,0.191,1047,1128,0,3,5,0,0,0.557,0
TXN-001063,15.49,20,0.103,361,3225,1,3,5,0,1,0.111,0
TXN-001064,219.53,17,0.131,98,1934,1,1,10,0,0,0.233,0
TXN-001065,26.82,20,0.171,364,1358,2,0,9,0,1,0.613,1
TXN-001066,35.91,5,0.533,918,1266,0,1,10,0,0,0.157,0
TXN-001067,8.31,2,0.302,1320,3555,1,1,14,0,0,0.18,0
TXN-001068,24.58,16,0.21,395,3680,2,2,9,0,0,0.278,0
TXN-001069,19.77,12,0.469,971,894,0,1,6,1,0,0.207,0
TXN-001070,6.82,21,0.192,98,2423,0,2,8,0,0,0.39,0
TXN-001071,62.49,4,0.278,742,1209,0,3,6,1,0,0.582,0
TXN-001072,19.77,21,0.162,1335,3816,1,2,12,0,1,0.409,0
TXN-001073,102.16,0,0.158,1380,3027,0,0,9,0,1,0.151,0
TXN-001074,29.97,20,0.457,1381,2233,0,0,8,0,1,0.154,0
TXN-001075,125.26,8,0.108,260,2731,0,2,7,0,1,0.204,0
TXN-001076,42.72,20,0.097,520,541,1,3,13,0,0,0.276,0
TXN-001077,33.48,22,0.21,442,384,0,0,10,0,0,0.508,0
TXN-001078,33.1,5,0.358,43,164,1,1,11,0,1,0.338,0
TXN-001079,17.32,12,0.171,1320,2798,2,4,10,0,0,0.672,0
TXN-001080,24.59,10,0.314,1283,1317,0,0,6,0,1,0.169,0
TXN-001081,92.18,23,0.133,66,1904,0,1,6,0,1,0.351,0
TXN-001082,91.31,5,0.337,1211,3984,1,2,9,0,0,0.56,0
TXN-001083,35.45,9,0.051,936,3562,0,3,7,0,0,0.417,0
TXN-001084,37.0,22,0.162,85,2704,0,5,10,0,0,0.148,0
TXN-001085,10.29,14,0.226,996,3739,0,1,9,1,1,0.161,0
TXN-001086,24.6,20,0.015,293,3857,1,4,6,0,1,0.432,0
TXN-001087,23.73,18,0.219,472,3891,1,1,7,0,0,0.446,0
TXN-001088,10.73,0,0.507,1113,3176,1,1,10,0,1,0.487,0
TXN-001089,133.48,13,0.126,393,3103,2,0,5,1,1,0.38,0
TXN-001090,33.01,1,0.317,299,435,2,0,7,0,0,0.585,0
TXN-001091,35.72,3,0.137,1116,924,0,2,11,1,0,0.16,0
TXN-001092,87.99,15,0.384,623,1692,0,1,10,0,1,0.381,1
TXN-001093,16.1,10,0.579,809,745,0,3,4,0,0,0.61,1
TXN-001094,80.03,16,0.492,491,2948,0,1,6,0,0,0.237,0
TXN-001095,4.2,12,0.434,813,1025,0,6,9,1,1,0.236,0
TXN-001096,22.71,18,0.043,35,2391,1,3,8,0,0,0.119,0
TXN-001097,5.41,2,0.116,98,3175,1,4,7,0,0,0.328,0
TXN-001098,138.93,13,0.325,650,905,1,2,7,0,0,0.102,0
TXN-001099,84.83,6,0.153,1157,1099,1,0,4,0,0,0.034,0
TXN-001100,21.29,15,0.454,318,3051,1,1,10,0,1,0.259,0
TXN-001101,40.67,5,0.571,787,2041,1,1,2,0,1,0.096,0
TXN-001102,17.25,5,0.159,698,860,1,2,6,0,1,0.144,0
TXN-001103,61.09,20,0.252,473,3120,0,2,6,1,0,0.571,0
TXN-001104,87.64,10,0.396,581,2238,1,7,7,0,0,0.4,0
TXN-001105,21.96,10,0.125,1390,2185,0,2,9,0,1,0.649,0
TXN-001106,59.49,1,0.489,1118,1457,1,4,3,0,0,0.121,0
TXN-001107,17.2,3,0.12,214,3736,0,2,5,0,0,0.594,0
TXN-001108,29.13,11,0.254,1273,2278,0,1,7,0,1,0.458,0
TXN-001109,50.37,9,0.17,530,2538,0,4,9,0,0,0.354,0
TXN-001110,86.93,12,0.184,1105,94,0,3,12,0,0,0.325,0
TXN-001111,20.92,6,0.164,756,2883,1,2,8,0,0,0.582,0
TXN-001112,36.31,11,0.19,1325,2592,0,3,5,0,1,0.278,0
TXN-001113,63.56,12,0.144,873,435,0,1,11,0,0,0.337,0
TXN-001114,87.46,22,0.24,525,962,1,2,6,0,0,0.374,0
TXN-001115,164.61,20,0.397,1134,991,3,2,8,0,0,0.233,0
TXN-001116,34.35,15,0.293,1090,1869,1,4,10,0,0,0.348,0
TXN-001117,279.15,14,0.364,1221,807,0,3,17,0,0,0.254,0
TXN-001118,18.29,5,0.357,1494,1150,1,3,6,0,1,0.328,1
TXN-001119,94.83,11,0.219,1410,1898,0,2,6,0,0,0.314,0
TXN-001120,202.23,0,0.245,1045,3787,0,1,4,0,0,0.237,0
TXN-001121,261.34,8,0.346,1016,3243,1,4,10,0,0,0.456,0
TXN-001122,36.52,2,0.481,289,724,1,4,7,0,0,0.336,0
TXN-001123,14.2,0,0.745,1057,3144,0,2,4,0,0,0.55,0
TXN-001124,8.86,9,0.417,1024,980,4,2,6,0,1,0.23,0
TXN-001125,26.51,5,0.587,870,1431,0,4,6,1,0,0.305,0
TXN-001126,6.49,8,0.266,493,3154,1,1,8,0,0,0.186,0
TXN-001127,18.53,23,0.107,885,2098,2,4,11,0,0,0.716,0
TXN-001128,6.6,1,0.256,1041,1519,0,2,12,0,0,0.318,0
TXN-001129,56.88,21,0.281,413,3384,1,2,9,0,0,0.507,0
TXN-001130,123.63,12,0.069,110,1320,1,3,6,0,0,0.59,0
TXN-001131,34.71,12,0.38,1077,934,0,3,8,0,1,0.417,0
TXN-001132,175.0,13,0.345,503,1435,2,1,6,1,0,0.275,0
TXN-001133,28.92,10,0.308,818,3115,1,3,7,0,0,0.269,0
TXN-001134,76.98,20,0.232,298,2741,0,4,9,0,1,0.217,0
TXN-001135,15.65,22,0.507,884,2440,0,0,4,1,0,0.414,0
TXN-001136,51.41,5,0.055,820,1053,0,0,6,0,0,0.358,0
TXN-001137,91.95,2,0.367,109,3419,0,1,11,0,1,0.229,1
TXN-001138,58.0,3,0.662,590,3372,1,3,4,0,0,0.283,0
TXN-001139,116.46,10,0.577,160,3059,5,2,10,0,0,0.212,0
TXN-001140,48.04,17,0.445,488,2047,2,5,5,0,0,0.18,1
TXN-001141,44.84,18,0.166,611,2925,2,1,5,0,0,0.518,0
TXN-001142,48.75,2,0.318,800,1786,0,2,3,0,1,0.104,0
TXN-001143,138.23,6,0.388,1315,544,0,2,11,0,1,0.097,1
TXN-001144,60.83,4,0.139,843,2253,0,1,5,0,0,0.014,0
TXN-001145,65.57,19,0.169,203,223,0,2,8,0,1,0.291,1
TXN-001146,50.52,21,0.164,159,1494,2,0,5,0,0,0.344,0
TXN-001147,133.99,13,0.681,966,3842,1,3,7,0,0,0.493,0
TXN-001148,3.9,10,0.233,736,1619,0,0,9,0,0,0.29,0
TXN-001149,21.8,4,0.041,1190,3267,1,1,9,1,0,0.089,0
TXN-001150,43.09,22,0.284,915,341,1,3,7,1,0,0.211,1
TXN-001151,46.91,5,0.211,802,1742,1,0,5,0,0,0.696,0
TXN-001152,9.25,16,0.454,476,1411,1,3,11,0,0,0.221,0
TXN-001153,194.74,16,0.674,869,1016,3,2,11,1,0,0.385,1
TXN-001154,49.09,9,0.468,182,2215,0,1,10,0,0,0.041,0
TXN-001155,23.68,19,0.651,1334,276,0,0,14,0,0,0.261,0
TXN-001156,166.93,16,0.148,386,1785,1,4,9,0,0,0.439,0
TXN-001157,106.51,10,0.35,264,3488,1,3,4,0,0,0.101,0
TXN-001158,9.25,8,0.294,56,1655,0,3,10,1,0,0.514,0
TXN-001159,4.52,2,0.309,768,3249,0,2,2,0,1,0.635,0
TXN-001160,16.99,8,0.599,630,285,0,1,8,0,0,0.305,0
TXN-001161,97.32,9,0.54,1473,2032,0,4,14,0,0,0.264,0
TXN-001162,93.89,19,0.26,569,3796,1,1,14,0,0,0.366,0
TXN-001163,57.55,13,0.327,1036,2735,0,0,6,0,1,0.49,0
TXN-001164,93.8,13,0.28,1218,3354,0,1,10,0,0,0.41,0
TXN-001165,33.53,1,0.391,767,3339,0,2,9,0,1,0.166,1
TXN-001166,136.08,12,0.112,96,1735,0,6,3,0,0,0.051,0
TXN-001167,96.59,9,0.393,1311,381,1,3,11,0,0,0.25,0
TXN-001168,16.32,7,0.032,623,3930,0,1,9,0,0,0.327,0
TXN-001169,38.35,1,0.338,321,3391,1,4,5,0,0,0.162,0
TXN-001170,44.16,3,0.422,943,1141,2,3,2,0,0,0.189,0
TXN-001171,96.28,15,0.26,43,1035,1,4,7,0,0,0.612,0
TXN-001172,15.71,8,0.39,70,1440,2,0,2,1,0,0.078,0
TXN-001173,37.9,14,0.236,609,1551,1,5,5,0,1,0.231,0
TXN-001174,72.53,1,0.249,360,1944,0,1,5,0,0,0.514,0
TXN-001175,24.91,8,0.646,1155,3360,1,5,8,0,0,0.265,0
TXN-001176,103.75,21,0.338,1366,3698,0,2,7,0,1,0.306,0
TXN-001177,88.81,18,0.412,196,3973,0,0,13,1,0,0.226,0
TXN-001178,22.95,9,0.347,1142,3979,2,2,6,0,0,0.282,1
TXN-001179,39.71,9,0.167,1286,2790,1,0,8,0,0,0.335,1
TXN-001180,50.05,5,0.248,663,699,0,1,8,0,0,0.373,0
TXN-001181,39.68,11,0.555,440,3244,0,3,9,1,1,0.141,0
TXN-001182,13.86,4,0.342,382,2150,2,0,6,0,0,0.236,0
TXN-001183,18.76,10,0.319,889,3801,1,3,6,0,0,0.242,0
TXN-001184,240.5,2,0.218,331,2754,1,3,7,0,0,0.119,0
TXN-001185,26.35,15,0.595,1082,3303,2,1,8,0,0,0.259,0
TXN-001186,69.7,5,0.192,1389,3683,0,1,9,0,1,0.405,0
TXN-001187,24.32,5,0.242,1279,2655,0,4,3,0,0,0.166,0
TXN-001188,5.71,18,0.213,789,2248,2,2,8,0,0,0.412,0
TXN-001189,321.69,10,0.268,389,720,1,4,14,0,0,0.142,1
TXN-001190,17.44,22,0.427,175,2945,2,2,11,0,0,0.382,0
TXN-001191,44.3,4,0.685,828,317,1,3,10,0,0,0.451,0
TXN-001192,17.0,13,0.3,459,63,1,2,5,1,0,0.343,0
TXN-001193,26.4,18,0.304,1168,1237,0,2,10,0,1,0.179,0
TXN-001194,36.28,22,0.083,1155,2336,0,1,9,0,0,0.242,0
TXN-001195,25.18,22,0.297,968,782,1,2,8,0,0,0.085,0
TXN-001196,64.27,5,0.185,753,3499,0,4,13,0,1,0.58,0
TXN-001197,223.6,20,0.372,404,1683,3,1,7,0,1,0.09,0
TXN-001198,28.53,13,0.36,130,1938,0,4,6,0,0,0.594,0
TXN-001199,139.23,7,0.108,861,996,1,2,10,0,0,0.132,0
TXN-001200,21.26,3,0.129,257,775,0,5,9,0,1,0.433,0
TXN-001201,61.11,11,0.218,553,2551,0,0,11,0,0,0.167,0
TXN-001202,22.21,7,0.109,274,1414,1,2,13,0,0,0.051,0
TXN-001203,38.75,19,0.098,1327,2604,2,2,5,0,0,0.24,0
TXN-001204,38.04,8,0.251,620,1012,2,1,9,0,0,0.411,0
TXN-001205,147.12,18,0.166,1420,2140,2,1,6,1,0,0.432,0
TXN-001206,80.81,5,0.452,488,1480,0,3,5,0,1,0.473,0
TXN-001207,65.55,19,0.129,774,745,2,2,2,0,0,0.332,1
TXN-001208,30.28,21,0.189,410,1004,0,4,3,0,1,0.272,0
TXN-001209,98.38,16,0.209,287,1401,0,4,10,0,0,0.352,0
TXN-001210,100.71,10,0.352,816,3138,1,3,10,1,0,0.547,1
TXN-001211,49.3,7,0.439,876,979,2,2,4,1,1,0.17,0
TXN-001212,23.42,12,0.333,234,1756,1,3,4,0,1,0.442,0
TXN-001213,52.26,17,0.607,442,3560,2,2,9,1,0,0.331,0
TXN-001214,10.07,17,0.123,333,2552,0,3,6,0,0,0.171,0
TXN-001215,118.15,18,0.271,1310,2631,0,0,11,0,0,0.188,1
TXN-001216,5.7,16,0.144,1232,3766,1,4,11,1,0,0.293,0
TXN-001217,133.53,17,0.228,363,2344,1,1,5,0,1,0.381,1
TXN-001218,16.48,22,0.084,1480,1587,2,1,5,0,0,0.615,0
TXN-001219,21.11,21,0.184,909,388,0,2,8,0,0,0.344,0
TXN-001220,25.9,13,0.35,514,2204,1,5,2,0,0,0.656,0
TXN-001221,80.68,15,0.342,1259,1281,0,1,8,0,0,0.611,0
TXN-001222,24.51,22,0.458,428,3690,0,0,7,0,0,0.27,0
TXN-001223,98.33,7,0.198,1302,2660,2,2,9,0,1,0.153,0
TXN-001224,122.84,19,0.121,942,306,0,3,3,0,0,0.416,0
TXN-001225,108.31,20,0.213,837,1953,0,1,4,0,0,0.295,0
TXN-001226,15.14,20,0.449,1346,275,0,1,8,0,0,0.091,0
TXN-001227,149.28,6,0.268,1065,2681,1,3,9,0,1,0.185,0
TXN-001228,23.06,20,0.439,787,919,0,5,11,0,0,0.128,0
TXN-001229,351.45,9,0.336,167,1383,0,3,5,0,1,0.219,0
TXN-001230,26.42,13,0.127,728,2753,1,3,7,0,0,0.368,0
TXN-001231,4.33,22,0.221,329,316,0,3,8,0,0,0.62,0
TXN-001232,114.51,8,0.041,184,2963,0,0,9,0,0,0.376,0
TXN-001233,32.37,1,0.272,1276,982,1,3,8,0,0,0.198,0
TXN-001234,13.48,13,0.539,307,1246,0,1,7,0,0,0.135,0
TXN-001235,14.59,22,0.35,1375,1104,0,4,8,0,0,0.361,0
TXN-001236,217.96,17,0.236,102,740,3,2,9,0,0,0.256,0
TXN-001237,33.47,9,0.202,947,3553,0,3,9,0,1,0.205,0
TXN-001238,28.1,0,0.342,156,2025,1,0,10,0,0,0.234,0
TXN-001239,48.83,15,0.71,521,1128,0,1,10,0,0,0.057,0
TXN-001240,65.55,14,0.029,211,968,0,5,7,0,0,0.111,0
TXN-001241,12.39,11,0.218,777,1634,1,4,4,0,0,0.355,0
TXN-001242,52.19,3,0.464,1260,2947,0,3,5,0,0,0.151,0
TXN-001243,19.1,17,0.173,1462,674,1,2,9,0,0,0.581,0
TXN-001244,39.63,2,0.466,1240,1289,1,3,7,0,1,0.565,0
TXN-001245,44.56,19,0.179,354,40,1,3,9,0,1,0.068,0
TXN-001246,1065.49,3,0.417,612,3757,0,3,13,0,0,0.616,0
TXN-001247,144.7,10,0.332,445,643,0,1,10,0,0,0.143,0
TXN-001248,742.0,14,0.452,985,885,2,3,13,0,0,0.391,1
TXN-001249,30.61,11,0.189,1477,2331,3,1,5,0,1,0.322,0
TXN-001250,110.08,3,0.181,1022,621,1,3,12,0,0,0.494,0
TXN-001251,51.9,5,0.427,899,1112,1,3,9,0,1,0.127,0
TXN-001252,188.74,22,0.756,1329,1759,1,6,7,1,0,0.348,0
TXN-001253,5.23,0,0.233,467,3998,0,2,10,0,1,0.215,0
TXN-001254,10.39,14,0.122,841,2177,0,2,9,0,0,0.245,0
TXN-001255,7.22,11,0.186,1213,1434,0,5,11,0,1,0.247,1
TXN-001256,97.9,22,0.164,184,25,2,4,4,0,0,0.629,0
TXN-001257,17.56,1,0.542,1166,3824,0,4,6,0,1,0.443,0
TXN-001258,56.41,13,0.363,1037,2604,0,2,8,0,0,0.126,1
TXN-001259,56.81,8,0.065,613,847,4,4,3,0,0,0.123,0
TXN-001260,30.92,18,0.085,739,2271,0,1,11,0,0,0.061,0
TXN-001261,102.94,3,0.337,579,8,1,0,3,1,0,0.307,0
TXN-001262,32.76,12,0.468,577,3670,3,2,10,0,0,0.2,0
TXN-001263,112.06,16,0.18,1211,2584,0,4,10,0,1,0.502,0
TXN-001264,21.07,20,0.13,1298,3742,2,2,8,1,0,0.185,0
TXN-001265,65.22,2,0.037,482,3703,0,1,7,1,1,0.155,1
TXN-001266,78.5,3,0.496,413,3828,1,1,9,1,0,0.043,0
TXN-001267,8.48,7,0.103,971,2775,0,0,5,0,0,0.366,0
TXN-001268,47.07,1,0.343,1429,1921,1,2,5,0,0,0.331,1
TXN-001269,29.29,16,0.564,53,2797,2,1,6,0,1,0.214,0
TXN-001270,18.53,21,0.261,878,1235,1,1,8,0,0,0.274,0
TXN-001271,479.68,16,0.317,1117,2934,2,3,5,0,0,0.381,0
TXN-001272,98.94,9,0.164,565,3049,1,0,8,0,0,0.255,0
TXN-001273,124.65,13,0.629,1283,1804,0,4,6,0,0,0.468,0
TXN-001274,261.81,5,0.098,319,3565,1,1,7,1,0,0.33,1
TXN-001275,81.97,21,0.3,714,1268,1,2,9,0,0,0.404,0
TXN-001276,23.35,7,0.269,1146,1062,1,3,4,1,0,0.508,0
TXN-001277,176.4,21,0.402,1143,3156,1,1,7,0,0,0.284,0
TXN-001278,15.28,8,0.237,190,2141,3,1,11,0,0,0.579,0
TXN-001279,12.0,5,0.157,399,3409,0,1,11,0,0,0.211,0
TXN-001280,57.96,2,0.154,1400,2558,0,3,9,0,1,0.281,0
TXN-001281,81.2,12,0.269,299,929,0,3,8,1,1,0.551,0
TXN-001282,20.26,16,0.19,35,626,0,1,8,0,0,0.135,0
TXN-001283,26.23,13,0.069,1400,1101,1,4,5,0,1,0.168,0
TXN-001284,19.57,16,0.039,956,3799,0,2,6,0,0,0.254,0
TXN-001285,64.61,5,0.325,301,3716,0,3,8,0,1,0.376,0
TXN-001286,39.69,11,0.591,885,1073,2,2,3,0,0,0.389,0
TXN-001287,26.53,16,0.336,677,2529,0,3,8,0,0,0.286,0
TXN-001288,36.87,6,0.172,836,1971,3,4,9,0,0,0.521,0
TXN-001289,117.91,16,0.136,72,2176,0,2,7,0,0,0.654,0
TXN-001290,36.83,4,0.123,329,2874,0,6,9,0,0,0.426,0
TXN-001291,35.09,3,0.181,803,390,2,4,10,0,1,0.213,0
TXN-001292,28.97,21,0.205,693,817,0,1,9,0,0,0.361,0
TXN-001293,190.62,22,0.237,1095,1947,0,3,8,0,0,0.265,0
TXN-001294,70.39,5,0.144,675,688,2,3,9,0,0,0.203,1
TXN-001295,136.04,5,0.051,788,2925,0,2,7,0,0,0.462,0
TXN-001296,55.73,5,0.406,1345,2410,1,1,7,0,0,0.072,0
TXN-001297,8.56,11,0.248,815,3776,2,4,11,1,1,0.823,1
TXN-001298,26.98,3,0.36,66,252,2,2,11,1,0,0.511,0
TXN-001299,48.13,5,0.359,918,809,1,1,5,0,1,0.495,0
TXN-001300,139.05,20,0.248,348,321,1,1,7,0,0,0.426,0
TXN-001301,3.72,1,0.068,290,2308,2,1,13,0,0,0.18,0
TXN-001302,80.34,0,0.122,1051,2702,1,1,9,0,0,0.368,0
TXN-001303,128.48,22,0.216,71,3809,0,5,7,0,0,0.05,0
TXN-001304,14.69,21,0.279,605,374,2,0,10,0,0,0.557,0
TXN-001305,9.07,23,0.363,135,138,0,1,11,0,0,0.561,0
TXN-001306,929.54,3,0.471,1273,3054,0,1,5,1,1,0.427,1
TXN-001307,39.42,5,0.47,1484,1400,0,2,12,0,0,0.319,0
TXN-001308,19.9,12,0.392,432,1904,0,1,12,0,0,0.304,1
TXN-001309,46.29,19,0.24,1408,2711,1,2,10,0,0,0.411,0
TXN-001310,109.1,5,0.367,1373,679,0,1,8,0,0,0.388,0
TXN-001311,19.39,21,0.057,462,1210,1,1,9,0,0,0.361,0
TXN-001312,159.93,17,0.456,312,1690,1,1,2,0,0,0.099,0
TXN-001313,7.73,23,0.606,1171,3555,0,1,4,0,1,0.147,0
TXN-001314,35.88,14,0.589,1449,3331,0,3,7,0,0,0.272,0
TXN-001315,41.93,23,0.098,228,2567,0,2,9,0,0,0.159,0
TXN-001316,177.61,11,0.331,933,3898,2,3,10,0,0,0.238,0
TXN-001317,35.26,3,0.297,531,1900,1,4,6,0,0,0.699,0
TXN-001318,36.05,7,0.396,364,386,1,2,6,0,0,0.056,0
TXN-001319,29.2,2,0.488,1140,1208,0,3,8,1,0,0.094,0
TXN-001320,3.57,8,0.233,547,1596,0,1,4,1,1,0.158,0
TXN-001321,24.24,0,0.561,291,3265,0,2,5,0,1,0.551,0
TXN-001322,382.28,4,0.371,1360,2731,2,3,8,1,1,0.224,0
TXN-001323,34.56,5,0.541,567,3687,2,2,11,0,0,0.249,0
TXN-001324,87.11,17,0.425,1492,2059,0,3,8,0,0,0.234,0
TXN-001325,29.33,3,0.214,1479,3279,0,4,6,1,0,0.283,0
TXN-001326,51.73,12,0.627,809,1952,0,3,7,0,0,0.807,0
TXN-001327,30.8,1,0.633,1380,3188,0,4,7,0,0,0.347,0
TXN-001328,17.8,23,0.651,1042,2714,2,3,7,0,1,0.095,0
TXN-001329,62.16,14,0.476,903,937,0,3,6,1,0,0.195,0
TXN-001330,18.67,3,0.205,647,73,1,5,7,1,1,0.25,1
TXN-001331,109.05,12,0.267,730,2194,1,1,9,1,0,0.248,0
TXN-001332,80.02,9,0.253,496,2677,0,2,7,1,0,0.494,0
TXN-001333,18.4,15,0.227,823,891,2,1,5,0,0,0.134,0
TXN-001334,19.04,6,0.114,415,1322,0,5,5,0,1,0.328,0
TXN-001335,138.58,18,0.267,246,2472,1,3,15,0,0,0.134,0
TXN-001336,119.25,17,0.13,311,3916,2,0,7,1,1,0.461,0
TXN-001337,27.84,8,0.172,1069,1643,2,1,8,0,1,0.109,0
TXN-001338,33.9,10,0.523,294,822,2,4,8,0,0,0.171,0
TXN-001339,29.79,9,0.111,853,2078,0,0,7,0,0,0.323,0
TXN-001340,160.73,22,0.348,1358,1813,1,2,14,1,0,0.017,0
TXN-001341,91.37,12,0.401,725,2081,0,2,9,0,0,0.496,0
TXN-001342,65.79,2,0.216,434,1542,1,6,6,0,0,0.598,0
TXN-001343,16.3,1,0.162,59,3515,1,0,1,0,0,0.442,0
TXN-001344,14.08,1,0.552,1029,2150,1,4,9,1,1,0.383,0
TXN-001345,103.47,0,0.075,723,153,1,3,8,0,0,0.409,0
TXN-001346,214.76,18,0.17,1490,2773,2,1,13,0,0,0.198,0
TXN-001347,2.65,0,0.124,41,3069,0,1,6,1,1,0.223,0
TXN-001348,8.14,19,0.742,1030,2034,0,1,6,0,1,0.3,0
TXN-001349,76.46,19,0.305,184,413,1,0,9,1,0,0.345,0
TXN-001350,31.72,0,0.493,301,1778,0,3,7,1,0,0.352,0
TXN-001351,15.71,9,0.304,440,2776,1,4,8,0,0,0.24,0
TXN-001352,79.71,1,0.119,1456,1246,1,1,5,0,1,0.584,0
TXN-001353,10.7,14,0.487,1161,2060,0,2,15,0,0,0.407,0
TXN-001354,99.86,16,0.417,1205,2688,0,2,6,0,0,0.172,0
TXN-001355,26.1,9,0.499,433,3228,0,4,5,0,0,0.291,0
TXN-001356,211.84,11,0.285,1110,3060,0,2,7,0,1,0.329,0
TXN-001357,32.96,14,0.397,1213,462,1,0,8,0,1,0.442,0
TXN-001358,107.06,9,0.364,1144,2514,1,2,9,0,0,0.039,0
TXN-001359,25.66,20,0.339,436,1732,0,2,13,0,1,0.416,0
TXN-001360,15.18,4,0.08,16,2285,0,1,5,0,0,0.393,0
TXN-001361,22.23,4,0.406,1184,3148,2,3,8,0,0,0.12,0
TXN-001362,42.98,5,0.214,1076,3005,0,3,5,1,0,0.672,0
TXN-001363,8.71,1,0.216,1045,2406,0,1,5,0,0,0.221,0
TXN-001364,122.35,8,0.161,691,3713,2,1,9,1,0,0.664,0
TXN-001365,39.29,8,0.285,1198,1412,0,3,10,1,1,0.324,0
TXN-001366,3.92,15,0.352,708,595,0,4,11,0,1,0.185,0
TXN-001367,9.15,4,0.183,873,459,1,1,9,0,1,0.211,0
TXN-001368,12.91,4,0.455,1466,1299,0,2,11,0,0,0.073,0
TXN-001369,13.24,7,0.437,1154,2358,0,4,8,0,0,0.072,0
TXN-001370,48.85,23,0.37,1279,2813,2,4,6,0,0,0.535,0
TXN-001371,33.19,6,0.46,1084,1985,0,3,7,0,0,0.465,0
TXN-001372,59.96,6,0.23,1117,94,0,2,5,0,0,0.459,0
TXN-001373,19.68,6,0.363,556,3206,0,1,6,1,1,0.254,0
TXN-001374,106.04,10,0.123,419,1245,0,0,5,0,0,0.036,0
TXN-001375,20.06,18,0.733,903,1383,2,4,7,0,0,0.465,0
TXN-001376,17.85,1,0.312,1464,2821,1,1,5,0,0,0.392,0
TXN-001377,64.26,20,0.079,690,3287,0,1,5,0,1,0.418,0
TXN-001378,14.65,4,0.2,461,2702,0,2,5,0,0,0.17,0
TXN-001379,101.27,7,0.345,489,875,1,3,13,1,0,0.214,0
TXN-001380,183.83,5,0.381,770,1869,0,1,3,0,0,0.283,0
TXN-001381,105.59,21,0.046,284,3312,2,2,8,0,1,0.489,0
TXN-001382,17.27,6,0.356,611,3741,0,2,10,0,1,0.706,0
TXN-001383,24.14,21,0.019,513,3114,1,1,10,0,0,0.251,0
TXN-001384,72.4,22,0.126,236,1458,0,3,13,0,0,0.545,0
TXN-001385,32.99,4,0.306,251,1171,0,5,8,0,0,0.065,0
TXN-001386,160.55,14,0.308,175,592,1,0,4,1,1,0.568,0
TXN-001387,163.73,21,0.137,1255,332,0,2,8,0,0,0.47,0
TXN-001388,125.47,1,0.276,1088,1476,0,0,7,1,0,0.551,0
TXN-001389,203.33,2,0.334,365,2943,1,2,12,0,1,0.447,1
TXN-001390,17.6,3,0.06,1298,1714,0,1,9,0,0,0.47,0
TXN-001391,21.76,22,0.132,60,790,0,2,11,0,0,0.284,0
TXN-001392,72.26,5,0.415,317,2058,1,3,11,1,0,0.365,0
TXN-001393,246.15,21,0.108,59,830,0,1,10,0,1,0.195,0
TXN-001394,16.38,20,0.071,1453,2628,2,3,8,0,0,0.276,0
TXN-001395,32.32,19,0.401,1098,2180,2,2,5,0,1,0.368,0
TXN-001396,66.61,6,0.326,117,3561,0,3,5,0,0,0.072,0
TXN-001397,36.68,13,0.081,735,566,0,3,5,0,1,0.216,0
TXN-001398,4.52,20,0.214,1415,1418,0,2,6,0,1,0.44,0
TXN-001399,23.22,12,0.273,314,3978,1,2,9,0,0,0.15,0
TXN-001400,25.67,18,0.156,893,3171,1,2,7,0,0,0.178,0
TXN-001401,27.87,16,0.263,1286,2751,2,4,8,0,0,0.279,0
TXN-001402,14.8,14,0.327,1432,68,0,1,6,0,0,0.209,0
TXN-001403,31.53,7,0.209,1040,622,3,2,14,1,0,0.432,0
TXN-001404,4.75,4,0.171,690,3847,2,5,6,0,0,0.144,0
TXN-001405,16.13,3,0.261,310,238,1,2,7,0,0,0.438,0
TXN-001406,23.2,6,0.204,1308,662,0,2,5,0,0,0.145,0
TXN-001407,38.03,11,0.143,259,3071,1,2,9,0,0,0.245,0
TXN-001408,86.93,8,0.307,136,2481,0,1,12,0,0,0.595,0
TXN-001409,22.07,19,0.376,237,935,1,2,9,0,1,0.354,0
TXN-001410,67.12,8,0.017,1471,562,1,3,8,0,0,0.056,0
TXN-001411,29.59,6,0.258,156,2149,1,2,5,1,0,0.388,0
TXN-001412,10.38,12,0.565,269,3393,0,2,6,0,0,0.265,0
TXN-001413,46.86,15,0.153,420,1888,1,1,7,0,0,0.031,0
TXN-001414,62.11,3,0.641,335,2373,0,2,11,1,1,0.202,0
TXN-001415,170.88,11,0.338,718,6,0,4,10,0,0,0.288,0
TXN-001416,37.54,23,0.205,418,2930,0,3,4,0,0,0.125,0
TXN-001417,55.26,10,0.49,363,3122,0,3,6,0,0,0.491,0
TXN-001418,125.47,12,0.155,374,2542,1,2,7,0,0,0.669,0
TXN-001419,48.4,3,0.165,906,654,0,1,4,0,0,0.3,0
TXN-001420,8.44,10,0.254,1288,3892,0,1,12,0,0,0.047,0
TXN-001421,20.98,3,0.154,271,3583,0,3,9,0,0,0.326,0
TXN-001422,83.5,6,0.21,304,500,0,2,6,0,0,0.047,0
TXN-001423,37.15,6,0.353,182,2203,1,0,8,0,0,0.27,0
TXN-001424,65.39,19,0.308,808,1816,1,3,6,0,0,0.482,0
TXN-001425,125.09,0,0.447,891,1602,0,2,10,0,0,0.278,0
TXN-001426,52.79,5,0.458,1183,792,0,1,13,0,0,0.353,0
TXN-001427,48.07,3,0.32,620,516,1,1,6,0,1,0.178,0
TXN-001428,35.94,22,0.292,1314,564,0,3,10,0,0,0.362,0
TXN-001429,53.52,11,0.213,988,2074,0,1,8,0,1,0.346,0
TXN-001430,36.42,9,0.191,951,469,0,4,9,0,1,0.333,0
TXN-001431,70.06,2,0.266,260,2416,0,4,6,0,0,0.312,0
TXN-001432,32.99,8,0.209,1379,1091,2,1,2,1,1,0.322,0
TXN-001433,42.32,7,0.285,813,998,1,2,10,0,0,0.196,0
TXN-001434,5.35,0,0.037,1001,364,1,6,8,0,0,0.086,0
TXN-001435,36.5,5,0.296,568,2848,0,0,9,0,0,0.446,0
TXN-001436,17.29,6,0.349,797,2454,0,2,10,0,0,0.214,0
TXN-001437,21.28,4,0.379,119,3102,0,4,7,0,0,0.353,0
TXN-001438,31.69,12,0.417,820,221,1,1,9,0,0,0.19,0
TXN-001439,31.2,6,0.141,1046,3857,0,4,7,0,0,0.218,0
TXN-001440,105.33,19,0.693,1413,498,0,2,7,1,0,0.582,1
TXN-001441,59.77,8,0.295,130,3928,0,3,8,0,0,0.24,0
TXN-001442,34.51,10,0.275,796,294,0,0,9,0,1,0.22,0
TXN-001443,15.96,0,0.153,886,2096,1,2,8,0,0,0.45,0
TXN-001444,4.85,6,0.087,20,3567,0,1,9,0,0,0.127,0
TXN-001445,41.51,18,0.118,887,3188,1,3,3,0,1,0.298,0
TXN-001446,261.92,9,0.259,1278,1056,0,4,7,0,0,0.713,0
TXN-001447,11.66,22,0.096,1403,3759,1,0,8,0,0,0.428,0
TXN-001448,116.35,18,0.656,510,2256,2,1,14,0,0,0.284,0
TXN-001449,25.62,12,0.268,203,3395,1,2,10,0,0,0.238,0
TXN-001450,19.56,7,0.272,1198,1913,0,5,11,0,0,0.493,0
TXN-001451,182.55,17,0.23,625,1233,0,3,9,0,0,0.31,0
TXN-001452,85.11,10,0.194,1070,3558,3,2,9,0,0,0.137,0
TXN-001453,22.49,4,0.556,714,1155,0,3,4,1,0,0.42,0
TXN-001454,61.73,0,0.634,1004,2,0,1,13,0,0,0.021,0
TXN-001455,16.51,22,0.471,516,545,1,7,10,0,1,0.533,0
TXN-001456,113.45,4,0.347,796,1821,0,3,9,0,0,0.241,0
TXN-001457,193.98,9,0.665,403,3729,0,5,9,1,0,0.122,0
TXN-001458,18.71,10,0.2,532,378,0,2,5,0,1,0.422,0
TXN-001459,173.48,16,0.457,1066,382,1,4,9,0,0,0.588,0
TXN-001460,30.71,17,0.159,683,2392,0,0,11,0,1,0.335,0
TXN-001461,50.72,0,0.487,671,1075,0,5,6,1,0,0.383,0
TXN-001462,105.36,19,0.501,1268,3050,1,1,5,0,0,0.609,0
TXN-001463,60.89,16,0.006,38,3041,1,1,9,0,0,0.423,0
TXN-001464,10.35,2,0.118,1252,935,1,2,6,0,0,0.042,0
TXN-001465,30.28,13,0.169,1310,2718,0,4,5,0,0,0.228,0
TXN-001466,26.73,5,0.081,1238,349,2,1,10,0,1,0.295,0
TXN-001467,54.61,19,0.071,598,724,1,1,8,0,0,0.09,0
TXN-001468,82.46,8,0.102,649,2023,2,2,9,0,0,0.318,0
TXN-001469,273.77,10,0.212,1305,516,0,1,11,0,0,0.439,0
TXN-001470,141.67,20,0.228,734,2480,0,4,6,0,0,0.321,0
TXN-001471,29.64,1,0.178,1124,2606,1,3,13,0,0,0.502,0
TXN-001472,42.99,14,0.393,106,1118,0,0,3,0,0,0.244,0
TXN-001473,133.12,13,0.523,1024,3571,2,3,11,0,1,0.763,1
TXN-001474,33.31,11,0.254,44,3463,0,3,8,1,0,0.311,0
TXN-001475,5.39,0,0.309,546,465,0,1,7,0,0,0.361,0
TXN-001476,26.32,23,0.339,449,1727,1,0,7,0,0,0.333,0
TXN-001477,24.35,19,0.223,1313,865,1,1,3,0,0,0.487,0
TXN-001478,46.84,22,0.368,781,1353,3,4,8,0,0,0.12,0
TXN-001479,19.21,14,0.094,83,1981,2,1,12,0,0,0.028,0
TXN-001480,15.68,9,0.341,874,2546,1,1,6,0,1,0.23,0
TXN-001481,24.24,13,0.181,572,1206,1,1,9,0,0,0.136,0
TXN-001482,12.96,3,0.292,1214,2649,0,1,9,0,0,0.369,0
TXN-001483,186.09,21,0.358,98,2327,2,5,9,0,0,0.146,0
TXN-001484,81.71,2,0.387,917,279,0,1,3,1,0,0.313,0
TXN-001485,6.75,17,0.368,820,1613,0,0,10,0,0,0.307,0
TXN-001486,35.16,1,0.585,876,3946,0,3,8,0,0,0.129,1
TXN-001487,127.74,2,0.162,714,3626,1,2,7,0,0,0.232,1
TXN-001488,78.56,2,0.458,908,1365,3,1,6,0,1,0.097,1
TXN-001489,50.43,4,0.399,656,1334,0,1,9,1,0,0.001,0
TXN-001490,39.37,4,0.219,1062,2597,0,0,11,0,0,0.289,0
TXN-001491,19.72,5,0.303,1442,1380,3,1,8,0,0,0.202,0
TXN-001492,11.69,12,0.077,1069,2217,0,3,11,0,0,0.383,0
TXN-001493,44.02,8,0.163,863,217,0,1,6,0,0,0.158,0
TXN-001494,53.34,10,0.492,56,2968,0,2,7,0,0,0.105,0
TXN-001495,76.87,0,0.408,221,1537,2,4,8,0,1,0.429,1
TXN-001496,90.44,21,0.577,315,3469,0,0,12,0,1,0.56,0
TXN-001497,78.18,16,0.291,739,2595,0,2,9,0,0,0.211,0
TXN-001498,7.81,15,0.311,910,2852,1,4,7,1,0,0.379,0
TXN-001499,9.81,14,0.209,236,2578,1,2,6,0,0,0.271,0
TXN-001500,104.39,19,0.483,874,2519,0,3,7,0,1,0.4,0
TXN-001501,101.56,4,0.574,757,834,0,2,6,1,0,0.23,1
TXN-001502,17.62,9,0.23,65,3770,0,4,5,0,0,0.134,0
TXN-001503,17.61,6,0.118,630,3209,0,1,11,0,0,0.31,0
TXN-001504,45.2,18,0.472,889,1961,1,6,8,0,0,0.635,0
TXN-001505,9.31,11,0.168,34,814,2,2,8,0,0,0.347,0
TXN-001506,19.75,21,0.028,94,2240,0,1,11,0,0,0.415,0
TXN-001507,66.79,12,0.238,844,3644,0,0,7,0,0,0.611,0
TXN-001508,29.03,14,0.469,497,3004,2,0,7,1,0,0.335,0
TXN-001509,71.02,3,0.21,1379,1306,1,3,11,0,0,0.763,0
TXN-001510,11.15,21,0.224,1076,1057,0,2,9,0,0,0.325,0
TXN-001511,93.39,3,0.15,1011,1934,0,1,4,1,1,0.693,0
TXN-001512,299.84,6,0.125,1088,1897,1,3,9,0,0,0.281,0
TXN-001513,19.97,18,0.412,1273,1323,0,2,8,0,0,0.147,0
TXN-001514,81.43,18,0.439,1073,2850,0,1,9,0,1,0.218,0
TXN-001515,11.91,15,0.741,874,2272,0,0,8,0,0,0.319,0
TXN-001516,15.92,5,0.124,82,3128,0,2,4,0,0,0.643,0
TXN-001517,82.16,20,0.243,1217,1324,0,1,10,0,0,0.325,0
TXN-001518,38.72,0,0.085,385,3069,0,1,6,0,0,0.302,0
TXN-001519,21.98,16,0.096,1044,3708,0,1,15,0,0,0.49,0
TXN-001520,46.77,12,0.213,314,3004,0,7,11,0,0,0.308,0
TXN-001521,10.43,14,0.418,93,3415,1,3,8,0,0,0.426,0
TXN-001522,38.49,7,0.366,920,2565,0,3,8,0,0,0.213,0
TXN-001523,154.25,1,0.285,617,700,1,3,8,0,0,0.377,1
TXN-001524,87.37,1,0.07,1248,2953,1,0,9,0,0,0.197,0
TXN-001525,92.73,20,0.3,854,1886,0,2,12,0,0,0.302,0
TXN-001526,55.25,3,0.373,1360,2297,0,1,8,0,0,0.272,0
TXN-001527,194.44,13,0.388,1282,774,1,2,7,0,0,0.235,0
TXN-001528,8.63,13,0.191,517,1227,2,3,9,0,0,0.323,0
TXN-001529,15.23,0,0.41,780,2838,1,2,7,0,0,0.292,0
TXN-001530,97.67,18,0.054,534,119,1,2,11,0,0,0.212,0
TXN-001531,254.89,6,0.241,437,3787,0,3,8,0,0,0.194,0
TXN-001532,80.2,19,0.278,856,3837,2,1,8,0,1,0.271,1
TXN-001533,20.48,11,0.199,460,3731,0,1,12,0,1,0.552,0
TXN-001534,34.96,7,0.531,219,1281,0,2,7,0,0,0.404,0
TXN-001535,43.5,0,0.37,1376,134,2,3,8,0,0,0.651,0
TXN-001536,271.34,22,0.443,816,1806,0,3,8,0,0,0.492,0
TXN-001537,223.3,8,0.118,531,1304,5,1,8,0,0,0.266,0
TXN-001538,141.8,20,0.132,87,309,1,1,8,0,0,0.591,0
TXN-001539,137.77,22,0.384,931,3498,0,1,8,0,0,0.263,0
TXN-001540,6.33,18,0.187,644,1005,0,1,4,0,0,0.206,0
TXN-001541,12.63,6,0.527,14,3309,2,4,3,0,1,0.432,0
TXN-001542,40.71,1,0.24,7,2284,0,1,6,1,0,0.351,0
TXN-001543,34.57,23,0.379,413,2765,2,2,7,0,0,0.569,0
TXN-001544,182.54,3,0.147,566,2524,3,3,8,0,1,0.406,0
TXN-001545,101.97,22,0.715,617,2075,1,1,8,0,0,0.071,0
TXN-001546,61.77,14,0.149,890,1634,1,4,6,0,0,0.531,0
TXN-001547,70.51,8,0.305,1407,2574,0,2,8,0,1,0.53,0
TXN-001548,38.95,3,0.283,755,3761,2,4,8,0,0,0.156,0
TXN-001549,37.6,13,0.246,298,1086,1,4,4,0,0,0.41,0
TXN-001550,23.57,0,0.213,959,538,0,0,12,0,1,0.418,0
TXN-001551,45.21,23,0.219,486,2662,2,2,6,0,0,0.247,0
TXN-001552,12.61,10,0.186,51,238,0,2,7,0,1,0.163,0
TXN-001553,119.88,19,0.303,847,2959,1,2,7,0,0,0.144,0
TXN-001554,31.03,2,0.391,1048,770,2,3,8,0,0,0.552,0
TXN-001555,42.19,13,0.072,618,3336,0,2,7,1,0,0.129,0
TXN-001556,20.04,2,0.521,602,2847,2,1,8,0,0,0.123,0
TXN-001557,10.99,20,0.281,479,479,0,1,9,0,0,0.02,0
TXN-001558,33.15,7,0.493,1435,2880,1,1,10,0,1,0.068,0
TXN-001559,36.95,17,0.407,312,2314,1,4,3,0,0,0.272,0
TXN-001560,31.01,12,0.34,177,2454,0,3,4,0,0,0.097,0
TXN-001561,188.18,22,0.366,693,2314,0,1,7,0,0,0.068,0
TXN-001562,33.97,4,0.12,141,3642,2,3,2,0,0,0.48,0
TXN-001563,20.28,4,0.316,715,1809,2,2,9,0,0,0.17,0
TXN-001564,80.93,16,0.142,206,953,0,6,2,0,0,0.142,0
TXN-001565,43.76,2,0.513,1156,2203,1,2,7,1,0,0.132,0
TXN-001566,300.26,7,0.021,994,1614,1,2,7,0,0,0.501,0
TXN-001567,48.06,4,0.134,1165,903,0,1,9,0,0,0.326,0
TXN-001568,22.23,0,0.033,639,2349,2,1,10,1,1,0.299,0
TXN-001569,71.25,20,0.237,84,1929,1,1,12,0,0,0.501,0
TXN-001570,70.64,22,0.24,434,3644,1,2,4,1,0,0.443,0
TXN-001571,2.57,10,0.515,1275,558,1,0,7,0,0,0.356,0
TXN-001572,61.72,15,0.528,291,236,2,2,12,0,0,0.193,0
TXN-001573,12.03,2,0.22,1487,84,0,3,9,0,0,0.244,0
TXN-001574,47.53,14,0.156,529,1197,2,5,9,0,0,0.282,0
TXN-001575,57.53,4,0.346,586,2213,0,0,9,0,0,0.355,0
TXN-001576,74.42,20,0.048,516,2273,1,1,8,1,0,0.263,0
TXN-001577,18.63,20,0.256,1091,1561,2,2,10,0,0,0.057,0
TXN-001578,253.32,5,0.103,43,2340,1,0,12,0,0,0.413,0
TXN-001579,15.98,3,0.352,160,2222,3,0,6,0,0,0.215,0
TXN-001580,4.43,4,0.183,1367,627,1,2,5,0,1,0.122,0
TXN-001581,71.48,19,0.507,1307,1029,1,5,7,1,1,0.104,0
TXN-001582,17.42,12,0.533,913,712,1,4,7,0,0,0.586,0
TXN-001583,12.0,6,0.212,825,2398,0,1,4,0,1,0.668,0
TXN-001584,86.77,20,0.487,61,2554,0,7,4,1,0,0.413,0
TXN-001585,15.97,0,0.07,216,953,0,0,7,0,0,0.278,0
TXN-001586,59.89,6,0.182,776,695,1,2,11,0,0,0.592,0
TXN-001587,32.37,4,0.193,47,3260,0,4,7,0,0,0.58,0
TXN-001588,14.93,21,0.492,22,2921,1,2,16,0,0,0.228,0
TXN-001589,8.17,22,0.211,11,1366,3,3,9,0,1,0.155,0
TXN-001590,3.73,22,0.502,779,3859,1,4,6,0,0,0.36,0
TXN-001591,224.08,23,0.227,664,2308,1,2,13,0,1,0.165,1
TXN-001592,115.94,14,0.208,446,2771,3,4,7,0,0,0.703,0
TXN-001593,54.94,5,0.352,1302,3226,0,0,4,1,0,0.775,0
TXN-001594,56.12,5,0.604,1397,3026,0,3,1,0,0,0.166,0
TXN-001595,72.58,10,0.159,704,1928,0,2,10,0,0,0.31,0
TXN-001596,53.42,16,0.148,471,1936,0,3,9,0,0,0.396,0
TXN-001597,122.13,19,0.339,255,2249,3,2,10,0,0,0.691,0
TXN-001598,37.16,14,0.171,541,3630,1,4,7,0,1,0.628,0
TXN-001599,100.29,13,0.151,1305,2106,0,3,8,0,1,0.348,0
TXN-001600,8.25,23,0.389,781,1110,1,5,9,0,0,0.602,0
TXN-001601,16.55,1,0.465,913,1629,0,3,8,0,0,0.176,0
TXN-001602,32.93,13,0.231,559,3387,0,2,8,0,0,0.215,0
TXN-001603,121.82,16,0.193,630,674,0,3,10,0,0,0.362,0
TXN-001604,105.39,12,0.241,864,3324,0,0,14,0,0,0.21,0
TXN-001605,17.93,6,0.461,1028,1096,0,2,6,0,0,0.208,1
TXN-001606,25.55,12,0.389,1484,623,2,3,13,0,0,0.283,1
TXN-001607,19.84,23,0.349,424,2681,0,0,13,0,0,0.205,0
TXN-001608,28.92,5,0.249,501,3877,2,0,13,0,0,0.468,0
TXN-001609,45.81,6,0.474,907,1244,0,6,11,0,0,0.358,0
TXN-001610,51.82,13,0.093,706,3843,0,1,12,0,0,0.499,0
TXN-001611,40.35,7,0.492,1138,3508,1,1,5,0,0,0.266,0
TXN-001612,249.53,13,0.374,857,2383,1,5,4,0,1,0.339,0
TXN-001613,22.09,10,0.396,1213,1092,0,3,4,0,0,0.259,0
TXN-001614,256.51,1,0.148,1170,778,0,1,9,1,0,0.393,0
TXN-001615,15.24,3,0.276,623,3149,0,2,5,0,0,0.064,0
TXN-001616,19.29,17,0.141,109,3474,0,1,5,0,0,0.193,0
TXN-001617,48.45,22,0.447,1104,743,0,0,3,0,0,0.381,0
TXN-001618,681.35,15,0.201,849,3641,1,2,11,0,0,0.5,0
TXN-001619,28.33,11,0.11,1464,3946,1,2,5,0,0,0.112,0
TXN-001620,47.37,2,0.231,583,1784,0,4,7,0,0,0.211,0
TXN-001621,1.77,5,0.326,31,1234,2,0,9,0,1,0.33,0
TXN-001622,50.0,17,0.282,382,2415,3,3,5,0,0,0.166,0
TXN-001623,27.07,9,0.087,1115,834,1,0,11,0,0,0.518,0
TXN-001624,77.68,9,0.082,470,2675,1,3,7,0,1,0.495,0
TXN-001625,158.27,9,0.214,1030,1635,2,5,4,0,0,0.454,0
TXN-001626,20.05,14,0.17,257,3517,0,1,11,0,0,0.121,0
TXN-001627,9.12,19,0.038,1179,3780,2,1,8,0,0,0.337,0
TXN-001628,268.27,7,0.31,816,2296,0,1,6,0,0,0.442,1
TXN-001629,28.01,13,0.115,1126,655,0,2,6,0,0,0.292,0
TXN-001630,49.87,14,0.315,867,582,0,2,6,0,0,0.312,0
TXN-001631,19.4,23,0.308,41,3344,1,0,6,0,0,0.343,0
TXN-001632,32.39,20,0.147,182,2476,2,3,13,0,0,0.278,0
TXN-001633,15.44,16,0.205,1394,1712,1,3,11,0,0,0.15,0
TXN-001634,50.69,7,0.127,20,637,3,2,9,0,1,0.216,0
TXN-001635,34.53,10,0.378,1235,869,1,2,9,1,0,0.18,0
TXN-001636,133.72,9,0.486,35,2616,0,1,12,0,0,0.363,0
TXN-001637,8.74,2,0.285,177,886,1,1,8,0,0,0.012,0
TXN-001638,66.42,20,0.042,1115,3727,0,3,6,0,0,0.181,0
TXN-001639,19.38,16,0.619,166,1064,1,1,6,0,0,0.342,1
TXN-001640,28.08,13,0.253,626,2933,0,1,7,0,0,0.364,0
TXN-001641,22.61,16,0.263,220,2037,2,4,9,0,0,0.164,0
TXN-001642,302.55,10,0.592,460,3899,0,3,2,0,1,0.157,0
TXN-001643,87.34,11,0.425,53,3327,3,3,11,1,0,0.149,0
TXN-001644,81.5,1,0.412,588,3583,2,1,9,0,0,0.47,0
TXN-001645,117.13,23,0.044,1272,2553,1,3,8,0,0,0.36,0
TXN-001646,33.55,6,0.224,1413,2722,0,1,6,0,1,0.233,0
TXN-001647,18.39,8,0.531,286,1578,3,5,9,0,0,0.138,1
TXN-001648,33.91,14,0.474,656,2566,1,2,8,1,0,0.126,0
TXN-001649,18.87,23,0.405,193,1189,1,3,3,0,1,0.257,1
TXN-001650,30.71,3,0.125,725,2707,0,3,7,0,0,0.171,0
TXN-001651,71.89,20,0.17,106,3584,0,3,13,0,0,0.245,0
TXN-001652,240.17,0,0.164,772,1989,0,1,8,0,0,0.099,0
TXN-001653,65.11,17,0.156,1004,1787,0,1,7,1,0,0.083,0
TXN-001654,138.35,15,0.673,1487,1698,0,0,13,0,1,0.585,1
TXN-001655,126.36,23,0.148,1230,3937,0,3,11,0,0,0.427,0
TXN-001656,87.88,7,0.395,1241,3429,1,0,4,0,1,0.651,0
TXN-001657,77.76,18,0.136,813,1746,1,2,8,0,1,0.208,0
TXN-001658,6.34,6,0.51,246,3093,0,3,6,0,0,0.551,0
TXN-001659,37.95,14,0.496,24,3873,0,1,11,1,0,0.658,0
TXN-001660,22.45,11,0.288,1495,3613,0,6,12,0,0,0.55,0
TXN-001661,230.54,22,0.209,388,2758,2,2,8,0,1,0.283,0
TXN-001662,33.09,6,0.119,982,2678,0,3,8,0,0,0.074,0
TXN-001663,244.62,4,0.416,124,2874,2,2,13,1,1,0.179,0
TXN-001664,5.84,13,0.457,182,392,0,3,8,0,0,0.35,1
TXN-001665,90.97,22,0.078,1491,567,2,2,5,0,0,0.12,0
TXN-001666,95.14,13,0.072,207,3833,0,1,6,1,0,0.339,0
TXN-001667,48.02,1,0.592,644,1715,2,2,10,0,0,0.182,0
TXN-001668,32.03,11,0.326,288,1300,2,2,9,0,0,0.312,0
TXN-001669,80.48,8,0.299,920,3607,1,1,7,0,0,0.34,0
TXN-001670,219.49,1,0.613,908,3449,3,0,5,0,0,0.424,0
TXN-001671,28.46,15,0.113,1319,2842,0,3,7,1,0,0.595,0
TXN-001672,33.76,7,0.41,208,14,0,3,8,0,0,0.205,0
TXN-001673,51.99,21,0.276,46,3454,0,1,10,0,0,0.382,0
TXN-001674,26.56,18,0.14,325,3482,0,5,6,0,0,0.476,0
TXN-001675,112.01,9,0.173,1226,3950,1,3,9,0,0,0.227,0
TXN-001676,167.14,3,0.346,823,3743,1,2,13,1,1,0.367,0
TXN-001677,87.29,16,0.526,1037,3751,1,2,8,0,0,0.424,0
TXN-001678,55.59,11,0.139,270,679,0,5,8,0,1,0.558,0
TXN-001679,66.5,5,0.172,741,5,1,2,10,0,1,0.137,0
TXN-001680,6.14,1,0.194,1260,1991,0,0,7,0,0,0.552,0
TXN-001681,16.81,7,0.171,1294,3517,0,0,13,0,0,0.468,0
TXN-001682,7.59,0,0.016,462,1295,2,2,4,0,0,0.299,0
TXN-001683,126.33,8,0.055,543,2270,0,1,6,0,0,0.437,0
TXN-001684,11.71,4,0.546,1411,2289,0,2,7,0,0,0.247,0
TXN-001685,48.87,17,0.253,1091,1254,1,1,7,1,1,0.067,0
TXN-001686,223.66,15,0.073,1352,1417,1,2,11,1,0,0.17,0
TXN-001687,96.81,3,0.237,1085,3113,1,3,10,0,0,0.482,0
TXN-001688,45.73,5,0.255,82,453,1,2,3,0,1,0.266,0
TXN-001689,19.85,16,0.158,582,2341,0,2,9,0,0,0.098,0
TXN-001690,21.35,19,0.163,1217,1085,1,1,9,0,0,0.614,0
TXN-001691,51.71,20,0.197,139,1899,2,1,5,0,0,0.065,0
TXN-001692,60.77,23,0.65,112,2655,1,2,11,0,0,0.153,0
TXN-001693,34.52,15,0.211,752,1550,1,1,8,0,0,0.211,0
TXN-001694,14.56,23,0.214,1399,2011,0,3,9,1,0,0.175,0
TXN-001695,7.86,7,0.267,1208,459,1,4,12,0,0,0.147,0
TXN-001696,28.39,13,0.043,473,3379,1,2,6,0,0,0.223,0
TXN-001697,20.26,10,0.214,1288,2448,0,1,8,0,0,0.266,0
TXN-001698,140.18,0,0.66,773,1659,0,3,7,0,1,0.072,1
TXN-001699,177.58,21,0.287,1204,2772,1,2,13,0,0,0.176,0
TXN-001700,5.5,19,0.223,447,429,0,6,12,0,0,0.239,0
TXN-001701,47.37,9,0.253,636,2503,1,2,8,0,0,0.766,0
TXN-001702,532.57,10,0.263,7,1701,0,1,8,0,0,0.161,1
TXN-001703,171.64,6,0.487,1329,730,1,2,6,0,0,0.287,0
TXN-001704,27.28,13,0.33,241,2489,1,3,10,0,0,0.214,0
TXN-001705,110.62,20,0.133,158,3010,0,7,8,0,0,0.594,0
TXN-001706,48.21,13,0.494,1289,3864,0,1,7,0,0,0.163,0
TXN-001707,52.3,0,0.161,1198,3350,1,1,10,0,0,0.309,0
TXN-001708,241.22,20,0.358,1171,3144,0,2,7,0,0,0.351,0
TXN-001709,17.51,7,0.113,1215,416,0,2,6,0,1,0.376,0
TXN-001710,126.97,7,0.434,863,2424,1,6,5,0,0,0.56,0
TXN-001711,20.01,0,0.426,7,3460,1,5,12,1,1,0.092,0
TXN-001712,68.06,4,0.244,1007,641,1,5,8,1,0,0.314,0
TXN-001713,36.54,5,0.413,381,1709,0,3,5,0,0,0.438,0
TXN-001714,43.33,9,0.139,1245,95,3,1,8,0,0,0.289,0
TXN-001715,509.49,17,0.618,1436,3593,2,2,6,0,0,0.313,0
TXN-001716,19.64,17,0.278,505,1858,0,2,9,0,0,0.213,0
TXN-001717,213.87,9,0.506,1218,2512,0,3,10,0,1,0.447,0
TXN-001718,19.38,17,0.444,1138,1764,1,2,9,0,1,0.207,0
TXN-001719,41.64,19,0.287,700,3816,0,2,12,0,0,0.165,0
TXN-001720,144.51,18,0.515,989,1431,2,4,13,0,0,0.304,0
TXN-001721,43.44,1,0.373,1453,2737,1,2,5,0,0,0.212,0
TXN-001722,53.83,4,0.255,373,3618,2,6,4,0,0,0.281,0
TXN-001723,38.55,20,0.055,1348,1200,1,3,11,0,0,0.23,0
TXN-001724,40.75,6,0.166,71,1200,1,1,10,1,0,0.277,0
TXN-001725,99.41,11,0.161,150,3526,1,3,7,0,0,0.32,0
TXN-001726,83.41,0,0.596,565,3367,1,1,9,0,0,0.353,0
TXN-001727,20.79,0,0.134,980,2950,0,4,10,0,0,0.441,0
TXN-001728,87.52,21,0.091,479,709,1,2,8,0,0,0.317,0
TXN-001729,59.87,10,0.266,1164,2107,2,2,9,0,1,0.387,0
TXN-001730,93.82,1,0.091,1328,2745,3,1,6,0,0,0.108,0
TXN-001731,78.24,6,0.214,1349,497,2,2,12,0,0,0.204,0
TXN-001732,75.98,17,0.488,853,1434,1,2,11,0,0,0.383,1
TXN-001733,24.65,15,0.599,1345,581,2,3,6,0,0,0.144,0
TXN-001734,19.32,3,0.319,1079,1772,1,2,4,0,0,0.697,0
TXN-001735,85.01,4,0.431,424,2828,0,1,10,0,1,0.137,0
TXN-001736,51.64,13,0.305,1259,446,1,1,6,0,0,0.399,0
TXN-001737,139.21,2,0.035,887,346,2,2,9,0,0,0.124,0
TXN-001738,109.95,23,0.059,242,3044,1,2,10,0,0,0.587,0
TXN-001739,202.84,7,0.179,149,3323,0,3,7,0,0,0.569,0
TXN-001740,31.09,23,0.166,826,591,0,2,8,0,0,0.063,0
TXN-001741,31.88,4,0.442,506,2486,3,2,6,0,1,0.494,1
TXN-001742,44.87,10,0.576,707,2057,0,1,7,0,0,0.033,0
TXN-001743,18.11,19,0.094,171,1277,0,0,4,0,0,0.3,0
TXN-001744,86.46,18,0.052,719,525,0,1,8,0,1,0.203,0
TXN-001745,374.48,2,0.306,19,560,1,4,8,0,1,0.375,1
TXN-001746,92.78,20,0.44,725,3301,2,0,4,0,1,0.173,0
TXN-001747,159.05,12,0.072,758,79,2,1,14,0,0,0.235,0
TXN-001748,23.44,2,0.427,703,1392,1,0,10,0,0,0.239,1
TXN-001749,104.23,9,0.303,1240,3668,0,2,8,0,0,0.149,0
TXN-001750,57.32,2,0.141,365,2917,2,2,8,0,0,0.261,0
TXN-001751,9.48,4,0.473,317,1534,0,2,6,0,0,0.517,0
TXN-001752,36.69,7,0.32,823,1457,3,1,7,0,0,0.598,0
TXN-001753,19.82,15,0.673,852,3337,1,3,14,0,0,0.226,0
TXN-001754,188.72,7,0.215,929,242,0,2,9,0,0,0.19,0
TXN-001755,4.12,20,0.06,1067,3029,1,4,9,0,0,0.083,0
TXN-001756,22.78,11,0.029,852,1349,3,3,9,0,0,0.358,0
TXN-001757,49.17,19,0.36,6,3904,1,4,8,0,1,0.149,0
TXN-001758,16.74,9,0.149,1120,3736,0,0,8,0,1,0.293,0
TXN-001759,155.35,13,0.609,323,2890,0,2,11,0,1,0.46,0
TXN-001760,131.91,6,0.536,1456,3449,2,2,15,0,0,0.254,0
TXN-001761,65.27,21,0.188,556,1544,0,1,7,0,0,0.229,0
TXN-001762,25.21,7,0.141,319,643,0,1,6,1,0,0.664,0
TXN-001763,15.79,22,0.553,534,2769,0,2,13,0,0,0.145,0
TXN-001764,59.67,4,0.254,1350,477,1,3,7,0,0,0.296,0
TXN-001765,68.99,13,0.234,52,1454,0,1,8,0,0,0.536,0
TXN-001766,58.39,1,0.19,1458,3894,1,0,11,0,1,0.519,0
TXN-001767,36.81,10,0.205,527,1949,0,3,7,0,0,0.18,0
TXN-001768,64.49,5,0.436,146,1735,0,3,8,0,0,0.435,0
TXN-001769,27.55,10,0.682,10,2469,0,3,6,0,0,0.433,0
TXN-001770,62.28,21,0.483,779,119,1,2,5,0,1,0.508,0
TXN-001771,58.93,21,0.035,1465,3682,1,2,8,0,0,0.446,0
TXN-001772,34.98,16,0.406,6,1985,2,2,8,1,0,0.158,0
TXN-001773,16.27,2,0.062,1336,2661,1,2,9,0,1,0.245,0
TXN-001774,23.27,3,0.267,794,336,1,2,12,1,0,0.494,1
TXN-001775,65.41,20,0.371,1078,1243,1,2,7,0,0,0.175,0
TXN-001776,69.13,1,0.321,1028,3735,0,4,10,0,0,0.195,0
TXN-001777,106.37,19,0.22,152,1044,1,6,10,1,0,0.255,0
TXN-001778,36.71,9,0.085,1114,2684,1,3,10,0,0,0.391,0
TXN-001779,19.28,14,0.333,1268,3874,0,1,10,0,0,0.75,0
TXN-001780,12.02,5,0.194,263,1874,0,3,10,0,0,0.31,0
TXN-001781,46.37,18,0.235,263,1617,0,1,6,1,1,0.335,0
TXN-001782,430.67,10,0.129,1493,2009,2,3,7,1,0,0.403,1
TXN-001783,19.41,19,0.318,1399,419,1,3,7,0,0,0.424,0
TXN-001784,54.24,10,0.181,621,2611,0,2,11,0,0,0.052,0
TXN-001785,18.99,12,0.08,195,2145,2,2,10,0,0,0.063,0
TXN-001786,141.7,17,0.738,1239,1124,1,1,8,0,0,0.575,0
TXN-001787,37.92,10,0.182,754,1296,1,1,11,1,0,0.129,0
TXN-001788,294.32,12,0.035,759,3745,0,4,4,0,0,0.089,0
TXN-001789,53.83,14,0.488,1006,3190,1,1,6,0,0,0.633,0
TXN-001790,32.4,21,0.505,533,704,1,3,6,0,0,0.098,0
TXN-001791,34.96,2,0.135,622,3425,1,2,9,0,0,0.15,0
TXN-001792,5.68,21,0.362,1362,42,1,4,6,0,0,0.131,0
TXN-001793,37.88,13,0.67,315,2875,0,2,14,1,0,0.26,0
TXN-001794,95.24,7,0.274,1467,1728,1,2,5,0,0,0.147,0
TXN-001795,25.95,18,0.124,1439,471,0,0,5,0,0,0.15,0
TXN-001796,47.33,3,0.164,1302,2863,1,4,10,0,0,0.323,0
TXN-001797,18.53,16,0.561,757,1396,3,3,13,0,0,0.324,0
TXN-001798,38.25,6,0.405,902,365,0,2,9,0,0,0.277,0
TXN-001799,22.11,13,0.472,375,1913,0,1,5,0,0,0.497,0
TXN-001800,112.26,13,0.465,1337,326,0,3,5,0,1,0.25,0
TXN-001801,15.97,4,0.187,1321,1704,1,5,11,0,1,0.313,0
TXN-001802,34.81,19,0.333,688,3934,1,1,2,0,0,0.236,0
TXN-001803,1033.49,19,0.099,202,2792,0,4,8,1,0,0.358,1
TXN-001804,57.55,9,0.113,975,659,1,0,4,0,0,0.532,0
TXN-001805,39.45,17,0.21,1220,3240,0,1,8,0,0,0.239,0
TXN-001806,21.43,12,0.068,63,433,0,0,5,1,0,0.234,0
TXN-001807,31.55,18,0.15,1137,3587,0,5,12,0,0,0.32,1
TXN-001808,34.87,23,0.331,684,2636,1,2,15,0,0,0.359,0
TXN-001809,166.9,20,0.201,132,467,0,5,8,0,0,0.201,0
TXN-001810,150.32,14,0.236,928,9,1,2,10,0,1,0.279,1
TXN-001811,204.16,5,0.2,1155,3020,0,2,8,0,0,0.421,0
TXN-001812,10.15,14,0.159,1308,1127,1,1,8,0,1,0.477,1
TXN-001813,33.5,19,0.334,1425,670,0,2,6,0,1,0.338,0
TXN-001814,7.38,1,0.07,1330,2200,0,2,11,1,0,0.417,0
TXN-001815,795.25,17,0.566,15,1282,0,2,11,0,0,0.217,0
TXN-001816,64.47,13,0.12,746,330,1,1,6,0,1,0.444,0
TXN-001817,16.33,3,0.364,808,3440,0,0,11,0,0,0.499,0
TXN-001818,23.71,4,0.05,389,1389,1,1,12,0,1,0.314,0
TXN-001819,126.13,21,0.07,1192,3704,1,3,10,0,1,0.211,0
TXN-001820,0.8,22,0.033,1312,3674,1,4,10,1,0,0.191,0
TXN-001821,12.79,3,0.106,316,2170,1,3,9,1,0,0.155,0
TXN-001822,17.69,4,0.041,794,3843,2,1,9,0,0,0.407,0
TXN-001823,5.52,7,0.354,421,430,1,2,14,0,0,0.141,0
TXN-001824,89.62,12,0.442,979,3565,0,0,7,0,1,0.383,1
TXN-001825,16.21,18,0.24,475,969,1,2,7,0,0,0.315,0
TXN-001826,28.55,1,0.102,1404,555,2,1,10,0,1,0.468,0
TXN-001827,96.03,15,0.268,616,554,1,3,2,1,1,0.297,0
TXN-001828,52.23,6,0.289,974,3484,2,2,7,0,1,0.439,0
TXN-001829,126.44,7,0.361,1195,3333,0,3,6,0,0,0.283,0
TXN-001830,323.15,3,0.317,1072,3974,1,3,9,0,0,0.19,0
TXN-001831,54.07,10,0.126,1441,1712,0,3,8,1,0,0.012,0
TXN-001832,43.58,19,0.15,988,2277,2,0,3,0,1,0.547,0
TXN-001833,161.15,11,0.27,970,1792,0,4,8,0,0,0.129,0
TXN-001834,3.26,11,0.314,273,1929,1,2,6,0,0,0.333,0
TXN-001835,20.17,4,0.223,1347,636,1,2,5,0,0,0.184,0
TXN-001836,45.57,5,0.325,19,1087,1,4,14,0,0,0.233,0
TXN-001837,6.49,15,0.05,339,3160,1,1,12,0,0,0.231,0
TXN-001838,66.59,10,0.204,1108,1118,1,5,10,0,0,0.56,0
TXN-001839,135.79,22,0.136,118,2149,2,1,11,0,0,0.499,0
TXN-001840,25.52,3,0.388,133,1898,0,4,14,0,0,0.265,0
TXN-001841,11.14,8,0.394,1435,116,0,0,7,1,0,0.647,0
TXN-001842,33.19,9,0.359,921,3372,0,0,5,0,0,0.752,0
TXN-001843,38.23,8,0.314,85,2724,0,1,5,1,0,0.372,0
TXN-001844,11.01,11,0.345,872,3903,1,8,10,0,0,0.144,0
TXN-001845,5.12,9,0.357,143,382,1,4,3,1,1,0.504,0
TXN-001846,12.45,11,0.487,884,3193,2,1,8,0,0,0.253,0
TXN-001847,4.82,7,0.083,805,3240,0,0,11,0,0,0.439,0
TXN-001848,21.94,17,0.155,562,2292,1,2,8,1,0,0.858,0
TXN-001849,65.63,10,0.118,897,3727,0,3,5,0,0,0.56,0
TXN-001850,119.98,18,0.416,570,2068,0,3,8,0,1,0.214,0
TXN-001851,215.21,6,0.148,1051,3948,0,2,10,0,0,0.462,0
TXN-001852,21.49,11,0.118,80,2632,1,3,8,0,1,0.455,1
TXN-001853,11.08,13,0.187,1021,3440,1,1,6,0,0,0.331,0
TXN-001854,40.04,10,0.263,294,1747,2,3,8,0,0,0.164,0
TXN-001855,4.41,19,0.154,460,1539,1,1,5,0,0,0.273,0
TXN-001856,16.94,19,0.248,1360,1428,1,1,8,0,0,0.127,0
TXN-001857,81.67,13,0.25,1360,1722,2,6,4,1,1,0.569,1
TXN-001858,10.62,14,0.166,433,3867,0,4,8,0,0,0.349,0
TXN-001859,13.64,15,0.309,1168,448,1,0,12,0,0,0.182,0
TXN-001860,21.01,10,0.122,1093,2851,1,2,12,0,0,0.584,0
TXN-001861,25.12,13,0.419,438,3527,0,2,9,1,0,0.396,0
TXN-001862,560.31,9,0.253,1381,507,0,0,16,1,0,0.56,1
TXN-001863,22.4,22,0.425,531,3690,0,0,9,0,0,0.497,0
TXN-001864,49.32,15,0.526,946,1012,0,4,4,0,0,0.286,0
TXN-001865,44.41,21,0.208,1207,1637,2,5,10,0,0,0.498,0
TXN-001866,27.9,6,0.333,1251,376,0,1,10,0,0,0.36,0
TXN-001867,26.93,23,0.194,196,1697,0,3,12,0,1,0.516,1
TXN-001868,87.13,23,0.257,1189,1291,2,0,8,0,0,0.436,0
TXN-001869,70.27,18,0.139,1220,2552,1,0,10,1,0,0.274,0
TXN-001870,31.08,17,0.098,1275,2878,0,2,7,0,0,0.32,0
TXN-001871,162.32,2,0.298,1476,1522,2,6,5,0,0,0.205,0
TXN-001872,56.14,15,0.157,174,1091,1,3,11,1,0,0.716,0
TXN-001873,24.34,14,0.352,1293,1902,0,1,7,0,1,0.062,0
TXN-001874,80.09,9,0.223,457,2733,1,2,3,0,1,0.115,0
TXN-001875,97.87,16,0.171,624,3949,0,1,6,0,0,0.371,0
TXN-001876,15.93,21,0.416,522,6,1,3,8,1,0,0.426,0
TXN-001877,43.21,15,0.678,539,2030,1,5,7,0,0,0.448,0
TXN-001878,36.59,12,0.249,539,3492,1,3,11,0,0,0.495,0
TXN-001879,537.28,9,0.341,463,1288,2,2,13,0,0,0.277,0
TXN-001880,86.73,6,0.123,894,1731,1,5,8,0,0,0.249,0
TXN-001881,27.39,18,0.065,1457,3784,1,1,7,0,1,0.162,0
TXN-001882,61.59,4,0.358,294,429,3,1,5,0,0,0.457,0
TXN-001883,315.46,17,0.603,1432,655,1,0,10,0,0,0.333,1
TXN-001884,12.22,16,0.22,1444,2892,1,1,7,0,0,0.202,0
TXN-001885,96.76,17,0.255,1278,2435,1,1,12,0,1,0.129,0
TXN-001886,113.95,10,0.234,708,1465,2,0,6,0,0,0.531,0
TXN-001887,27.81,8,0.556,1050,2945,0,1,8,0,0,0.468,0
TXN-001888,121.57,20,0.162,882,1209,0,4,8,0,1,0.248,0
TXN-001889,29.48,7,0.313,358,3442,1,1,6,1,1,0.137,0
TXN-001890,60.31,2,0.337,969,1903,0,3,2,0,0,0.594,1
TXN-001891,93.0,16,0.438,202,2671,1,2,11,1,0,0.355,0
TXN-001892,27.6,6,0.355,167,2036,0,5,6,0,0,0.28,0
TXN-001893,36.73,21,0.685,969,2916,2,3,8,0,1,0.057,1
TXN-001894,101.67,3,0.12,1184,1931,1,3,7,0,0,0.519,0
TXN-001895,27.69,11,0.052,426,2313,1,0,3,0,0,0.518,0
TXN-001896,7.92,10,0.037,1092,1160,1,1,15,1,0,0.234,0
TXN-001897,11.37,23,0.341,396,1636,1,1,9,0,1,0.274,0
TXN-001898,179.43,0,0.385,370,1422,2,1,8,0,0,0.434,0
TXN-001899,43.31,14,0.061,1451,1505,0,3,5,0,0,0.481,0
TXN-001900,94.38,12,0.273,1386,2651,2,2,13,0,0,0.15,0
TXN-001901,27.74,0,0.593,509,3548,3,0,6,0,0,0.65,1
TXN-001902,4.76,23,0.283,979,2435,1,2,5,0,0,0.343,0
TXN-001903,22.17,16,0.115,1158,3083,0,3,7,1,0,0.361,0
TXN-001904,12.1,11,0.492,67,2707,4,1,10,0,0,0.32,0
TXN-001905,41.88,8,0.259,959,2115,0,1,8,0,0,0.079,0
TXN-001906,110.99,1,0.327,754,349,0,1,5,0,0,0.258,0
TXN-001907,36.89,13,0.466,353,2021,0,2,9,0,0,0.345,0
TXN-001908,8.6,18,0.116,25,3003,0,4,8,0,0,0.512,0
TXN-001909,25.37,1,0.52,285,494,0,3,12,0,0,0.318,1
TXN-001910,49.14,15,0.077,238,2611,1,3,8,0,1,0.053,0
TXN-001911,42.47,13,0.147,696,3245,1,5,12,1,0,0.142,0
TXN-001912,24.31,8,0.436,65,2347,0,3,1,0,0,0.207,0
TXN-001913,32.23,11,0.512,1459,3347,2,5,7,0,0,0.413,0
TXN-001914,111.99,12,0.22,1277,2617,0,6,11,0,0,0.167,0
TXN-001915,55.9,13,0.217,1383,1840,1,4,9,1,1,0.354,0
TXN-001916,12.4,12,0.215,1451,2182,1,0,6,0,0,0.52,0
TXN-001917,11.13,1,0.446,883,765,0,1,9,0,0,0.207,1
TXN-001918,68.29,10,0.322,178,2652,1,5,9,1,0,0.389,0
TXN-001919,93.41,0,0.366,395,1431,2,4,13,0,0,0.492,1
TXN-001920,142.2,6,0.253,1079,2975,1,0,4,1,0,0.493,0
TXN-001921,57.36,4,0.312,1378,201,0,2,4,1,0,0.246,0
TXN-001922,63.68,20,0.28,1095,3787,0,0,6,1,0,0.431,0
TXN-001923,54.94,12,0.125,1375,325,0,3,5,0,0,0.5,0
TXN-001924,30.39,22,0.365,206,1366,1,4,6,1,0,0.238,0
TXN-001925,12.21,2,0.553,864,624,1,4,13,0,1,0.215,0
TXN-001926,93.75,10,0.436,381,390,2,4,6,0,0,0.525,0
TXN-001927,25.62,5,0.252,255,2589,0,4,8,1,0,0.555,0
TXN-001928,128.94,9,0.253,9,3140,4,3,12,0,1,0.174,1
TXN-001929,28.41,21,0.098,1484,275,0,5,7,0,0,0.184,1
TXN-001930,14.13,20,0.08,743,677,0,0,14,0,0,0.31,0
TXN-001931,60.38,8,0.369,742,2662,1,1,6,0,0,0.518,0
TXN-001932,36.02,7,0.264,571,2610,1,2,12,0,0,0.696,0
TXN-001933,13.58,9,0.578,747,552,0,1,6,0,0,0.54,0
TXN-001934,6.73,22,0.329,653,3587,1,4,5,1,0,0.365,0
TXN-001935,63.42,5,0.396,512,1839,0,0,9,0,0,0.426,0
TXN-001936,23.34,9,0.199,999,1446,1,6,8,0,1,0.444,0
TXN-001937,58.51,8,0.165,893,1925,0,2,7,0,0,0.534,0
TXN-001938,53.73,10,0.397,1067,3506,1,2,14,0,0,0.156,0
TXN-001939,74.98,19,0.535,961,2400,1,2,4,0,0,0.226,0
TXN-001940,35.39,23,0.129,187,1060,2,2,11,1,0,0.13,0
TXN-001941,53.47,7,0.264,1122,231,0,3,10,0,0,0.188,0
TXN-001942,19.36,18,0.561,966,2531,0,0,6,1,0,0.208,1
TXN-001943,172.7,5,0.224,443,3867,3,2,9,0,0,0.083,0
TXN-001944,26.79,2,0.187,7,2013,1,2,7,0,1,0.388,0
TXN-001945,139.34,18,0.128,1488,3881,0,3,4,1,1,0.353,0
TXN-001946,49.51,18,0.149,230,1970,0,4,6,0,0,0.283,0
TXN-001947,89.38,10,0.229,479,2704,2,2,7,0,1,0.38,0
TXN-001948,206.02,2,0.028,1272,3479,0,1,5,0,0,0.351,0
TXN-001949,20.62,7,0.264,1171,263,1,4,8,0,0,0.292,0
TXN-001950,110.56,22,0.431,37,278,0,2,6,1,0,0.416,0
TXN-001951,26.28,10,0.155,167,85,0,2,8,0,0,0.891,0
TXN-001952,63.64,0,0.329,170,3432,0,2,3,0,1,0.455,0
TXN-001953,33.61,19,0.405,18,125,0,3,9,0,0,0.548,0
TXN-001954,55.32,2,0.107,723,1932,1,6,5,0,0,0.575,0
TXN-001955,12.65,17,0.176,1043,2550,0,3,13,0,1,0.529,0
TXN-001956,79.03,18,0.146,548,3367,1,3,8,0,0,0.029,0
TXN-001957,17.93,0,0.352,252,1607,0,2,11,0,0,0.251,0
TXN-001958,65.06,9,0.564,523,3041,0,1,12,0,0,0.709,0
TXN-001959,45.56,3,0.127,239,3986,0,1,8,0,0,0.294,0
TXN-001960,33.77,5,0.274,1113,684,1,0,9,0,0,0.243,0
TXN-001961,105.54,1,0.494,1185,988,2,1,6,0,0,0.204,0
TXN-001962,145.23,17,0.288,281,439,1,3,4,0,0,0.605,0
TXN-001963,202.16,11,0.727,666,2579,0,3,7,0,0,0.353,0
TXN-001964,2.76,3,0.291,20,2990,1,3,4,0,0,0.111,0
TXN-001965,137.26,21,0.46,322,3561,0,1,10,0,0,0.54,0
TXN-001966,49.92,14,0.44,121,1133,1,2,15,0,0,0.238,1
TXN-001967,40.49,15,0.315,461,1626,2,1,8,0,1,0.302,0
TXN-001968,303.08,0,0.353,1386,3266,2,2,13,0,0,0.082,0
TXN-001969,212.91,15,0.235,1224,2595,0,5,8,0,0,0.106,0
TXN-001970,229.33,18,0.253,724,1712,0,1,14,0,0,0.208,0
TXN-001971,28.03,22,0.082,1043,2498,0,1,17,0,0,0.389,0
TXN-001972,112.21,3,0.413,779,1018,1,2,5,0,0,0.509,0
TXN-001973,6.14,0,0.339,686,481,0,1,7,0,0,0.44,1
TXN-001974,17.59,11,0.479,246,341,0,2,11,0,0,0.123,0
TXN-001975,29.12,12,0.209,830,2215,1,1,6,0,0,0.115,0
TXN-001976,35.01,2,0.59,1359,3180,2,0,8,0,0,0.079,0
TXN-001977,16.22,23,0.234,708,2344,1,2,3,0,0,0.433,0
TXN-001978,223.89,6,0.252,941,3867,0,1,10,1,1,0.599,0
TXN-001979,42.16,11,0.5,859,1157,1,3,9,0,0,0.36,0
TXN-001980,14.59,6,0.235,364,2227,1,3,7,0,0,0.496,0
TXN-001981,13.09,7,0.201,663,1880,1,4,8,0,1,0.135,0
TXN-001982,52.61,19,0.351,598,2779,0,4,8,0,0,0.159,0
TXN-001983,31.76,17,0.477,204,2649,1,2,12,0,0,0.417,0
TXN-001984,73.35,11,0.369,1391,2254,1,3,7,0,1,0.242,0
TXN-001985,25.15,20,0.238,1077,3253,2,6,7,0,1,0.301,0
TXN-001986,78.17,22,0.09,166,1655,2,6,12,0,0,0.42,0
TXN-001987,141.12,8,0.497,469,2355,3,2,4,0,0,0.259,0
TXN-001988,19.96,2,0.191,10,1571,0,0,4,0,1,0.633,0
TXN-001989,93.79,2,0.537,1305,423,2,0,14,0,0,0.235,0
TXN-001990,57.99,19,0.608,188,2043,0,4,9,0,0,0.414,0
TXN-001991,64.56,1,0.285,1188,1868,0,4,6,0,0,0.351,0
TXN-001992,12.6,20,0.269,842,3557,2,3,6,0,0,0.341,0
TXN-001993,131.37,4,0.35,288,2283,1,4,7,1,0,0.266,1
TXN-001994,146.68,17,0.122,134,2931,0,2,10,0,0,0.574,0
TXN-001995,8.79,7,0.045,628,478,1,4,9,1,0,0.685,1
TXN-001996,89.4,20,0.809,606,3066,0,3,6,0,0,0.361,0
TXN-001997,2865.85,16,0.563,1018,450,0,2,5,0,0,0.389,1
TXN-001998,42.26,19,0.181,1200,3248,2,2,6,0,0,0.475,0
TXN-001999,146.59,9,0.418,115,2743,1,4,13,0,0,0.499,0
TXN-002000,49.94,17,0.127,961,408,1,4,9,1,0,0.663,1
TXN-002001,8.88,3,0.318,344,2847,2,3,7,1,0,0.323,0
TXN-002002,129.98,14,0.117,225,3145,2,4,10,0,1,0.497,0
TXN-002003,100.47,22,0.261,874,2649,2,3,3,0,0,0.126,0
TXN-002004,37.85,6,0.053,705,1097,0,2,9,0,0,0.362,0
TXN-002005,32.82,23,0.211,174,326,3,1,8,1,0,0.241,0
TXN-002006,6.44,16,0.183,1329,1206,0,1,15,1,0,0.276,0
TXN-002007,212.09,21,0.259,1188,3423,0,1,6,0,1,0.348,1
TXN-002008,363.02,0,0.544,24,2602,2,2,7,0,0,0.262,0
TXN-002009,28.19,1,0.187,1054,85,1,5,7,0,0,0.613,0
TXN-002010,62.81,12,0.276,327,2363,1,2,5,0,0,0.532,0
TXN-002011,5.18,16,0.706,578,3964,1,1,6,1,0,0.494,0
TXN-002012,27.62,15,0.077,54,1543,0,3,10,0,1,0.247,0
TXN-002013,70.18,11,0.252,962,3820,2,3,9,1,1,0.051,0
TXN-002014,21.96,7,0.24,1262,115,2,2,9,1,0,0.771,0
TXN-002015,22.36,4,0.157,1079,2901,1,3,8,0,1,0.552,0
TXN-002016,21.23,4,0.09,559,924,1,1,8,0,0,0.624,0
TXN-002017,45.53,5,0.089,499,3630,2,3,7,0,0,0.545,0
TXN-002018,354.59,0,0.449,474,3771,0,2,6,0,0,0.289,0
TXN-002019,111.89,9,0.352,1303,2789,0,1,7,0,0,0.625,0
TXN-002020,26.56,12,0.13,634,1653,1,2,7,0,1,0.454,0
TXN-002021,72.01,0,0.268,1470,406,2,2,6,0,0,0.061,0
TXN-002022,248.3,16,0.273,699,1640,1,3,7,1,0,0.12,0
TXN-002023,31.14,11,0.539,988,3010,2,1,6,0,1,0.22,0
TXN-002024,31.35,10,0.227,1066,647,0,6,10,0,0,0.398,0
TXN-002025,107.17,3,0.677,1177,2441,0,2,4,0,0,0.142,0
TXN-002026,41.69,23,0.271,177,2484,3,4,9,0,1,0.563,1
TXN-002027,74.13,16,0.396,220,148,1,6,7,0,1,0.302,0
TXN-002028,43.77,20,0.33,74,3264,0,4,10,0,1,0.342,0
TXN-002029,34.04,7,0.418,433,1372,1,1,4,0,1,0.35,0
TXN-002030,856.15,15,0.205,769,246,2,6,8,0,1,0.184,0
TXN-002031,17.42,6,0.283,1350,779,1,3,10,0,0,0.212,0
TXN-002032,28.45,3,0.134,551,1855,0,1,7,0,1,0.576,0
TXN-002033,75.84,12,0.106,859,2310,1,3,8,0,0,0.23,0
TXN-002034,97.35,21,0.098,833,717,0,0,10,0,0,0.27,0
TXN-002035,38.27,8,0.212,818,3795,1,4,10,1,0,0.102,0
TXN-002036,30.78,21,0.029,251,751,1,2,14,0,0,0.471,0
TXN-002037,42.48,5,0.091,928,1546,0,3,7,0,0,0.272,0
TXN-002038,29.9,18,0.144,219,3529,0,3,9,0,1,0.338,0
TXN-002039,71.0,21,0.049,1116,3078,3,1,11,0,0,0.539,0
TXN-002040,11.68,21,0.216,1113,2685,1,1,7,0,0,0.689,0
TXN-002041,29.81,4,0.094,374,2165,0,0,7,0,0,0.527,0
TXN-002042,65.01,17,0.22,775,1629,0,3,9,1,0,0.224,0
TXN-002043,77.35,15,0.245,864,1764,1,2,8,0,0,0.023,0
TXN-002044,39.4,2,0.224,955,650,3,1,10,0,0,0.168,0
TXN-002045,89.36,8,0.542,110,1915,1,2,9,0,0,0.264,0
TXN-002046,3.84,8,0.098,401,3597,1,1,5,0,0,0.364,0
TXN-002047,39.96,6,0.149,1059,1925,0,0,12,0,0,0.463,0
TXN-002048,18.97,14,0.391,134,2671,0,1,9,0,0,0.266,0
TXN-002049,75.39,3,0.049,209,2263,0,0,7,0,0,0.425,0
TXN-002050,67.87,19,0.369,632,3624,2,2,5,0,1,0.261,1
TXN-002051,232.92,6,0.389,895,1398,1,1,7,0,0,0.461,1
TXN-002052,17.4,20,0.245,390,3749,0,2,2,0,1,0.127,0
TXN-002053,6.74,19,0.432,123,1850,0,6,9,0,1,0.145,1
TXN-002054,164.98,23,0.548,257,743,0,1,3,0,1,0.353,0
TXN-002055,42.05,14,0.492,1335,489,0,2,15,1,0,0.171,0
TXN-002056,28.51,6,0.483,494,2157,1,1,8,0,0,0.156,0
TXN-002057,88.91,12,0.241,1092,3672,2,1,10,0,0,0.032,0
TXN-002058,6.1,8,0.617,624,2945,1,3,8,1,0,0.113,0
TXN-002059,22.14,21,0.329,326,2376,0,2,9,0,0,0.288,0
TXN-002060,42.7,12,0.395,1306,385,0,3,12,0,0,0.282,0
TXN-002061,38.42,5,0.208,1445,1153,0,0,4,0,0,0.33,0
TXN-002062,46.72,19,0.37,1176,1419,0,1,5,0,1,0.113,0
TXN-002063,86.64,10,0.262,450,3807,0,2,11,0,1,0.335,0
TXN-002064,43.21,13,0.291,867,1729,0,1,10,0,0,0.281,0
TXN-002065,19.16,2,0.099,761,2085,4,1,6,0,1,0.086,0
TXN-002066,20.44,8,0.112,400,1199,1,2,5,0,0,0.206,0
TXN-002067,61.7,0,0.418,880,804,2,0,8,0,1,0.138,0
TXN-002068,156.49,10,0.414,949,2966,2,5,7,0,0,0.241,0
TXN-002069,33.83,8,0.211,497,2068,1,3,2,0,0,0.594,0
TXN-002070,252.76,18,0.154,1002,2998,1,2,9,0,0,0.108,0
TXN-002071,27.09,1,0.301,1424,3108,0,1,8,1,0,0.34,0
TXN-002072,27.0,0,0.357,453,3552,1,5,10,0,1,0.441,0
TXN-002073,41.8,20,0.134,1349,649,0,3,12,0,0,0.377,0
TXN-002074,407.34,18,0.054,197,1892,0,2,10,0,0,0.471,0
TXN-002075,21.4,21,0.264,1386,304,0,1,15,0,0,0.296,0
TXN-002076,17.08,7,0.349,667,1275,2,1,3,0,0,0.314,0
TXN-002077,117.67,15,0.127,53,104,1,1,12,0,0,0.487,0
TXN-002078,74.4,15,0.227,693,329,2,3,10,1,1,0.104,0
TXN-002079,14.97,15,0.725,572,831,1,4,7,1,1,0.479,1
TXN-002080,64.17,13,0.209,260,937,0,3,9,0,0,0.233,0
TXN-002081,105.63,11,0.246,310,1092,1,2,6,1,1,0.384,0
TXN-002082,42.48,10,0.379,221,3910,1,1,7,0,0,0.458,0
TXN-002083,71.32,9,0.334,855,2725,1,2,11,0,0,0.167,1
TXN-002084,52.22,16,0.11,1447,13,0,1,5,0,0,0.173,0
TXN-002085,33.41,2,0.608,682,1535,2,4,3,0,1,0.201,0
TXN-002086,20.81,12,0.188,49,2146,2,4,5,0,0,0.291,0
TXN-002087,57.06,9,0.45,1462,2919,2,1,9,0,1,0.354,0
TXN-002088,46.05,4,0.215,776,1785,0,4,9,0,0,0.434,0
TXN-002089,20.66,9,0.309,455,2278,3,0,6,0,0,0.209,0
TXN-002090,70.05,19,0.237,1471,980,0,3,8,0,0,0.414,0
TXN-002091,24.92,18,0.486,617,2008,0,3,9,0,0,0.411,0
TXN-002092,52.96,19,0.616,593,1683,0,3,12,0,1,0.498,0
TXN-002093,266.33,11,0.174,146,3193,2,0,11,0,0,0.334,0
TXN-002094,15.45,8,0.062,1369,1604,1,2,4,0,0,0.468,0
TXN-002095,33.11,11,0.05,16,2223,2,0,10,0,0,0.613,0
TXN-002096,55.76,3,0.279,856,3772,0,3,5,0,1,0.156,0
TXN-002097,27.99,11,0.551,1176,186,2,4,6,0,0,0.15,0
TXN-002098,81.91,10,0.201,620,2521,0,1,5,1,0,0.174,0
TXN-002099,19.49,15,0.107,1405,234,0,1,16,0,0,0.467,0
TXN-002100,7.65,16,0.184,522,1362,1,4,14,0,0,0.49,0
TXN-002101,13.56,22,0.275,437,977,0,2,7,0,0,0.225,0
TXN-002102,24.44,15,0.323,1334,1743,0,2,7,0,0,0.084,0
TXN-002103,163.66,22,0.526,829,2383,0,5,7,0,0,0.272,0
TXN-002104,66.39,7,0.234,168,3295,0,2,3,0,0,0.217,0
TXN-002105,7.15,17,0.344,785,3554,2,1,11,0,0,0.422,0
TXN-002106,11.93,21,0.334,529,1675,2,3,5,0,0,0.724,0
TXN-002107,44.14,2,0.242,163,1526,1,2,9,0,1,0.301,0
TXN-002108,94.0,12,0.316,312,2958,1,3,10,0,0,0.157,0
TXN-002109,15.29,11,0.362,1062,3118,1,6,8,0,0,0.305,0
TXN-002110,56.83,12,0.048,962,3704,0,4,10,0,0,0.495,0
TXN-002111,22.22,4,0.242,1242,97,1,2,7,1,0,0.217,0
TXN-002112,41.15,21,0.415,232,2963,1,2,12,1,1,0.223,0
TXN-002113,36.44,19,0.159,770,834,0,2,9,0,0,0.214,0
TXN-002114,212.17,2,0.223,1496,3061,0,5,11,0,0,0.271,0
TXN-002115,19.49,1,0.262,107,2173,2,2,7,0,0,0.586,0
TXN-002116,25.03,13,0.276,1459,1754,0,2,4,0,0,0.264,0
TXN-002117,146.87,10,0.308,495,668,1,2,12,0,0,0.229,1
TXN-002118,29.37,4,0.339,832,708,0,1,14,0,0,0.485,0
TXN-002119,98.82,3,0.673,686,2541,1,3,5,0,0,0.775,0
TXN-002120,12.64,3,0.589,55,1187,1,0,6,0,0,0.189,0
TXN-002121,13.54,12,0.21,455,2297,2,1,12,0,0,0.201,0
TXN-002122,61.02,6,0.474,1198,1348,1,1,8,0,0,0.116,0
TXN-002123,41.67,10,0.195,868,1060,2,2,9,0,0,0.305,0
TXN-002124,10.68,0,0.162,953,2033,0,1,5,0,0,0.376,0
TXN-002125,40.02,21,0.111,1421,1257,0,3,8,1,0,0.66,0
TXN-002126,164.76,10,0.658,683,2250,2,1,7,1,1,0.634,1
TXN-002127,84.99,6,0.537,1222,3072,0,4,6,0,1,0.203,0
TXN-002128,99.52,13,0.268,102,1557,1,2,8,0,0,0.316,0
TXN-002129,19.14,18,0.223,217,3772,0,4,9,0,0,0.453,0
TXN-002130,57.64,3,0.23,1003,1309,1,2,1,0,1,0.339,0
TXN-002131,82.01,16,0.118,729,3546,0,4,6,1,0,0.078,0
TXN-002132,19.65,2,0.265,320,527,1,2,5,0,0,0.26,0
TXN-002133,65.23,10,0.468,174,451,2,1,3,0,0,0.297,0
TXN-002134,12.36,10,0.031,1062,3421,1,1,5,0,0,0.581,0
TXN-002135,53.15,18,0.277,738,2621,1,0,9,0,0,0.321,0
TXN-002136,26.78,5,0.279,417,2924,1,3,9,1,0,0.046,0
TXN-002137,292.57,0,0.4,787,356,1,1,12,1,0,0.306,1
TXN-002138,26.35,13,0.035,1479,1951,2,3,8,0,1,0.341,0
TXN-002139,40.84,11,0.335,1467,3495,1,1,5,0,0,0.16,0
TXN-002140,16.63,13,0.21,729,1048,0,1,6,0,0,0.504,0
TXN-002141,159.94,5,0.145,82,1761,1,2,13,0,0,0.328,0
TXN-002142,10.32,22,0.591,229,71,1,2,6,0,0,0.328,0
TXN-002143,24.13,9,0.274,1312,2722,1,5,7,1,0,0.533,0
TXN-002144,6.68,5,0.156,1215,3679,1,1,9,0,0,0.221,0
TXN-002145,11.12,21,0.221,460,1896,1,2,6,0,1,0.065,0
TXN-002146,81.15,9,0.204,205,3874,1,2,8,0,0,0.373,0
TXN-002147,65.52,17,0.19,1164,775,2,3,8,1,0,0.628,0
TXN-002148,94.84,19,0.257,628,133,2,4,9,0,0,0.294,0
TXN-002149,91.6,0,0.464,944,3275,0,1,11,0,0,0.418,0
TXN-002150,59.48,13,0.304,1234,3265,0,3,8,1,0,0.559,0
TXN-002151,46.64,2,0.343,13,2978,4,2,6,0,0,0.525,0
TXN-002152,3.31,18,0.425,970,3964,0,0,3,0,0,0.285,0
TXN-002153,40.42,12,0.039,396,541,1,5,10,0,0,0.463,0
TXN-002154,18.95,3,0.56,1081,528,0,0,9,1,0,0.394,0
TXN-002155,70.3,1,0.027,940,3658,1,1,13,1,1,0.49,0
TXN-002156,76.94,17,0.238,1131,3782,0,4,8,1,1,0.196,0
TXN-002157,27.15,14,0.524,132,337,3,0,7,0,1,0.419,1
TXN-002158,18.18,6,0.173,901,1793,1,1,4,0,1,0.245,0
TXN-002159,117.33,13,0.085,235,2137,1,2,9,0,0,0.409,0
TXN-002160,37.72,12,0.488,959,981,1,5,13,0,0,0.258,0
TXN-002161,19.33,15,0.229,341,1792,0,3,5,0,1,0.434,0
TXN-002162,105.27,0,0.178,1416,2011,2,0,7,1,0,0.531,0
TXN-002163,65.05,18,0.383,1441,439,1,0,8,0,0,0.44,1
TXN-002164,153.52,17,0.264,1312,71,0,4,10,0,1,0.182,0
TXN-002165,24.86,4,0.216,581,465,2,3,1,1,1,0.06,0
TXN-002166,61.33,22,0.442,447,2604,1,1,11,0,0,0.292,1
TXN-002167,66.27,9,0.34,1087,3617,0,2,7,0,0,0.42,0
TXN-002168,80.04,0,0.34,1050,1550,1,2,14,0,0,0.832,0
TXN-002169,5.61,10,0.477,1165,2064,2,0,8,0,1,0.494,0
TXN-002170,12.44,0,0.154,1062,2182,0,1,8,0,0,0.129,0
TXN-002171,108.76,2,0.11,395,758,1,0,6,1,0,0.379,0
TXN-002172,173.75,2,0.231,1159,108,1,1,8,0,0,0.202,1
TXN-002173,39.08,13,0.418,1007,1300,2,4,6,0,0,0.674,0
TXN-002174,40.32,12,0.488,292,133,0,2,4,0,0,0.209,0
TXN-002175,162.04,0,0.152,1241,1380,0,1,7,1,0,0.212,0
TXN-002176,39.14,19,0.334,369,3264,2,5,8,0,0,0.235,0
TXN-002177,64.33,22,0.522,405,523,1,3,6,0,0,0.56,0
TXN-002178,14.26,2,0.368,501,1090,1,3,14,0,0,0.598,0
TXN-002179,15.86,15,0.274,792,3417,0,2,10,0,0,0.467,0
TXN-002180,18.42,16,0.051,179,1225,1,2,7,0,1,0.102,0
TXN-002181,79.73,20,0.087,1479,3371,2,2,9,1,0,0.546,0
TXN-002182,63.76,15,0.149,1485,14,3,3,13,0,0,0.486,0
TXN-002183,281.2,16,0.384,183,924,2,1,4,0,1,0.446,1
TXN-002184,34.85,10,0.562,106,119,2,3,10,0,1,0.278,0
TXN-002185,19.75,21,0.496,590,3203,0,3,13,0,0,0.074,0
TXN-002186,59.19,20,0.41,475,1669,1,1,5,1,0,0.44,0
TXN-002187,123.25,4,0.362,217,2015,0,3,7,0,0,0.564,1
TXN-002188,4.74,1,0.098,759,3079,1,1,7,0,0,0.183,0
TXN-002189,175.2,11,0.193,1395,1173,1,1,6,0,0,0.077,0
TXN-002190,19.9,12,0.288,1240,3235,0,1,8,0,0,0.704,0
TXN-002191,25.6,18,0.239,1391,2570,5,3,11,0,0,0.038,0
TXN-002192,34.33,6,0.326,1190,2905,1,2,9,0,0,0.148,0
TXN-002193,26.21,18,0.144,124,3202,2,4,11,1,1,0.34,0
TXN-002194,22.44,8,0.222,815,2943,1,6,7,0,0,0.318,0
TXN-002195,15.27,3,0.103,309,3119,0,2,12,1,1,0.017,0
TXN-002196,130.66,13,0.182,1192,566,1,3,7,0,0,0.622,0
TXN-002197,47.55,3,0.419,1366,1630,1,3,7,1,0,0.219,0
TXN-002198,53.68,4,0.099,824,2029,1,0,7,0,0,0.041,0
TXN-002199,43.03,22,0.117,786,643,0,4,11,0,0,0.113,0
TXN-002200,12.97,11,0.271,709,438,2,5,10,0,0,0.392,0
TXN-002201,145.64,4,0.163,292,2044,0,0,9,0,0,0.292,0
TXN-002202,44.35,21,0.445,189,2246,0,3,6,0,0,0.078,0
TXN-002203,36.81,5,0.043,664,1292,2,0,8,0,1,0.494,0
TXN-002204,16.19,6,0.261,1129,466,0,4,7,0,1,0.315,1
TXN-002205,63.4,5,0.3,353,3755,1,1,7,0,0,0.422,0
TXN-002206,65.88,14,0.643,1250,615,2,2,7,0,0,0.299,0
TXN-002207,7.33,0,0.128,813,1964,0,1,6,1,0,0.124,0
TXN-002208,132.77,18,0.181,1011,2884,1,2,8,1,0,0.469,0
TXN-002209,90.7,9,0.244,85,3619,0,2,3,0,0,0.141,0
TXN-002210,125.64,21,0.351,69,321,1,3,6,0,0,0.469,0
TXN-002211,56.88,5,0.366,1120,3745,1,2,11,0,1,0.184,0
TXN-002212,13.8,14,0.638,1126,867,1,1,11,0,0,0.418,0
TXN-002213,45.12,6,0.318,214,3131,0,3,4,0,0,0.324,0
TXN-002214,76.65,12,0.24,1017,537,2,3,8,0,0,0.584,1
TXN-002215,45.84,14,0.713,1116,1448,2,5,8,0,0,0.487,0
TXN-002216,62.95,2,0.165,1441,198,0,1,10,0,1,0.066,0
TXN-002217,36.78,18,0.325,1090,3502,0,2,8,0,1,0.652,0
TXN-002218,35.99,14,0.53,418,3425,0,1,9,0,0,0.168,0
TXN-002219,181.52,17,0.47,858,1850,4,2,8,0,0,0.054,0
TXN-002220,342.64,23,0.131,791,384,1,2,11,1,0,0.389,0
TXN-002221,23.76,21,0.18,812,3902,1,4,11,0,0,0.154,0
TXN-002222,15.32,23,0.382,286,2565,0,4,9,0,0,0.322,0
TXN-002223,573.14,11,0.3,416,994,2,0,9,0,0,0.355,1
TXN-002224,48.18,20,0.254,250,2978,0,3,10,0,0,0.412,0
TXN-002225,27.15,10,0.07,913,2942,1,1,6,0,1,0.286,0
TXN-002226,7.4,19,0.463,506,2773,1,5,7,0,1,0.041,0
TXN-002227,486.63,11,0.466,597,3294,2,1,11,1,0,0.363,1
TXN-002228,47.01,4,0.646,992,2044,0,1,10,0,0,0.215,0
TXN-002229,88.29,6,0.038,1306,807,1,2,7,0,0,0.262,0
TXN-002230,121.32,11,0.247,741,1153,1,4,6,0,1,0.537,0
TXN-002231,51.64,22,0.406,505,1314,0,0,6,0,0,0.474,0
TXN-002232,66.81,22,0.382,841,35,0,1,7,0,0,0.257,0
TXN-002233,130.97,9,0.646,1205,3182,1,1,7,0,0,0.14,0
TXN-002234,28.52,0,0.339,910,1554,0,2,5,0,1,0.115,0
TXN-002235,45.93,3,0.093,768,752,0,1,6,1,1,0.57,0
TXN-002236,491.11,17,0.431,478,1910,2,2,7,0,1,0.285,0
TXN-002237,30.02,1,0.41,810,2286,1,2,11,1,0,0.305,0
TXN-002238,15.37,9,0.112,1213,2336,0,0,9,0,0,0.493,0
TXN-002239,38.87,20,0.328,1250,261,1,0,7,0,1,0.255,0
TXN-002240,137.72,16,0.393,1368,2416,1,2,5,0,0,0.359,0
TXN-002241,7.97,10,0.348,1039,2950,0,4,12,0,0,0.299,0
TXN-002242,85.29,22,0.307,777,431,1,0,7,0,0,0.226,0
TXN-002243,13.35,20,0.118,187,967,0,1,9,0,0,0.256,0
TXN-002244,65.46,18,0.332,923,2657,1,4,6,0,0,0.426,0
TXN-002245,21.46,17,0.14,214,2284,1,4,10,0,1,0.255,0
TXN-002246,9.2,2,0.062,829,1510,2,0,4,1,0,0.245,0
TXN-002247,33.71,1,0.408,340,3423,0,1,10,1,0,0.328,0
TXN-002248,16.59,3,0.483,1279,1514,1,2,5,0,0,0.19,0
TXN-002249,17.01,17,0.094,445,2341,0,2,11,0,0,0.245,0
TXN-002250,56.45,7,0.501,944,1878,0,5,5,0,0,0.439,0
TXN-002251,78.77,10,0.236,1254,3315,0,2,14,0,0,0.75,0
TXN-002252,46.89,0,0.212,728,2680,0,0,5,0,0,0.467,0
TXN-002253,375.89,19,0.153,873,3795,0,6,5,0,0,0.631,0
TXN-002254,37.21,12,0.302,298,3842,1,2,4,0,1,0.124,0
TXN-002255,14.79,22,0.111,151,2382,1,1,17,0,1,0.432,0
TXN-002256,7.18,5,0.474,996,1744,0,1,8,1,0,0.507,0
TXN-002257,37.16,1,0.429,1309,2815,1,0,6,0,0,0.39,0
TXN-002258,132.1,22,0.277,77,1719,1,4,11,0,1,0.357,1
TXN-002259,61.0,12,0.343,1469,2462,3,6,7,0,0,0.235,0
TXN-002260,13.69,4,0.537,1461,2162,0,4,10,0,0,0.406,0
TXN-002261,36.96,12,0.407,242,1701,0,2,8,0,0,0.373,0
TXN-002262,15.01,12,0.283,943,3970,1,2,11,0,0,0.638,0
TXN-002263,41.35,19,0.207,1238,705,1,3,2,1,0,0.809,0
TXN-002264,57.67,15,0.082,1088,3942,1,1,10,0,0,0.147,0
TXN-002265,130.03,9,0.473,752,255,0,1,7,0,0,0.599,0
TXN-002266,26.1,8,0.494,861,1875,0,4,8,0,0,0.084,0
TXN-002267,33.38,11,0.359,283,142,0,2,3,0,0,0.106,0
TXN-002268,41.6,7,0.331,350,2670,0,2,10,0,1,0.197,0
TXN-002269,31.86,15,0.326,1193,3475,0,3,10,1,0,0.485,0
TXN-002270,12.82,6,0.374,378,3833,2,4,6,0,0,0.419,0
TXN-002271,23.61,21,0.257,924,1798,0,1,8,0,0,0.156,1
TXN-002272,4.33,23,0.42,323,1294,1,1,5,0,1,0.531,0
TXN-002273,11.21,11,0.248,660,1748,2,2,3,0,0,0.326,0
TXN-002274,19.42,19,0.053,603,1775,1,2,6,1,1,0.697,0
TXN-002275,46.13,5,0.304,1157,2390,3,4,7,0,1,0.496,0
TXN-002276,4.12,3,0.238,863,3653,0,2,9,0,0,0.434,0
TXN-002277,16.28,23,0.239,545,567,1,0,8,0,0,0.474,0
TXN-002278,14.24,18,0.23,512,2777,0,2,8,0,0,0.448,0
TXN-002279,568.41,9,0.588,1287,2234,1,5,9,0,0,0.275,1
TXN-002280,67.59,19,0.052,349,874,0,6,7,1,1,0.438,1
TXN-002281,64.29,23,0.037,172,3393,0,1,12,1,0,0.225,0
TXN-002282,109.91,20,0.204,1044,2282,0,3,5,1,0,0.372,0
TXN-002283,19.28,23,0.278,974,1836,1,3,4,0,0,0.14,1
TXN-002284,109.97,8,0.079,436,1317,0,0,9,0,0,0.105,0
TXN-002285,54.9,15,0.138,491,3694,0,4,7,0,1,0.624,0
TXN-002286,47.97,10,0.585,115,3599,0,0,9,0,0,0.228,0
TXN-002287,84.2,9,0.28,602,833,0,1,7,0,0,0.272,1
TXN-002288,141.09,10,0.154,1370,3537,0,1,7,1,1,0.068,0
TXN-002289,6.21,14,0.131,571,1,0,4,6,0,0,0.74,0
TXN-002290,38.08,3,0.147,572,541,0,2,9,0,1,0.329,0
TXN-002291,723.12,14,0.085,1097,372,0,2,6,0,1,0.014,1
TXN-002292,155.43,9,0.477,148,3724,1,3,9,0,0,0.336,0
TXN-002293,54.66,6,0.541,764,3425,1,1,9,0,0,0.464,0
TXN-002294,23.08,23,0.168,483,3085,1,4,5,0,0,0.13,0
TXN-002295,21.22,12,0.376,217,313,0,1,6,0,0,0.352,0
TXN-002296,286.22,3,0.193,1155,204,1,2,9,1,0,0.158,0
TXN-002297,65.15,10,0.093,58,3197,0,0,6,0,0,0.452,0
TXN-002298,16.29,15,0.503,1266,1005,1,6,5,0,0,0.225,0
TXN-002299,88.14,5,0.137,437,817,0,0,8,0,0,0.537,0
TXN-002300,25.44,1,0.163,1042,1123,3,2,11,0,0,0.191,0
TXN-002301,18.97,18,0.284,85,2939,1,2,17,0,1,0.61,0
TXN-002302,25.95,4,0.74,293,3584,2,3,10,0,0,0.245,0
TXN-002303,17.98,1,0.391,228,3619,0,1,10,0,1,0.322,0
TXN-002304,8.06,18,0.176,504,3456,0,1,14,0,0,0.546,0
TXN-002305,82.52,9,0.367,1419,3691,2,4,6,0,0,0.149,0
TXN-002306,42.01,12,0.073,729,3079,2,2,6,0,1,0.514,0
TXN-002307,4.98,11,0.173,1454,617,1,2,9,0,0,0.125,1
TXN-002308,1.64,16,0.228,1019,2146,2,0,8,0,0,0.504,0
TXN-002309,72.47,12,0.04,57,3282,0,2,7,1,0,0.216,0
TXN-002310,176.58,14,0.188,64,3424,1,5,12,0,0,0.308,0
TXN-002311,544.08,16,0.206,844,180,1,4,12,0,0,0.277,0
TXN-002312,34.69,0,0.323,1238,3880,0,3,6,0,0,0.24,0
TXN-002313,51.14,8,0.533,1318,2190,1,1,7,1,0,0.248,0
TXN-002314,12.88,1,0.422,1261,2867,2,1,9,1,1,0.218,0
TXN-002315,6.67,19,0.214,1305,3221,1,1,8,0,0,0.73,0
TXN-002316,48.07,13,0.286,1441,773,1,2,11,0,0,0.149,0
TXN-002317,20.93,12,0.111,532,1716,1,4,8,1,0,0.044,0
TXN-002318,49.44,21,0.41,810,3405,0,2,10,0,0,0.476,0
TXN-002319,60.04,1,0.198,528,331,0,2,9,0,0,0.714,0
TXN-002320,9.54,12,0.138,347,3175,0,3,11,0,1,0.336,0
TXN-002321,118.83,0,0.338,693,1356,0,4,5,0,0,0.078,0
TXN-002322,76.68,20,0.468,374,3814,1,2,10,0,0,0.119,0
TXN-002323,231.49,9,0.238,42,1377,1,2,4,1,0,0.581,0
TXN-002324,95.06,19,0.165,123,1544,0,4,3,0,1,0.586,1
TXN-002325,19.97,15,0.172,1411,440,0,1,6,1,0,0.373,0
TXN-002326,23.89,16,0.224,690,1541,2,2,6,0,0,0.382,0
TXN-002327,37.87,10,0.568,874,3588,0,2,9,1,0,0.405,0
TXN-002328,12.44,18,0.21,422,2951,3,1,3,0,1,0.243,1
TXN-002329,86.12,0,0.357,1073,474,0,3,4,0,0,0.239,0
TXN-002330,47.13,17,0.523,568,2690,1,3,7,0,1,0.242,0
TXN-002331,317.54,3,0.139,921,889,3,3,8,0,0,0.434,0
TXN-002332,24.62,12,0.058,165,625,1,3,7,0,0,0.351,0
TXN-002333,25.25,6,0.313,191,1337,0,1,7,1,0,0.204,0
TXN-002334,225.25,13,0.357,234,969,1,3,8,0,1,0.092,0
TXN-002335,95.39,16,0.207,1350,2521,0,4,4,0,0,0.712,1
TXN-002336,12.1,19,0.192,358,1495,0,1,9,1,0,0.213,0
TXN-002337,17.62,9,0.04,1374,3279,1,2,11,0,0,0.105,0
TXN-002338,73.06,18,0.275,1179,1319,2,4,4,0,0,0.512,0
TXN-002339,25.93,12,0.406,1386,600,1,2,7,0,0,0.148,0
TXN-002340,34.89,12,0.505,1297,3955,2,3,6,0,0,0.164,0
TXN-002341,27.3,16,0.407,548,252,1,1,5,0,1,0.592,0
TXN-002342,462.84,17,0.233,885,73,3,4,6,0,0,0.159,0
TXN-002343,11.28,10,0.223,954,1040,1,2,7,0,1,0.662,0
TXN-002344,11.65,6,0.213,1179,2741,1,4,5,0,0,0.237,0
TXN-002345,35.86,3,0.178,526,3213,3,4,9,0,0,0.451,0
TXN-002346,64.49,23,0.013,599,286,0,0,5,0,1,0.423,0
TXN-002347,27.26,6,0.023,1424,3246,0,0,9,0,1,0.431,0
TXN-002348,7.94,6,0.455,1069,2085,0,2,5,0,0,0.106,0
TXN-002349,31.47,4,0.281,415,1603,2,2,9,0,0,0.398,0
TXN-002350,15.81,4,0.186,464,2870,1,2,6,1,1,0.308,0
TXN-002351,137.33,18,0.085,295,3296,1,2,7,0,0,0.339,0
TXN-002352,119.37,20,0.362,1388,2803,2,4,9,0,0,0.446,0
TXN-002353,19.35,9,0.325,136,2989,2,2,8,0,0,0.364,0
TXN-002354,28.91,15,0.136,204,3801,1,1,10,0,0,0.158,0
TXN-002355,105.59,22,0.542,581,1827,1,4,5,0,0,0.203,0
TXN-002356,130.94,23,0.388,976,1721,0,2,11,0,0,0.391,0
TXN-002357,17.05,23,0.293,573,2196,3,2,8,0,0,0.038,0
TXN-002358,178.98,22,0.385,363,3810,0,4,8,0,0,0.273,0
TXN-002359,110.06,17,0.17,10,3898,0,1,13,0,0,0.042,0
TXN-002360,330.93,16,0.208,1398,2739,0,1,5,0,0,0.212,0
TXN-002361,107.79,23,0.279,175,1921,0,1,10,0,0,0.345,0
TXN-002362,7.73,9,0.442,207,3636,2,1,5,0,1,0.274,0
TXN-002363,45.89,14,0.298,869,214,1,2,7,0,0,0.338,0
TXN-002364,56.31,2,0.156,61,3089,1,2,7,0,0,0.229,0
TXN-002365,61.98,18,0.267,1123,2553,1,1,5,1,0,0.325,0
TXN-002366,88.07,19,0.243,1034,3337,1,6,9,1,0,0.552,0
TXN-002367,31.45,8,0.301,91,3886,0,2,4,1,0,0.227,0
TXN-002368,52.94,19,0.369,847,3737,1,0,7,0,0,0.352,0
TXN-002369,32.03,21,0.124,1244,2847,0,3,7,0,1,0.241,0
TXN-002370,5.58,19,0.326,757,3419,0,4,11,0,0,0.652,0
TXN-002371,30.16,16,0.429,1179,2877,0,0,10,0,0,0.156,0
TXN-002372,13.57,13,0.389,971,3966,1,2,8,0,0,0.432,1
TXN-002373,70.4,7,0.176,1192,861,0,2,10,0,1,0.443,0
TXN-002374,354.49,12,0.178,627,698,1,0,9,0,0,0.212,0
TXN-002375,44.57,6,0.085,1143,328,0,1,11,0,1,0.049,0
TXN-002376,39.71,13,0.206,69,2218,0,4,10,0,0,0.059,0
TXN-002377,37.41,4,0.289,1135,3921,0,1,7,0,0,0.146,0
TXN-002378,33.05,6,0.136,637,2042,0,5,6,0,0,0.204,0
TXN-002379,36.57,2,0.195,1322,3950,0,2,5,0,0,0.337,0
TXN-002380,39.82,2,0.068,283,1637,1,4,9,0,1,0.109,0
TXN-002381,105.9,21,0.454,1075,1730,1,0,8,0,0,0.207,0
TXN-002382,38.28,12,0.133,104,1218,1,0,12,0,0,0.457,0
TXN-002383,30.33,5,0.464,1351,958,0,3,8,0,0,0.449,0
TXN-002384,15.51,21,0.322,392,2160,2,2,4,0,0,0.189,0
TXN-002385,26.93,4,0.099,15,1305,1,1,10,0,1,0.457,0
TXN-002386,53.31,3,0.442,1288,2895,1,3,2,0,0,0.289,0
TXN-002387,126.59,7,0.35,927,3882,2,1,8,0,0,0.262,0
TXN-002388,49.92,6,0.246,401,3396,1,2,10,0,0,0.114,0
TXN-002389,61.49,4,0.414,356,1785,0,2,6,1,0,0.488,0
TXN-002390,50.57,8,0.083,533,832,0,3,12,0,0,0.437,0
TXN-002391,9.34,21,0.122,1079,2779,1,1,2,1,0,0.107,0
TXN-002392,30.84,15,0.46,1064,2160,1,4,8,0,0,0.39,0
TXN-002393,80.76,20,0.167,1001,3233,0,3,8,0,0,0.168,0
TXN-002394,73.54,9,0.074,59,3712,0,0,9,0,0,0.35,0
TXN-002395,53.19,21,0.35,537,1910,1,2,3,0,0,0.368,0
TXN-002396,30.68,21,0.196,746,725,0,3,9,1,0,0.437,0
TXN-002397,101.48,11,0.438,618,3991,2,2,5,1,0,0.453,0
TXN-002398,26.07,7,0.122,1145,2268,1,4,5,0,0,0.269,0
TXN-002399,245.87,14,0.147,768,2710,0,2,9,1,0,0.311,0
TXN-002400,43.31,10,0.247,1189,1370,1,0,9,1,1,0.446,0
TXN-002401,112.55,15,0.554,1088,294,1,1,12,0,0,0.28,1
TXN-002402,21.7,13,0.215,697,1093,1,3,6,0,0,0.193,0
TXN-002403,36.05,14,0.606,570,851,0,0,7,0,0,0.707,0
TXN-002404,71.63,19,0.169,934,2569,2,1,5,0,0,0.286,0
TXN-002405,38.5,17,0.145,249,849,1,5,2,0,0,0.134,0
TXN-002406,22.48,12,0.114,453,2203,0,2,8,1,1,0.184,0
TXN-002407,346.85,13,0.145,265,2692,0,6,4,0,1,0.187,0
TXN-002408,65.03,3,0.38,1335,3457,1,2,9,0,1,0.26,0
TXN-002409,81.93,23,0.281,1181,77,0,4,6,0,1,0.136,0
TXN-002410,13.26,7,0.193,661,1022,0,2,2,0,0,0.312,0
TXN-002411,32.25,22,0.139,582,2499,0,3,7,0,1,0.349,0
TXN-002412,26.29,4,0.128,589,1461,1,2,8,0,0,0.609,0
TXN-002413,28.28,6,0.262,327,749,2,2,9,0,0,0.244,0
TXN-002414,20.91,0,0.136,914,1233,0,0,7,0,1,0.364,0
TXN-002415,112.48,7,0.072,430,3863,0,1,7,0,0,0.428,0
TXN-002416,30.98,8,0.274,386,417,3,0,7,0,0,0.079,0
TXN-002417,219.18,20,0.571,783,3383,0,2,10,0,0,0.271,0
TXN-002418,61.14,7,0.29,1238,3215,1,1,5,0,0,0.386,0
TXN-002419,32.85,7,0.526,515,2709,1,1,8,0,0,0.301,0
TXN-002420,26.87,6,0.062,890,2341,2,2,10,0,0,0.313,0
TXN-002421,4.73,16,0.474,1037,1539,0,2,6,1,0,0.565,0
TXN-002422,89.69,19,0.472,1176,2351,3,4,7,0,0,0.181,0
TXN-002423,5.31,14,0.417,238,3675,1,5,8,0,0,0.286,0
TXN-002424,65.93,15,0.556,208,1452,1,5,3,0,1,0.393,1
TXN-002425,40.92,23,0.322,66,2859,0,2,10,0,0,0.508,0
TXN-002426,40.18,20,0.204,1111,3794,1,3,10,0,0,0.156,0
TXN-002427,86.08,23,0.077,1435,2079,0,4,7,0,0,0.427,0
TXN-002428,83.71,16,0.383,790,1444,2,0,7,1,0,0.246,0
TXN-002429,22.78,15,0.17,1335,1791,0,0,7,0,1,0.278,0
TXN-002430,134.29,0,0.211,692,2943,1,1,4,1,0,0.152,0
TXN-002431,27.93,19,0.386,1031,3881,0,3,7,0,1,0.207,0
TXN-002432,49.96,17,0.047,1467,20,0,2,8,1,0,0.588,0
TXN-002433,60.52,4,0.075,494,109,0,6,5,0,1,0.28,0
TXN-002434,97.32,16,0.335,962,2182,0,2,10,1,0,0.198,0
TXN-002435,84.13,6,0.238,282,663,0,2,10,0,0,0.64,0
TXN-002436,99.3,5,0.651,964,1489,0,0,6,1,0,0.235,1
TXN-002437,64.89,8,0.481,1482,852,0,2,15,0,0,0.357,0
TXN-002438,11.36,14,0.496,866,2602,2,3,7,0,0,0.38,0
TXN-002439,35.26,0,0.334,1347,1281,1,4,7,0,0,0.337,0
TXN-002440,99.59,6,0.5,720,640,2,0,9,1,0,0.199,1
TXN-002441,5.12,16,0.191,426,1899,0,1,5,0,1,0.428,0
TXN-002442,24.42,6,0.189,1069,3713,2,1,9,1,1,0.267,0
TXN-002443,12.8,4,0.721,426,2247,0,2,8,0,0,0.073,0
TXN-002444,163.18,23,0.298,537,1302,1,1,2,0,0,0.463,0
TXN-002445,80.97,5,0.363,574,1866,1,1,4,0,0,0.484,0
TXN-002446,27.41,13,0.205,410,3585,1,0,9,1,0,0.048,0
TXN-002447,204.89,4,0.245,874,2848,1,2,6,0,0,0.279,0
TXN-002448,39.39,12,0.164,328,1855,2,2,4,0,0,0.287,0
TXN-002449,179.66,16,0.237,56,1894,1,1,13,0,1,0.578,1
TXN-002450,32.94,15,0.516,395,2887,1,0,12,1,0,0.141,0
TXN-002451,34.98,0,0.138,344,2401,1,0,8,0,0,0.41,0
TXN-002452,24.02,21,0.162,164,1916,0,3,10,1,1,0.435,0
TXN-002453,179.6,6,0.358,1404,2421,0,2,10,0,0,0.406,0
TXN-002454,82.49,15,0.097,362,24,1,0,11,0,0,0.173,1
TXN-002455,42.68,6,0.744,31,2116,1,3,9,0,0,0.115,0
TXN-002456,53.79,17,0.306,1134,1519,0,0,8,0,0,0.22,0
TXN-002457,79.57,12,0.494,882,583,1,3,6,0,0,0.426,0
TXN-002458,59.71,11,0.124,28,2159,0,0,9,1,0,0.147,0
TXN-002459,992.41,22,0.134,783,424,0,3,10,0,0,0.115,1
TXN-002460,94.08,19,0.281,1163,794,1,2,10,0,0,0.321,0
TXN-002461,102.25,14,0.106,94,989,1,2,8,0,0,0.297,0
TXN-002462,31.93,22,0.265,1254,1681,0,3,8,0,0,0.656,0
TXN-002463,32.09,9,0.758,1173,3868,1,1,10,0,0,0.235,0
TXN-002464,36.25,11,0.325,1279,177,2,0,8,0,0,0.46,0
TXN-002465,9.5,12,0.331,1218,2502,1,3,6,0,0,0.612,0
TXN-002466,56.35,9,0.414,377,3066,0,4,10,0,0,0.295,0
TXN-002467,30.84,9,0.272,1459,3376,0,1,4,0,0,0.179,0
TXN-002468,17.27,12,0.453,115,1087,2,4,11,0,0,0.389,1
TXN-002469,46.68,17,0.185,1244,983,1,3,14,1,1,0.452,1
TXN-002470,74.21,6,0.213,682,2661,0,1,8,0,0,0.588,0
TXN-002471,71.94,23,0.326,1223,3601,1,5,8,0,0,0.093,0
TXN-002472,100.83,23,0.109,1081,3233,2,6,8,0,0,0.505,0
TXN-002473,6.22,18,0.386,1131,2525,0,1,9,0,1,0.286,0
TXN-002474,28.43,15,0.63,299,1639,1,4,9,0,0,0.265,1
TXN-002475,31.18,7,0.503,257,91,2,1,9,0,0,0.379,0
TXN-002476,30.95,7,0.173,251,3715,0,4,9,0,0,0.629,0
TXN-002477,94.84,14,0.064,1373,2672,0,2,10,0,0,0.095,0
TXN-002478,5.53,9,0.493,50,1058,1,1,3,1,0,0.455,0
TXN-002479,36.8,19,0.399,870,795,2,3,13,0,0,0.793,0
TXN-002480,27.65,0,0.439,1300,1773,1,1,6,0,0,0.454,0
TXN-002481,389.46,2,0.567,954,2147,1,3,6,0,0,0.248,0
TXN-002482,15.32,2,0.128,264,250,0,6,5,0,0,0.212,0
TXN-002483,32.62,9,0.425,582,856,0,1,9,1,0,0.416,0
TXN-002484,143.0,19,0.36,12,505,1,1,13,0,0,0.541,0
TXN-002485,8.76,9,0.1,1403,1642,1,1,8,0,1,0.117,0
TXN-002486,272.46,7,0.077,545,594,2,3,10,0,1,0.274,1
TXN-002487,85.98,14,0.239,1318,3035,0,2,9,0,0,0.128,0
TXN-002488,38.16,19,0.345,1096,3239,0,1,5,1,1,0.321,0
TXN-002489,159.73,12,0.351,914,574,0,3,16,0,0,0.06,0
TXN-002490,46.55,20,0.189,1363,3045,0,4,8,0,0,0.442,0
TXN-002491,8.81,18,0.27,927,339,1,1,15,0,1,0.456,0
TXN-002492,22.46,18,0.559,1498,528,1,1,9,0,1,0.328,0
TXN-002493,15.08,15,0.208,948,2618,2,2,5,1,0,0.128,0
TXN-002494,69.32,20,0.463,8,1284,0,2,7,0,0,0.243,0
TXN-002495,87.93,14,0.423,1139,2040,2,1,18,0,1,0.629,0
TXN-002496,29.56,22,0.14,506,2956,0,5,7,0,0,0.1,0
TXN-002497,38.08,13,0.414,1462,996,1,0,9,0,0,0.51,0
TXN-002498,96.77,4,0.216,1121,2058,0,0,12,1,1,0.251,0
TXN-002499,18.63,8,0.384,286,12,0,1,7,0,0,0.044,0
TXN-002500,171.88,13,0.643,367,323,1,3,7,0,0,0.527,0
TXN-002501,55.58,10,0.293,641,559,2,3,4,0,0,0.249,0
TXN-002502,37.19,4,0.269,550,2362,3,1,14,1,1,0.276,0
TXN-002503,11.7,13,0.275,1361,2785,1,3,6,0,1,0.501,1
TXN-002504,55.08,3,0.505,914,1568,0,3,6,0,0,0.355,0
TXN-002505,67.67,7,0.314,1273,3108,0,2,9,0,0,0.143,0
TXN-002506,22.89,4,0.135,523,1207,0,0,9,1,1,0.225,0
TXN-002507,116.72,0,0.278,246,2570,0,2,7,1,0,0.341,0
TXN-002508,44.33,15,0.235,1333,3061,2,2,7,0,1,0.326,0
TXN-002509,74.27,20,0.51,1489,102,3,2,12,0,0,0.459,0
TXN-002510,104.79,18,0.105,892,2063,0,1,9,0,1,0.48,0
TXN-002511,2.73,22,0.71,378,2867,1,3,7,1,1,0.796,0
TXN-002512,14.99,6,0.419,8,3337,0,1,9,1,0,0.296,0
TXN-002513,64.51,2,0.43,637,2602,1,1,5,0,0,0.281,0
TXN-002514,10.55,18,0.378,906,1311,0,1,12,0,0,0.204,0
TXN-002515,40.16,1,0.097,1099,2905,3,2,2,0,0,0.346,0
TXN-002516,386.5,11,0.458,747,2900,1,1,9,0,0,0.698,1
TXN-002517,41.56,14,0.784,497,2432,1,1,5,0,0,0.099,0
TXN-002518,58.94,19,0.228,201,3716,2,1,8,1,0,0.281,0
TXN-002519,44.82,7,0.469,1067,2257,2,6,8,0,0,0.084,0
TXN-002520,43.72,13,0.071,1411,1940,0,3,4,0,0,0.207,0
TXN-002521,10.47,5,0.271,1385,2678,0,2,6,0,0,0.42,0
TXN-002522,32.91,10,0.381,1452,2812,2,3,9,0,0,0.067,0
TXN-002523,175.74,21,0.202,44,68,0,3,7,0,1,0.112,0
TXN-002524,51.32,11,0.276,1447,2032,1,2,9,0,0,0.765,0
TXN-002525,107.36,11,0.443,972,1500,1,2,9,1,0,0.157,1
TXN-002526,73.68,9,0.091,375,3802,0,0,4,0,1,0.134,0
TXN-002527,203.03,14,0.548,253,3428,1,1,6,0,0,0.509,1
TXN-002528,41.35,10,0.299,48,1715,0,1,9,1,1,0.467,0
TXN-002529,47.78,16,0.139,1418,551,0,1,3,0,1,0.434,0
TXN-002530,13.4,11,0.279,811,578,0,3,7,0,0,0.363,1
TXN-002531,26.35,12,0.055,113,1143,0,2,5,0,0,0.185,0
TXN-002532,332.61,23,0.139,256,3903,0,0,6,0,0,0.354,0
TXN-002533,59.74,5,0.07,122,794,1,3,11,0,0,0.186,0
TXN-002534,40.78,1,0.456,218,2689,2,4,9,1,0,0.34,0
TXN-002535,11.25,19,0.181,829,2078,0,0,12,0,0,0.407,0
TXN-002536,65.95,9,0.381,1425,2522,0,1,12,0,1,0.13,0
TXN-002537,37.85,10,0.192,579,1982,0,4,6,1,0,0.602,0
TXN-002538,16.55,17,0.097,137,66,0,3,11,0,1,0.465,0
TXN-002539,20.18,8,0.431,687,2254,2,1,15,0,0,0.251,0
TXN-002540,72.08,16,0.107,1185,3025,1,3,14,0,0,0.323,0
TXN-002541,72.62,0,0.719,1025,2454,0,1,6,0,1,0.491,0
TXN-002542,12.99,15,0.104,585,217,0,1,10,1,0,0.263,1
TXN-002543,146.3,22,0.233,86,1061,1,1,8,0,1,0.185,0
TXN-002544,34.55,6,0.495,110,929,1,4,6,0,0,0.11,0
TXN-002545,98.47,3,0.069,1349,3118,2,1,2,0,1,0.644,1
TXN-002546,17.27,2,0.371,1358,2240,0,1,11,0,0,0.326,0
TXN-002547,15.4,18,0.005,1316,2981,0,3,5,0,0,0.14,0
TXN-002548,85.38,8,0.126,942,284,0,2,7,0,0,0.352,0
TXN-002549,83.0,3,0.102,320,3728,0,3,7,0,0,0.21,0
TXN-002550,41.49,9,0.304,213,1658,3,4,6,0,0,0.209,0
TXN-002551,20.28,16,0.051,1486,2063,1,1,4,1,0,0.286,0
TXN-002552,14.96,23,0.189,1374,3737,1,0,9,0,1,0.017,0
TXN-002553,17.82,10,0.428,433,2834,1,3,7,0,0,0.279,0
TXN-002554,9.83,13,0.165,1066,502,2,4,5,0,0,0.72,0
TXN-002555,118.82,21,0.188,1173,2267,0,5,9,0,1,0.299,0
TXN-002556,88.72,7,0.242,1457,1217,3,3,10,0,0,0.181,0
TXN-002557,40.26,14,0.031,1011,3645,0,2,3,0,0,0.352,0
TXN-002558,100.03,17,0.269,501,1852,1,4,10,0,0,0.63,0
TXN-002559,11.37,13,0.311,1480,2458,1,4,10,0,1,0.423,0
TXN-002560,36.1,5,0.204,14,172,0,3,8,1,0,0.371,0
TXN-002561,40.83,3,0.373,934,3726,1,3,4,0,0,0.372,0
TXN-002562,180.73,20,0.072,1431,1345,1,6,8,1,0,0.626,0
TXN-002563,120.79,11,0.109,1091,2271,1,4,7,0,0,0.362,0
TXN-002564,55.65,9,0.251,1012,2157,1,1,8,1,0,0.03,0
TXN-002565,26.62,0,0.28,221,2758,1,1,4,0,1,0.582,1
TXN-002566,63.04,23,0.201,1205,2109,1,2,7,0,0,0.768,1
TXN-002567,52.32,23,0.118,669,2686,1,4,12,0,0,0.115,0
TXN-002568,39.08,19,0.497,504,924,0,3,11,0,1,0.17,0
TXN-002569,4.36,14,0.155,742,2954,1,4,12,0,0,0.19,0
TXN-002570,128.89,23,0.269,1460,414,0,5,5,0,0,0.475,0
TXN-002571,90.61,15,0.19,159,137,0,1,8,0,0,0.266,0
TXN-002572,378.02,1,0.233,987,2348,0,2,7,1,0,0.472,0
TXN-002573,14.3,9,0.15,74,2300,1,3,8,0,0,0.138,0
TXN-002574,7.75,13,0.33,1304,1311,1,3,5,0,0,0.763,1
TXN-002575,42.39,5,0.4,877,2213,1,1,4,1,1,0.387,0
TXN-002576,56.76,21,0.224,336,3930,1,6,6,1,0,0.314,0
TXN-002577,142.4,19,0.084,353,829,0,0,7,0,0,0.316,0
TXN-002578,70.48,0,0.012,640,959,0,1,15,1,0,0.508,0
TXN-002579,32.55,23,0.229,950,3571,0,1,10,0,0,0.204,0
TXN-002580,7.73,7,0.215,583,1581,0,1,7,0,0,0.224,0
TXN-002581,67.07,7,0.309,21,1743,0,1,9,0,1,0.321,0
TXN-002582,73.43,11,0.18,1357,342,0,3,10,1,0,0.571,0
TXN-002583,23.5,10,0.168,894,1761,1,4,5,1,1,0.542,0
TXN-002584,14.37,9,0.352,73,2575,1,5,4,0,0,0.571,0
TXN-002585,29.63,3,0.156,451,1553,1,3,8,1,0,0.401,1
TXN-002586,110.08,7,0.239,728,3846,1,2,17,1,1,0.227,0
TXN-002587,13.44,17,0.446,890,2818,2,3,9,0,0,0.486,0
TXN-002588,98.76,19,0.388,606,638,0,0,7,0,0,0.14,0
TXN-002589,73.03,10,0.045,912,2176,1,0,8,0,0,0.121,0
TXN-002590,283.67,11,0.498,1272,1047,1,0,7,0,0,0.181,1
TXN-002591,194.81,16,0.241,429,226,2,4,5,1,0,0.36,1
TXN-002592,16.45,8,0.47,774,373,2,6,12,0,0,0.305,0
TXN-002593,16.05,22,0.23,690,1312,1,1,10,0,1,0.262,0
TXN-002594,77.54,17,0.352,1453,3123,0,1,4,0,0,0.326,0
TXN-002595,73.79,11,0.258,724,202,2,1,8,0,0,0.126,0
TXN-002596,35.0,15,0.203,671,3891,2,2,6,0,1,0.512,0
TXN-002597,4.81,15,0.094,507,2205,1,2,8,0,0,0.521,1
TXN-002598,16.97,2,0.379,462,2456,3,1,11,0,0,0.523,0
TXN-002599,180.37,1,0.51,1489,2093,2,3,5,0,0,0.152,1
TXN-002600,50.45,4,0.292,770,1051,1,3,5,0,0,0.457,0
TXN-002601,3.44,13,0.344,1245,2243,0,1,7,0,0,0.282,0
TXN-002602,4.59,16,0.137,1301,3541,1,2,8,0,0,0.273,0
TXN-002603,33.91,3,0.403,699,1174,1,5,6,0,0,0.442,0
TXN-002604,77.08,4,0.325,395,2339,3,3,8,0,1,0.224,0
TXN-002605,44.79,10,0.147,611,2112,1,5,16,0,0,0.339,0
TXN-002606,15.14,9,0.163,625,1424,0,4,7,0,0,0.473,0
TXN-002607,12.66,21,0.205,414,164,1,2,10,0,0,0.237,0
TXN-002608,36.21,19,0.302,1004,516,1,3,7,0,0,0.288,0
TXN-002609,24.62,9,0.065,1258,3870,0,1,7,1,0,0.444,0
TXN-002610,22.22,10,0.503,1473,2880,1,2,3,0,0,0.384,0
TXN-002611,57.78,22,0.085,1399,3626,0,2,12,0,0,0.245,0
TXN-002612,116.97,7,0.293,569,1163,1,3,6,0,1,0.273,0
TXN-002613,11.21,9,0.126,125,3742,0,4,10,0,0,0.068,0
TXN-002614,253.48,18,0.53,262,3831,0,5,6,0,0,0.222,1
TXN-002615,35.23,15,0.573,1024,2375,1,6,8,1,0,0.268,0
TXN-002616,48.49,7,0.271,772,1857,1,2,9,0,0,0.435,0
TXN-002617,30.6,15,0.201,1440,514,1,2,10,0,0,0.185,0
TXN-002618,11.14,16,0.44,217,2303,1,2,7,0,0,0.068,0
TXN-002619,35.3,14,0.043,43,1719,3,2,6,0,0,0.295,0
TXN-002620,233.5,17,0.367,118,616,0,0,12,0,1,0.256,0
TXN-002621,40.36,8,0.176,1286,3752,0,4,9,0,0,0.266,0
TXN-002622,23.14,17,0.226,1217,2044,1,2,6,0,0,0.431,0
TXN-002623,41.95,18,0.107,1276,1579,0,0,8,0,1,0.158,0
TXN-002624,82.51,3,0.452,1122,2191,1,1,15,0,0,0.242,0
TXN-002625,25.49,16,0.702,886,1921,0,3,8,0,0,0.204,0
TXN-002626,125.84,2,0.212,800,620,2,3,7,0,0,0.579,0
TXN-002627,63.14,11,0.194,1267,1695,1,2,9,0,1,0.266,0
TXN-002628,51.94,3,0.032,967,2110,1,1,10,0,0,0.192,0
TXN-002629,25.87,9,0.093,695,3462,1,4,7,0,0,0.369,0
TXN-002630,34.67,21,0.111,275,3281,1,3,9,0,1,0.234,0
TXN-002631,40.38,2,0.11,1216,573,0,4,3,0,0,0.294,0
TXN-002632,67.27,0,0.519,1306,1618,2,5,11,0,0,0.475,0
TXN-002633,74.06,0,0.11,698,2023,0,0,6,1,0,0.244,0
TXN-002634,77.05,23,0.146,1185,246,0,4,6,1,0,0.466,0
TXN-002635,45.85,1,0.514,1391,974,1,0,11,0,1,0.485,0
TXN-002636,99.45,6,0.235,1182,1706,1,4,9,1,0,0.161,0
TXN-002637,19.66,6,0.283,653,2564,1,0,7,1,0,0.282,0
TXN-002638,21.8,17,0.303,667,937,1,3,8,1,0,0.238,0
TXN-002639,73.11,15,0.207,211,2739,1,2,13,1,0,0.621,0
TXN-002640,27.11,19,0.017,779,3022,1,2,8,0,1,0.363,0
TXN-002641,65.67,4,0.48,351,1973,0,2,10,0,0,0.125,0
TXN-002642,83.3,8,0.372,1188,2422,2,1,7,0,1,0.356,0
TXN-002643,113.13,21,0.384,73,594,1,2,7,0,0,0.256,0
TXN-002644,29.38,4,0.62,1052,608,1,2,12,0,1,0.273,0
TXN-002645,55.19,1,0.067,218,537,2,3,5,0,0,0.183,0
TXN-002646,72.97,9,0.485,1036,2970,2,3,3,0,0,0.071,0
TXN-002647,91.81,23,0.206,1255,2238,0,1,5,1,1,0.344,1
TXN-002648,14.97,17,0.073,237,660,2,1,6,0,0,0.533,0
TXN-002649,212.05,22,0.306,60,639,0,0,7,1,0,0.636,0
TXN-002650,5.64,11,0.091,1494,2399,1,2,8,1,0,0.129,0
TXN-002651,34.96,11,0.643,524,2400,1,4,4,1,0,0.19,0
TXN-002652,26.46,6,0.57,865,1579,1,0,9,0,1,0.58,0
TXN-002653,24.37,3,0.248,386,1030,0,2,9,0,0,0.115,0
TXN-002654,29.24,3,0.473,371,2528,1,5,9,1,0,0.685,0
TXN-002655,41.79,7,0.352,918,3235,0,4,11,0,0,0.16,0
TXN-002656,86.79,8,0.093,521,2414,2,1,4,1,0,0.37,0
TXN-002657,200.09,17,0.255,1029,3067,0,2,6,0,1,0.377,0
TXN-002658,3.5,13,0.2,1058,2332,0,4,8,0,0,0.038,0
TXN-002659,89.05,20,0.629,928,2242,1,3,1,0,0,0.296,0
TXN-002660,22.43,23,0.143,403,2475,1,0,7,1,0,0.593,0
TXN-002661,32.37,10,0.082,31,2635,2,0,8,0,1,0.508,0
TXN-002662,183.21,7,0.303,954,862,2,2,6,0,0,0.664,0
TXN-002663,32.04,18,0.077,1184,2967,0,4,4,0,0,0.466,0
TXN-002664,61.83,8,0.141,48,2740,0,1,11,0,0,0.262,0
TXN-002665,91.4,13,0.197,112,429,1,2,5,1,1,0.466,0
TXN-002666,54.03,5,0.531,120,3019,0,5,8,0,0,0.143,1
TXN-002667,120.95,15,0.088,835,3018,0,4,10,0,0,0.558,0
TXN-002668,62.51,18,0.322,209,3857,1,1,6,0,0,0.507,1
TXN-002669,34.95,3,0.108,473,1877,0,2,8,0,0,0.161,0
TXN-002670,155.97,21,0.059,1222,3108,2,2,13,0,0,0.127,0
TXN-002671,59.19,11,0.334,1480,2760,1,1,4,0,0,0.384,0
TXN-002672,33.69,14,0.377,1482,1986,2,0,6,1,0,0.258,0
TXN-002673,27.52,9,0.188,445,1899,2,1,9,0,0,0.469,0
TXN-002674,14.05,9,0.113,1002,277,2,2,11,0,0,0.345,0
TXN-002675,113.68,17,0.268,1004,799,1,2,4,0,0,0.179,1
TXN-002676,165.26,8,0.022,1146,3724,2,4,7,0,1,0.357,1
TXN-002677,182.08,21,0.324,1433,156,1,1,13,0,0,0.456,0
TXN-002678,35.02,0,0.488,924,264,2,1,1,1,0,0.202,0
TXN-002679,133.55,8,0.196,754,2290,0,3,4,0,1,0.293,0
TXN-002680,11.85,3,0.312,97,1568,0,2,4,0,0,0.042,0
TXN-002681,24.59,12,0.531,1389,311,0,3,13,0,0,0.396,0
TXN-002682,26.13,18,0.467,39,3086,1,5,8,0,0,0.333,0
TXN-002683,11.13,23,0.096,1148,585,1,3,9,0,1,0.142,0
TXN-002684,177.57,7,0.365,1395,472,1,1,13,0,1,0.31,0
TXN-002685,44.09,4,0.387,1017,1461,0,2,9,0,0,0.113,0
TXN-002686,182.29,16,0.051,619,2468,1,5,11,0,0,0.104,0
TXN-002687,187.03,16,0.164,643,1160,1,2,15,1,1,0.259,1
TXN-002688,293.22,8,0.122,208,1694,3,0,5,0,1,0.051,0
TXN-002689,177.05,0,0.424,549,3900,0,1,9,0,0,0.142,0
TXN-002690,67.38,3,0.19,1443,1252,2,2,5,0,0,0.377,0
TXN-002691,7.02,7,0.453,147,2367,0,4,6,0,1,0.16,0
TXN-002692,28.79,18,0.531,257,2413,1,3,9,0,0,0.415,0
TXN-002693,52.82,8,0.333,386,3558,0,1,8,1,1,0.192,0
TXN-002694,154.81,2,0.073,388,2220,0,2,8,0,0,0.252,0
TXN-002695,24.4,21,0.107,544,2652,2,5,9,0,0,0.028,0
TXN-002696,36.32,3,0.426,690,1660,0,3,12,0,0,0.275,0
TXN-002697,122.45,22,0.206,1367,3056,1,5,4,0,1,0.163,0
TXN-002698,11.5,3,0.109,894,890,0,1,7,0,0,0.181,0
TXN-002699,30.89,17,0.026,431,296,1,4,8,0,0,0.262,0
TXN-002700,65.88,2,0.501,1083,245,2,2,6,0,0,0.152,0
TXN-002701,119.43,19,0.508,1468,2446,2,1,10,0,0,0.116,0
TXN-002702,48.43,1,0.211,242,3484,0,2,9,0,1,0.197,0
TXN-002703,173.79,17,0.095,553,2380,3,3,8,0,0,0.17,0
TXN-002704,13.92,21,0.315,1061,1859,1,1,10,0,0,0.275,0
TXN-002705,5.99,2,0.17,263,3084,0,6,8,1,0,0.156,0
TXN-002706,76.04,7,0.363,861,3030,0,0,5,1,0,0.257,0
TXN-002707,71.86,8,0.197,816,3158,0,2,6,0,0,0.634,0
TXN-002708,6.72,13,0.234,377,976,1,1,13,0,0,0.158,0
TXN-002709,19.9,13,0.305,158,107,1,1,10,1,0,0.26,0
TXN-002710,21.23,12,0.186,751,2987,1,1,15,0,0,0.164,0
TXN-002711,14.19,8,0.389,903,1383,3,2,8,0,0,0.335,0
TXN-002712,157.66,3,0.558,356,1018,0,3,6,0,0,0.668,0
TXN-002713,5.19,17,0.162,1315,1976,0,0,8,0,0,0.386,0
TXN-002714,90.37,23,0.375,536,427,0,3,7,0,0,0.662,1
TXN-002715,169.74,1,0.337,235,3846,0,2,7,0,0,0.292,0
TXN-002716,35.31,5,0.188,605,3145,0,4,5,1,0,0.092,0
TXN-002717,84.22,17,0.204,877,3680,0,5,8,0,1,0.354,0
TXN-002718,13.36,12,0.278,980,1367,0,1,7,0,0,0.499,0
TXN-002719,80.22,1,0.271,1198,2475,1,1,6,0,0,0.229,0
TXN-002720,15.3,19,0.396,237,2886,1,1,5,0,1,0.043,0
TXN-002721,191.42,3,0.427,368,3639,1,0,4,0,1,0.494,0
TXN-002722,100.0,20,0.459,639,1494,2,1,7,0,0,0.216,0
TXN-002723,35.29,10,0.184,827,3878,2,4,11,0,0,0.227,0
TXN-002724,9.91,3,0.189,938,2348,2,2,11,0,0,0.286,0
TXN-002725,109.1,14,0.362,903,2493,1,1,10,0,1,0.618,1
TXN-002726,24.48,10,0.268,652,2471,0,1,9,0,0,0.211,0
TXN-002727,55.06,18,0.119,91,244,1,4,6,0,1,0.21,0
TXN-002728,32.19,1,0.08,129,843,1,2,6,1,1,0.705,0
TXN-002729,59.27,12,0.132,1338,2997,1,4,8,0,1,0.155,0
TXN-002730,25.97,2,0.184,409,2743,1,2,7,0,0,0.356,0
TXN-002731,5.32,0,0.198,1453,507,0,0,7,0,0,0.227,0
TXN-002732,39.84,9,0.705,1242,3319,0,1,7,0,0,0.621,0
TXN-002733,144.91,5,0.071,49,414,0,3,7,1,0,0.249,0
TXN-002734,62.05,13,0.026,563,774,1,4,3,0,0,0.076,0
TXN-002735,20.19,6,0.115,1128,3190,1,1,11,0,0,0.275,0
TXN-002736,15.22,20,0.521,486,2393,0,3,5,0,0,0.458,0
TXN-002737,26.5,21,0.389,428,1969,0,5,6,0,0,0.433,0
TXN-002738,78.9,20,0.238,1206,1723,2,2,8,0,0,0.414,0
TXN-002739,8.8,11,0.461,693,3430,0,2,11,1,0,0.086,0
TXN-002740,206.75,17,0.397,1156,641,1,5,11,0,0,0.681,0
TXN-002741,21.24,10,0.146,997,693,1,2,7,0,1,0.207,0
TXN-002742,29.35,21,0.6,1299,865,1,2,5,0,1,0.445,1
TXN-002743,223.12,13,0.424,474,2842,0,5,4,0,0,0.486,0
TXN-002744,27.71,13,0.224,340,3681,0,1,9,1,0,0.181,0
TXN-002745,28.95,8,0.376,1269,3816,2,2,7,0,0,0.326,0
TXN-002746,11.85,22,0.347,241,2351,1,6,8,0,0,0.211,0
TXN-002747,12.7,17,0.229,1113,3197,0,1,5,0,0,0.482,0
TXN-002748,272.38,2,0.272,850,865,0,4,10,0,0,0.025,0
TXN-002749,69.76,6,0.302,606,2312,0,6,9,0,0,0.206,0
TXN-002750,76.38,4,0.131,1331,2788,1,2,8,0,0,0.241,0
TXN-002751,39.08,7,0.258,991,1900,1,1,3,0,1,0.122,0
TXN-002752,1.89,22,0.017,751,281,2,1,4,0,0,0.358,0
TXN-002753,415.03,16,0.182,1001,2397,1,1,5,0,0,0.739,1
TXN-002754,7.36,9,0.599,1041,2293,1,2,7,1,0,0.368,0
TXN-002755,34.44,10,0.567,212,2570,3,1,8,0,0,0.416,0
TXN-002756,20.56,0,0.163,18,490,0,1,7,0,0,0.11,0
TXN-002757,80.77,5,0.068,134,2486,1,4,9,1,0,0.424,0
TXN-002758,17.85,15,0.342,389,2286,2,2,8,0,1,0.397,0
TXN-002759,22.26,8,0.099,1131,2429,2,0,8,0,0,0.14,0
TXN-002760,36.69,17,0.198,842,2829,2,2,5,1,0,0.231,0
TXN-002761,99.73,10,0.254,1141,669,1,6,5,0,0,0.214,0
TXN-002762,29.88,15,0.271,1128,2859,0,1,10,0,0,0.491,0
TXN-002763,24.81,11,0.286,893,3411,0,3,8,1,0,0.359,0
TXN-002764,7.01,6,0.489,155,3346,0,2,15,0,1,0.256,0
TXN-002765,7.19,13,0.158,1465,1224,1,2,4,1,0,0.417,0
TXN-002766,9.58,19,0.368,210,828,0,5,10,0,0,0.056,0
TXN-002767,25.93,20,0.645,817,3018,2,0,6,0,1,0.125,0
TXN-002768,75.29,22,0.299,991,1628,0,0,9,0,0,0.477,0
TXN-002769,16.37,1,0.442,551,22,1,4,10,0,1,0.107,0
TXN-002770,111.59,11,0.107,397,3014,0,4,10,0,0,0.081,0
TXN-002771,136.16,9,0.716,235,1907,0,2,10,0,0,0.396,0
TXN-002772,32.86,3,0.485,398,1098,0,1,7,0,0,0.723,0
TXN-002773,123.44,10,0.275,147,1969,1,2,10,0,0,0.72,0
TXN-002774,23.16,18,0.301,1392,3621,0,3,7,0,0,0.177,0
TXN-002775,4.11,11,0.219,396,874,2,1,4,0,0,0.35,0
TXN-002776,164.93,17,0.118,1388,3766,0,0,17,1,0,0.277,0
TXN-002777,17.77,5,0.344,574,2611,1,2,2,1,0,0.318,0
TXN-002778,184.99,7,0.505,713,3409,1,3,7,1,0,0.449,0
TXN-002779,16.43,8,0.367,1049,1874,0,3,4,0,0,0.298,0
TXN-002780,4.26,1,0.458,819,3155,0,2,9,0,0,0.487,0
TXN-002781,49.52,3,0.197,197,3097,2,2,5,0,0,0.258,0
TXN-002782,6.16,8,0.199,1090,3460,0,0,12,0,1,0.406,0
TXN-002783,85.22,1,0.239,1150,3161,1,1,12,1,1,0.357,0
TXN-002784,10.94,5,0.238,607,2646,1,2,2,0,0,0.129,0
TXN-002785,31.02,10,0.055,961,1478,2,2,9,0,0,0.229,0
TXN-002786,170.12,4,0.467,363,481,0,3,7,0,1,0.208,0
TXN-002787,20.11,20,0.214,546,1517,0,5,10,0,0,0.431,0
TXN-002788,92.63,2,0.245,453,2024,1,3,9,0,0,0.321,0
TXN-002789,107.14,18,0.334,117,3287,0,2,7,0,0,0.303,0
TXN-002790,19.74,14,0.215,797,583,0,1,8,0,1,0.652,0
TXN-002791,44.65,7,0.333,1395,2339,1,0,9,0,0,0.403,0
TXN-002792,123.54,9,0.34,1432,949,0,2,7,0,0,0.329,0
TXN-002793,38.6,5,0.114,186,2353,0,4,6,0,0,0.242,0
TXN-002794,114.78,17,0.313,1473,1955,0,1,6,0,1,0.44,0
TXN-002795,155.25,5,0.05,493,1552,0,0,10,0,0,0.537,0
TXN-002796,109.14,15,0.022,1376,1611,1,3,7,0,0,0.616,0
TXN-002797,97.32,15,0.476,754,2513,0,2,12,0,1,0.444,0
TXN-002798,130.68,18,0.055,649,2837,1,2,10,0,0,0.191,0
TXN-002799,19.71,10,0.401,1469,3759,1,4,10,0,0,0.466,0
TXN-002800,44.96,0,0.408,844,1573,0,1,7,0,0,0.242,0
TXN-002801,16.06,19,0.303,546,2295,1,1,14,0,0,0.341,0
TXN-002802,29.46,6,0.526,1305,322,1,6,9,0,0,0.347,0
TXN-002803,26.46,17,0.358,924,1219,1,2,10,0,0,0.427,0
TXN-002804,85.23,17,0.153,1024,1903,1,2,9,0,0,0.564,0
TXN-002805,29.22,10,0.161,663,2582,4,1,12,0,0,0.62,0
TXN-002806,102.99,1,0.365,370,3070,1,1,15,0,0,0.666,0
TXN-002807,2.67,8,0.24,841,3725,0,0,12,1,0,0.367,0
TXN-002808,215.89,11,0.483,5,2830,2,2,12,0,1,0.221,0
TXN-002809,22.15,10,0.19,473,845,1,2,6,0,1,0.377,0
TXN-002810,5.23,6,0.215,317,1753,1,3,8,0,0,0.3,0
TXN-002811,74.76,10,0.432,1436,3497,0,2,6,1,1,0.343,0
TXN-002812,90.81,10,0.209,259,430,2,1,6,0,0,0.218,0
TXN-002813,73.28,16,0.273,126,1588,1,2,7,0,0,0.336,0
TXN-002814,287.67,10,0.212,1230,753,0,4,10,0,0,0.111,0
TXN-002815,34.6,1,0.465,708,2342,0,4,8,0,0,0.048,0
TXN-002816,36.87,6,0.43,1027,3909,0,0,4,1,0,0.346,0
TXN-002817,45.22,5,0.225,730,3229,0,2,4,0,1,0.393,0
TXN-002818,13.85,13,0.131,1100,1530,1,2,7,0,0,0.399,0
TXN-002819,15.12,11,0.125,194,3004,0,3,5,0,0,0.03,0
TXN-002820,139.3,3,0.607,1183,323,0,3,9,0,0,0.177,0
TXN-002821,58.42,2,0.067,1373,529,0,1,11,1,0,0.137,0
TXN-002822,22.17,23,0.16,320,401,1,3,6,0,0,0.449,0
TXN-002823,46.64,14,0.234,1406,979,2,2,8,1,0,0.564,0
TXN-002824,112.97,17,0.139,901,278,0,1,2,0,0,0.465,0
TXN-002825,23.22,22,0.169,715,2719,0,2,12,1,0,0.474,0
TXN-002826,36.79,6,0.573,65,3552,2,1,8,0,0,0.544,0
TXN-002827,98.04,19,0.248,1133,1796,0,0,8,1,1,0.355,0
TXN-002828,116.36,22,0.133,478,187,2,2,11,0,0,0.285,0
TXN-002829,3.49,7,0.197,900,1986,2,0,4,1,0,0.143,0
TXN-002830,13.43,2,0.615,645,99,0,2,7,0,0,0.472,1
TXN-002831,126.73,17,0.076,1466,2352,1,1,4,0,1,0.185,0
TXN-002832,14.52,19,0.232,1258,541,2,2,11,0,0,0.469,0
TXN-002833,40.36,15,0.358,1300,3823,0,3,13,1,0,0.142,0
TXN-002834,218.07,20,0.081,1018,3528,1,2,12,0,0,0.475,0
TXN-002835,70.41,10,0.268,1416,2227,0,1,9,0,1,0.672,0
TXN-002836,52.3,16,0.445,733,3606,1,0,6,1,0,0.362,0
TXN-002837,51.86,16,0.386,1168,3970,2,3,11,1,0,0.45,0
TXN-002838,40.39,21,0.231,457,2165,0,5,6,0,1,0.442,0
TXN-002839,53.75,13,0.308,645,1855,1,1,10,0,0,0.32,0
TXN-002840,133.49,23,0.07,689,3285,1,4,9,0,0,0.656,0
TXN-002841,10.52,20,0.49,401,440,1,2,4,0,0,0.508,0
TXN-002842,35.67,19,0.309,321,2622,0,2,2,0,1,0.58,0
TXN-002843,50.24,18,0.453,21,1286,1,1,12,0,0,0.265,0
TXN-002844,66.49,7,0.706,30,3826,1,3,10,0,0,0.151,0
TXN-002845,48.48,23,0.26,648,2111,0,2,5,0,1,0.117,0
TXN-002846,25.34,1,0.355,424,385,1,1,9,0,0,0.106,0
TXN-002847,190.29,2,0.432,532,2324,0,2,5,0,0,0.466,0
TXN-002848,96.43,7,0.416,1473,788,0,4,2,1,1,0.446,0
TXN-002849,50.7,17,0.1,465,1249,1,2,7,1,1,0.056,0
TXN-002850,61.33,22,0.171,258,3702,1,2,2,0,0,0.396,0
TXN-002851,282.62,13,0.132,50,2223,0,3,6,0,0,0.166,0
TXN-002852,49.98,8,0.589,152,3962,1,1,8,0,1,0.299,0
TXN-002853,63.62,20,0.223,141,2699,1,2,10,0,1,0.222,1
TXN-002854,15.78,11,0.136,815,1503,2,3,1,1,1,0.225,1
TXN-002855,86.44,11,0.53,1117,2285,2,4,11,0,0,0.373,0
TXN-002856,41.09,22,0.368,750,3697,1,1,13,1,0,0.636,0
TXN-002857,12.26,0,0.135,843,3745,0,4,6,0,0,0.165,0
TXN-002858,425.12,0,0.539,1461,1646,1,3,5,0,0,0.59,1
TXN-002859,34.32,7,0.142,381,1507,0,2,10,0,1,0.163,0
TXN-002860,92.77,0,0.546,421,3376,0,4,10,0,0,0.558,0
TXN-002861,16.83,1,0.216,42,795,2,3,10,0,0,0.674,0
TXN-002862,230.53,23,0.048,1004,456,0,2,8,0,0,0.447,0
TXN-002863,80.33,12,0.056,272,1223,1,1,5,0,0,0.231,0
TXN-002864,11.84,22,0.367,457,1986,2,2,9,0,0,0.246,0
TXN-002865,20.22,5,0.047,521,1193,1,3,7,0,1,0.297,0
TXN-002866,8.52,21,0.173,544,276,1,4,3,0,1,0.304,0
TXN-002867,24.19,15,0.284,911,1789,0,3,10,0,0,0.417,0
TXN-002868,375.87,11,0.308,1287,2965,1,1,11,0,0,0.159,0
TXN-002869,3.54,22,0.416,20,3681,0,1,12,0,0,0.209,0
TXN-002870,4.48,12,0.172,1291,865,3,2,7,0,0,0.185,0
TXN-002871,16.17,5,0.123,1003,1196,1,1,10,0,0,0.23,0
TXN-002872,27.77,8,0.157,573,968,0,1,10,0,0,0.521,0
TXN-002873,42.05,19,0.301,1282,606,1,2,6,0,0,0.457,0
TXN-002874,11.14,15,0.394,437,1852,2,0,7,0,0,0.491,0
TXN-002875,78.87,7,0.018,1143,1755,2,1,12,1,0,0.637,0
TXN-002876,38.13,19,0.273,529,681,3,0,3,0,1,0.362,0
TXN-002877,9.5,2,0.444,67,1595,1,0,9,0,0,0.537,0
TXN-002878,62.92,16,0.057,109,3337,1,0,5,0,0,0.325,0
TXN-002879,49.03,11,0.245,762,1785,0,3,7,0,1,0.243,1
TXN-002880,36.99,14,0.208,250,2481,1,1,8,0,0,0.127,0
TXN-002881,8.22,0,0.281,231,1561,1,3,6,0,0,0.205,0
TXN-002882,43.55,22,0.083,1255,393,5,4,9,1,1,0.233,0
TXN-002883,15.1,4,0.197,879,391,0,3,9,0,1,0.181,0
TXN-002884,10.52,3,0.455,411,1978,0,1,10,0,0,0.042,0
TXN-002885,35.54,21,0.195,859,3101,0,2,11,1,0,0.662,0
TXN-002886,27.68,23,0.438,1067,3930,1,1,12,0,0,0.695,0
TXN-002887,104.08,3,0.337,128,3045,1,1,10,0,0,0.471,0
TXN-002888,34.29,22,0.141,208,690,1,2,5,0,0,0.031,0
TXN-002889,822.32,15,0.335,1467,2340,0,0,9,0,0,0.049,0
TXN-002890,580.45,11,0.367,580,750,1,2,5,0,0,0.243,0
TXN-002891,16.32,10,0.319,336,1194,0,3,8,0,0,0.137,0
TXN-002892,13.12,18,0.088,308,2172,4,4,6,0,0,0.703,1
TXN-002893,78.88,16,0.51,515,3232,1,7,7,0,0,0.154,0
TXN-002894,27.32,19,0.397,1278,3234,0,4,9,0,0,0.216,0
TXN-002895,74.77,19,0.471,1083,2567,0,3,4,0,0,0.503,0
TXN-002896,9.14,5,0.237,12,1529,0,1,8,1,0,0.225,0
TXN-002897,80.96,8,0.317,22,408,1,5,5,0,0,0.576,1
TXN-002898,72.82,16,0.599,440,3158,0,2,9,0,0,0.863,0
TXN-002899,34.04,14,0.315,1376,2829,1,3,7,0,0,0.325,0
TXN-002900,71.2,13,0.311,1370,345,0,1,8,0,0,0.208,0
TXN-002901,14.36,4,0.347,866,669,0,1,10,1,0,0.539,0
TXN-002902,28.94,8,0.245,1401,1760,3,2,6,0,0,0.13,0
TXN-002903,18.85,12,0.272,518,83,0,2,10,0,0,0.525,0
TXN-002904,93.28,13,0.053,1219,709,0,0,7,0,0,0.44,0
TXN-002905,12.38,21,0.209,241,548,0,1,7,0,0,0.5,0
TXN-002906,9.64,19,0.444,983,163,0,1,6,0,1,0.347,0
TXN-002907,22.28,23,0.361,787,845,3,2,8,0,0,0.54,1
TXN-002908,228.81,20,0.261,849,2486,3,1,9,0,0,0.198,1
TXN-002909,22.65,10,0.326,723,3632,0,3,8,0,0,0.42,0
TXN-002910,29.23,19,0.059,977,2590,0,3,7,0,1,0.219,0
TXN-002911,15.5,7,0.363,1233,2536,0,1,7,0,0,0.15,0
TXN-002912,96.88,3,0.146,1191,256,0,4,11,0,0,0.558,1
TXN-002913,22.76,6,0.477,477,3741,2,2,8,0,0,0.072,0
TXN-002914,15.74,5,0.07,52,3622,2,1,11,1,1,0.598,1
TXN-002915,62.97,0,0.233,286,1680,0,3,11,1,0,0.201,0
TXN-002916,28.07,3,0.301,917,3326,0,3,7,0,0,0.419,0
TXN-002917,16.62,5,0.137,1205,224,1,2,12,0,0,0.347,0
TXN-002918,50.96,2,0.092,289,580,1,2,6,0,0,0.513,0
TXN-002919,70.2,3,0.038,109,2480,2,0,2,1,0,0.141,0
TXN-002920,90.93,8,0.414,881,983,3,4,8,0,0,0.111,0
TXN-002921,44.59,11,0.372,32,1004,0,1,5,0,0,0.354,0
TXN-002922,98.4,12,0.295,633,1417,2,0,14,0,0,0.161,0
TXN-002923,21.17,4,0.597,407,1144,1,4,10,0,1,0.406,0
TXN-002924,60.27,7,0.627,267,2062,1,0,7,1,0,0.48,1
TXN-002925,11.61,2,0.222,81,3274,0,1,7,0,1,0.307,0
TXN-002926,7.64,19,0.559,1363,863,1,3,5,0,1,0.363,1
TXN-002927,25.69,22,0.027,1489,723,1,2,6,1,1,0.499,1
TXN-002928,64.99,15,0.112,953,3755,5,2,6,1,1,0.48,0
TXN-002929,43.36,13,0.029,629,1187,1,0,6,0,0,0.345,1
TXN-002930,22.03,1,0.347,622,2847,0,1,9,0,1,0.357,0
TXN-002931,6.2,9,0.41,539,2786,0,1,11,0,0,0.363,0
TXN-002932,20.45,20,0.113,540,624,2,1,16,0,0,0.472,1
TXN-002933,133.66,21,0.186,108,961,0,3,4,0,0,0.487,0
TXN-002934,93.11,9,0.138,179,1140,0,2,9,0,0,0.06,0
TXN-002935,39.43,3,0.372,272,3759,3,1,14,0,1,0.235,0
TXN-002936,49.04,7,0.179,35,360,2,2,5,0,0,0.353,1
TXN-002937,21.22,8,0.263,1475,1592,3,1,7,0,1,0.294,0
TXN-002938,68.98,10,0.075,453,416,1,2,7,0,0,0.148,0
TXN-002939,58.65,16,0.051,1094,2505,3,0,10,1,1,0.352,0
TXN-002940,9.03,16,0.24,51,1322,0,1,7,0,0,0.25,0
TXN-002941,18.25,9,0.54,97,3006,0,4,5,0,0,0.181,0
TXN-002942,242.53,15,0.136,436,1816,1,2,6,0,1,0.279,0
TXN-002943,52.93,18,0.285,290,3823,1,2,7,0,0,0.318,0
TXN-002944,117.82,18,0.023,669,913,0,3,7,0,0,0.301,0
TXN-002945,55.76,1,0.232,1417,2703,2,3,10,1,0,0.315,0
TXN-002946,15.07,18,0.275,1042,1900,1,3,5,0,0,0.262,0
TXN-002947,76.64,23,0.512,68,683,1,0,6,0,0,0.659,0
TXN-002948,74.35,2,0.077,182,2722,0,4,6,0,0,0.067,0
TXN-002949,114.29,12,0.522,1295,3389,0,1,8,1,0,0.308,0
TXN-002950,95.72,18,0.079,204,3614,1,2,5,0,0,0.452,0
TXN-002951,14.75,14,0.363,844,836,1,1,11,1,0,0.617,0
TXN-002952,72.51,14,0.716,1324,2965,0,0,10,1,1,0.159,0
TXN-002953,185.58,8,0.145,505,2987,0,1,12,1,1,0.391,1
TXN-002954,8.9,13,0.287,75,2461,0,4,9,0,0,0.273,0
TXN-002955,45.34,8,0.142,840,3870,0,3,4,0,0,0.127,0
TXN-002956,42.1,14,0.243,863,1857,1,2,10,0,0,0.25,0
TXN-002957,14.28,18,0.198,156,3740,1,3,10,0,0,0.172,0
TXN-002958,25.13,9,0.377,112,2872,1,2,8,0,0,0.408,0
TXN-002959,63.97,15,0.35,16,1688,0,2,13,0,1,0.414,0
TXN-002960,274.29,8,0.14,351,2309,0,3,10,0,0,0.258,0
TXN-002961,36.03,15,0.291,858,3824,0,1,6,0,0,0.113,0
TXN-002962,44.19,14,0.129,425,3377,2,1,11,0,0,0.17,0
TXN-002963,24.45,8,0.2,1187,1454,1,6,5,0,0,0.028,0
TXN-002964,4.99,5,0.172,100,3045,0,2,8,0,0,0.619,0
TXN-002965,33.8,18,0.246,863,1786,0,3,7,0,0,0.219,0
TXN-002966,16.99,18,0.211,414,3635,2,5,10,0,0,0.182,0
TXN-002967,110.61,8,0.117,537,2455,2,3,7,0,0,0.037,0
TXN-002968,7.7,20,0.081,809,2266,1,6,12,1,0,0.364,0
TXN-002969,13.62,3,0.304,1301,2432,0,5,7,0,1,0.442,0
TXN-002970,71.2,17,0.173,314,502,1,3,10,0,0,0.473,0
TXN-002971,32.95,2,0.536,1062,200,2,1,8,0,1,0.434,0
TXN-002972,52.52,15,0.365,903,3388,0,2,12,0,0,0.165,0
TXN-002973,75.62,14,0.109,1092,2236,0,3,6,0,0,0.247,0
TXN-002974,19.92,4,0.544,1486,1203,0,1,3,0,0,0.392,0
TXN-002975,58.26,13,0.544,168,506,0,1,10,1,1,0.6,1
TXN-002976,32.73,9,0.328,268,168,0,1,7,0,0,0.514,0
TXN-002977,21.35,16,0.394,1262,2995,1,3,6,0,0,0.23,0
TXN-002978,33.03,22,0.314,666,65,0,4,6,0,0,0.15,1
TXN-002979,138.45,17,0.205,295,1163,1,2,6,0,0,0.646,0
TXN-002980,10.4,8,0.235,956,2128,0,1,13,0,0,0.548,0
TXN-002981,1161.25,4,0.135,1068,2551,1,1,10,0,0,0.19,1
TXN-002982,170.82,0,0.174,199,2531,0,2,8,0,1,0.111,0
TXN-002983,22.44,7,0.321,1419,2723,2,1,9,1,1,0.264,0
TXN-002984,34.5,10,0.185,1148,912,0,2,14,0,0,0.08,0
TXN-002985,28.62,2,0.29,1163,897,0,3,8,0,1,0.222,0
TXN-002986,49.55,23,0.376,1405,372,1,4,4,0,0,0.497,1
TXN-002987,46.25,19,0.115,649,3447,0,2,5,0,0,0.498,0
TXN-002988,152.75,10,0.111,1168,3475,1,2,8,0,0,0.346,0
TXN-002989,186.71,20,0.151,1336,1639,0,1,11,0,0,0.118,0
TXN-002990,122.19,18,0.136,758,3360,2,1,5,0,0,0.104,0
TXN-002991,34.01,5,0.242,345,1808,0,1,8,1,0,0.292,0
TXN-002992,47.92,6,0.077,776,2635,0,4,8,0,1,0.321,0
TXN-002993,20.41,5,0.243,551,2922,1,1,12,0,0,0.411,0
TXN-002994,21.86,19,0.238,1363,711,2,2,9,0,1,0.072,0
TXN-002995,178.05,15,0.332,186,219,0,2,8,0,0,0.445,0
TXN-002996,73.21,16,0.147,1054,2613,2,3,6,1,0,0.051,0
TXN-002997,15.97,18,0.141,1425,1745,0,1,5,0,0,0.358,0
TXN-002998,121.06,12,0.072,336,1092,0,3,5,0,1,0.425,0
TXN-002999,48.37,6,0.145,145,2823,0,2,6,0,1,0.105,0
TXN-003000,159.54,13,0.426,21,2817,0,3,6,0,0,0.225,1
TXN-003001,23.63,1,0.327,1307,742,0,5,12,0,1,0.231,1
TXN-003002,24.75,10,0.286,869,559,2,1,7,1,0,0.384,0
TXN-003003,60.5,15,0.368,848,680,1,2,6,0,0,0.534,0
TXN-003004,63.02,23,0.294,707,1123,1,0,11,0,0,0.287,0
TXN-003005,31.83,7,0.264,1121,3391,1,1,8,1,0,0.497,0
TXN-003006,6.96,1,0.351,1069,1808,1,1,9,0,0,0.772,0
TXN-003007,96.98,2,0.036,538,2393,0,4,7,0,0,0.445,0
TXN-003008,25.11,6,0.261,524,32,0,1,6,0,0,0.408,0
TXN-003009,584.65,6,0.283,311,885,1,2,9,0,0,0.169,0
TXN-003010,12.16,6,0.082,1469,3978,1,2,7,0,0,0.461,0
TXN-003011,66.25,9,0.185,1410,1415,0,0,3,0,0,0.265,0
TXN-003012,34.62,3,0.242,791,755,1,2,11,0,0,0.089,0
TXN-003013,79.09,1,0.033,422,3890,2,3,3,0,0,0.283,0
TXN-003014,25.13,3,0.266,861,723,1,4,11,1,0,0.13,0
TXN-003015,110.11,22,0.5,101,1085,0,3,13,0,0,0.144,0
TXN-003016,53.97,22,0.469,832,1934,0,1,11,1,0,0.026,0
TXN-003017,11.31,21,0.098,680,1992,0,5,6,0,0,0.121,0
TXN-003018,17.36,10,0.547,660,26,1,1,8,0,1,0.347,0
TXN-003019,19.19,1,0.143,332,385,0,2,8,0,0,0.221,0
TXN-003020,63.42,14,0.057,1079,246,0,1,8,1,0,0.495,0
TXN-003021,61.65,20,0.303,1039,2384,0,1,9,1,0,0.281,1
TXN-003022,76.57,17,0.184,949,3749,1,1,10,0,0,0.356,0
TXN-003023,18.58,13,0.219,566,2254,0,3,8,0,0,0.11,0
TXN-003024,27.95,16,0.141,535,2624,1,5,8,0,0,0.288,0
TXN-003025,31.82,8,0.536,179,2168,0,2,8,0,0,0.292,0
TXN-003026,29.92,0,0.177,143,1244,0,1,10,0,0,0.73,0
TXN-003027,51.3,8,0.315,626,3119,1,2,13,0,1,0.565,0
TXN-003028,143.93,13,0.269,1294,951,1,2,3,0,0,0.436,0
TXN-003029,58.31,5,0.509,120,1243,0,1,6,0,1,0.453,0
TXN-003030,191.09,15,0.058,473,833,1,3,5,0,0,0.297,0
TXN-003031,52.58,21,0.449,446,865,1,3,13,0,1,0.325,0
TXN-003032,10.41,16,0.18,1226,1483,2,2,10,0,0,0.081,0
TXN-003033,83.08,6,0.18,673,1775,2,1,6,0,0,0.492,0
TXN-003034,24.89,0,0.1,489,931,3,3,11,1,0,0.16,0
TXN-003035,8.17,19,0.473,286,3719,0,1,7,0,0,0.381,0
TXN-003036,108.88,23,0.41,1360,1792,1,2,10,0,0,0.598,0
TXN-003037,39.37,6,0.29,802,804,0,2,14,0,0,0.402,0
TXN-003038,6.6,21,0.207,1043,2831,0,3,7,0,0,0.137,0
TXN-003039,11.59,15,0.666,1130,3438,3,4,4,0,0,0.51,0
TXN-003040,61.79,8,0.144,810,399,2,1,4,0,0,0.158,0
TXN-003041,15.6,10,0.257,1017,1711,1,11,10,0,0,0.361,1
TXN-003042,82.08,20,0.213,1047,2415,1,3,9,0,0,0.702,0
TXN-003043,88.43,13,0.329,87,1420,2,2,5,0,1,0.066,0
TXN-003044,33.94,11,0.233,1050,53,0,7,14,0,0,0.316,0
TXN-003045,65.3,2,0.046,180,598,0,2,10,1,0,0.448,0
TXN-003046,42.32,6,0.18,892,3968,0,1,10,0,0,0.276,0
TXN-003047,50.57,16,0.081,235,130,0,1,7,0,0,0.792,0
TXN-003048,496.81,0,0.325,856,3013,1,2,6,0,1,0.295,0
TXN-003049,24.75,19,0.409,607,2666,0,1,5,0,0,0.529,0
TXN-003050,70.07,21,0.131,434,3688,2,2,11,0,0,0.562,0
TXN-003051,108.89,21,0.292,1273,3255,2,0,4,0,0,0.117,0
TXN-003052,185.37,16,0.394,745,1705,0,1,7,1,0,0.294,0
TXN-003053,53.15,1,0.331,122,2407,0,4,6,0,1,0.671,0
TXN-003054,98.53,21,0.43,1014,2144,0,1,8,0,0,0.483,0
TXN-003055,81.94,19,0.065,1269,2799,1,4,6,0,0,0.615,0
TXN-003056,33.94,15,0.139,351,1618,1,1,5,0,0,0.107,0
TXN-003057,54.22,18,0.229,1290,3467,0,4,4,1,0,0.226,0
TXN-003058,46.56,18,0.125,927,592,1,0,8,0,0,0.252,0
TXN-003059,34.43,22,0.264,1472,244,0,2,5,0,0,0.113,0
TXN-003060,44.32,5,0.526,340,263,0,1,13,0,0,0.271,0
TXN-003061,4.08,9,0.528,1323,96,1,0,8,0,0,0.478,0
TXN-003062,193.65,10,0.558,1435,1409,1,1,11,0,1,0.296,0
TXN-003063,37.07,2,0.174,1296,261,0,3,13,0,0,0.32,0
TXN-003064,29.13,11,0.203,382,3060,0,1,5,0,0,0.422,0
TXN-003065,69.3,10,0.326,395,1412,0,1,8,0,0,0.608,0
TXN-003066,23.22,1,0.514,603,3911,1,0,8,1,1,0.405,0
TXN-003067,85.81,20,0.078,316,2840,1,2,10,0,0,0.331,0
TXN-003068,21.84,9,0.142,1382,1219,1,2,4,0,0,0.238,0
TXN-003069,134.58,11,0.25,596,1703,0,2,5,0,1,0.183,0
TXN-003070,132.55,2,0.354,520,581,0,3,11,0,0,0.256,0
TXN-003071,41.51,14,0.177,427,3635,0,1,5,0,0,0.213,0
TXN-003072,34.52,11,0.362,1390,35,1,0,7,0,1,0.518,0
TXN-003073,19.23,17,0.117,866,1324,0,1,6,1,0,0.418,0
TXN-003074,19.55,17,0.108,983,1083,1,2,11,1,0,0.501,0
TXN-003075,48.27,11,0.212,1474,937,0,3,8,0,0,0.562,0
TXN-003076,5.45,20,0.135,979,3448,0,0,10,1,1,0.261,0
TXN-003077,77.84,12,0.192,155,3211,1,3,7,0,0,0.867,0
TXN-003078,122.34,23,0.517,205,836,0,2,17,0,0,0.352,0
TXN-003079,47.8,10,0.378,1265,3682,0,0,10,0,1,0.261,0
TXN-003080,53.82,15,0.458,948,2875,0,0,6,0,0,0.14,0
TXN-003081,31.78,5,0.286,852,2210,1,5,9,0,1,0.187,0
TXN-003082,6.69,13,0.382,1039,2436,0,0,7,0,0,0.558,0
TXN-003083,124.86,11,0.572,384,3619,2,0,10,0,1,0.644,0
TXN-003084,17.59,21,0.084,54,3962,1,2,4,0,0,0.146,0
TXN-003085,11.66,20,0.519,773,1319,1,1,8,0,0,0.395,0
TXN-003086,87.37,3,0.099,693,2344,1,0,5,0,1,0.193,0
TXN-003087,20.9,21,0.029,1228,2649,3,2,2,0,0,0.33,0
TXN-003088,25.02,19,0.289,630,3556,0,0,6,0,1,0.089,0
TXN-003089,40.67,2,0.14,1213,2063,2,3,9,0,0,0.471,0
TXN-003090,38.21,4,0.262,293,37,0,1,4,0,1,0.175,1
TXN-003091,46.75,13,0.33,510,3776,1,2,6,1,0,0.18,0
TXN-003092,86.37,4,0.149,1120,3380,1,2,8,0,0,0.687,0
TXN-003093,75.88,1,0.199,505,3307,0,3,8,0,1,0.651,0
TXN-003094,18.15,1,0.45,1245,3112,0,1,11,1,0,0.627,0
TXN-003095,16.99,3,0.428,601,504,0,3,12,1,0,0.318,0
TXN-003096,16.2,0,0.291,1372,1680,0,4,7,0,0,0.218,0
TXN-003097,6.01,21,0.664,771,823,1,1,4,0,0,0.133,0
TXN-003098,24.38,16,0.258,1028,3755,1,4,11,0,0,0.234,0
TXN-003099,11.22,5,0.454,930,2428,0,1,9,0,0,0.409,0
TXN-003100,45.97,22,0.355,1266,3783,1,4,6,1,0,0.233,0
TXN-003101,27.76,1,0.242,1250,1112,1,1,10,0,0,0.466,0
TXN-003102,121.52,18,0.253,1066,1608,0,4,13,0,0,0.185,0
TXN-003103,31.92,7,0.731,557,3927,2,4,3,0,0,0.468,1
TXN-003104,43.46,22,0.528,1111,503,0,0,5,0,0,0.013,0
TXN-003105,28.89,5,0.03,1359,2264,2,1,10,0,0,0.7,1
TXN-003106,8.43,3,0.242,695,962,2,1,8,1,0,0.349,0
TXN-003107,16.84,15,0.132,1480,2230,0,0,9,1,1,0.709,0
TXN-003108,15.0,0,0.442,1278,2629,2,1,9,0,1,0.429,0
TXN-003109,32.65,6,0.124,824,3850,1,1,8,0,0,0.224,0
TXN-003110,31.29,13,0.369,1100,1274,1,2,7,0,0,0.461,0
TXN-003111,98.24,23,0.304,984,3285,2,1,14,0,1,0.044,0
TXN-003112,20.33,22,0.289,321,3477,1,1,4,1,0,0.14,0
TXN-003113,17.67,11,0.342,100,283,0,4,13,0,0,0.111,0
TXN-003114,53.39,17,0.456,1466,977,2,5,16,1,0,0.414,0
TXN-003115,8.76,16,0.103,1392,2205,0,0,6,0,0,0.195,0
TXN-003116,284.17,7,0.047,620,2343,1,2,10,0,0,0.201,0
TXN-003117,192.88,7,0.278,1204,3352,2,0,7,0,0,0.436,1
TXN-003118,107.65,14,0.663,1180,1527,1,1,10,0,0,0.595,0
TXN-003119,12.82,6,0.279,157,1131,0,3,7,0,0,0.12,0
TXN-003120,64.31,11,0.297,713,658,1,0,3,0,0,0.465,0
TXN-003121,42.91,21,0.506,73,969,0,2,8,0,0,0.142,0
TXN-003122,8.71,21,0.481,155,3227,1,5,7,0,1,0.079,0
TXN-003123,79.23,0,0.479,669,2601,0,4,9,0,1,0.129,0
TXN-003124,20.76,6,0.149,969,1352,0,3,4,0,0,0.136,0
TXN-003125,18.33,11,0.204,1472,3364,0,2,3,0,0,0.292,0
TXN-003126,32.9,21,0.345,247,139,0,1,6,0,1,0.01,0
TXN-003127,95.49,13,0.272,719,1937,1,3,7,0,0,0.27,0
TXN-003128,56.26,20,0.536,770,2820,1,2,9,0,0,0.087,0
TXN-003129,116.44,8,0.266,916,1771,1,0,6,0,1,0.357,0
TXN-003130,4.88,15,0.397,1229,1369,3,3,7,0,1,0.628,0
TXN-003131,24.76,22,0.568,872,3064,1,3,6,1,1,0.258,0
TXN-003132,35.0,22,0.052,1158,2109,0,1,9,0,0,0.346,0
TXN-003133,19.4,18,0.405,723,3909,0,3,10,0,0,0.061,0
TXN-003134,26.01,8,0.207,1088,3325,0,3,10,0,1,0.215,0
TXN-003135,12.36,6,0.074,1377,3936,0,2,7,0,0,0.213,0
TXN-003136,145.68,19,0.306,670,3279,1,1,12,0,0,0.544,0
TXN-003137,82.09,7,0.176,1483,3316,2,2,7,0,0,0.086,0
TXN-003138,78.62,13,0.384,1196,322,0,4,6,0,0,0.897,0
TXN-003139,14.9,18,0.22,1181,3064,0,1,5,0,0,0.382,0
TXN-003140,38.08,22,0.449,493,1825,1,2,13,0,0,0.137,0
TXN-003141,36.94,20,0.308,1323,3849,2,5,11,0,0,0.327,1
TXN-003142,10.84,5,0.092,78,1528,1,1,9,0,0,0.334,0
TXN-003143,32.16,21,0.546,668,2194,0,0,13,1,1,0.209,0
TXN-003144,18.16,14,0.262,1464,1606,2,2,2,0,1,0.21,0
TXN-003145,14.96,5,0.128,1492,3175,0,4,6,0,1,0.334,0
TXN-003146,16.95,4,0.128,127,718,1,1,6,0,0,0.284,0
TXN-003147,22.93,4,0.134,226,1711,0,5,11,0,0,0.462,1
TXN-003148,69.84,11,0.155,1066,876,0,3,12,0,1,0.294,0
TXN-003149,152.64,10,0.253,565,269,0,4,3,0,0,0.63,0
TXN-003150,56.78,5,0.459,1418,3360,2,1,6,1,0,0.177,0
TXN-003151,857.88,1,0.413,901,1781,0,2,9,0,0,0.08,1
TXN-003152,11.06,21,0.219,1296,2400,0,1,14,0,0,0.151,0
TXN-003153,16.2,6,0.117,1040,112,0,3,6,1,0,0.035,0
TXN-003154,61.48,22,0.571,320,2692,1,3,9,0,0,0.634,0
TXN-003155,164.06,2,0.533,829,1549,0,1,8,0,0,0.097,0
TXN-003156,7.35,20,0.178,1121,825,2,4,5,0,0,0.305,0
TXN-003157,75.15,14,0.239,508,202,0,5,4,0,0,0.169,0
TXN-003158,16.66,0,0.23,511,926,1,2,8,0,1,0.21,0
TXN-003159,31.36,8,0.184,443,3639,0,3,8,0,0,0.474,0
TXN-003160,22.71,3,0.51,653,3789,1,1,11,1,0,0.089,0
TXN-003161,24.58,16,0.295,200,2135,2,3,10,0,1,0.209,0
TXN-003162,14.3,23,0.167,1159,3850,0,1,8,0,0,0.245,0
TXN-003163,425.56,7,0.182,579,392,2,3,6,0,0,0.487,0
TXN-003164,44.3,9,0.231,358,3710,0,1,8,1,0,0.252,0
TXN-003165,23.8,8,0.264,803,2125,0,1,10,0,1,0.154,0
TXN-003166,1.84,22,0.332,730,3068,1,0,7,0,1,0.157,0
TXN-003167,94.08,20,0.287,750,2707,0,1,12,0,0,0.431,0
TXN-003168,55.18,12,0.333,1089,1072,1,2,9,0,0,0.477,0
TXN-003169,6.63,3,0.13,1016,2321,0,2,10,0,0,0.76,0
TXN-003170,24.06,19,0.456,659,3115,1,1,8,0,0,0.118,0
TXN-003171,34.01,19,0.308,986,1289,0,0,10,0,1,0.145,0
TXN-003172,75.3,16,0.257,989,3813,0,0,12,0,0,0.303,0
TXN-003173,4.25,18,0.141,113,3675,0,5,6,0,0,0.189,0
TXN-003174,31.74,14,0.046,1138,2629,1,3,14,0,0,0.178,0
TXN-003175,44.2,4,0.129,492,3511,2,2,7,0,0,0.214,0
TXN-003176,6.51,9,0.369,559,1671,0,1,9,0,0,0.167,0
TXN-003177,58.54,14,0.193,250,158,1,3,13,0,0,0.385,0
TXN-003178,37.78,11,0.149,221,1034,3,7,5,0,0,0.221,0
TXN-003179,8.71,6,0.465,820,3469,0,2,5,1,0,0.163,0
TXN-003180,28.41,18,0.31,191,1593,1,2,13,0,0,0.327,0
TXN-003181,26.81,5,0.167,925,751,0,1,1,0,0,0.488,0
TXN-003182,32.55,19,0.163,1409,3731,0,4,7,0,0,0.242,0
TXN-003183,21.84,21,0.164,319,782,0,4,5,0,0,0.266,0
TXN-003184,74.35,20,0.154,436,1996,1,2,10,1,0,0.326,0
TXN-003185,4.47,8,0.038,1458,3472,0,5,10,0,1,0.268,0
TXN-003186,25.28,16,0.296,1437,3526,1,1,9,0,0,0.09,0
TXN-003187,78.25,12,0.298,466,3410,1,5,6,0,1,0.201,0
TXN-003188,65.24,15,0.162,1059,567,1,2,8,0,1,0.294,0
TXN-003189,36.66,7,0.192,629,3223,1,3,8,0,0,0.822,0
TXN-003190,22.73,20,0.033,1416,1566,1,3,14,0,0,0.224,0
TXN-003191,31.06,15,0.086,854,1870,0,2,6,0,0,0.317,0
TXN-003192,11.07,15,0.268,318,1147,1,4,4,0,1,0.27,0
TXN-003193,96.63,1,0.397,211,1214,1,2,7,0,0,0.367,0
TXN-003194,56.71,15,0.188,1367,2023,0,1,6,0,0,0.352,0
TXN-003195,18.9,5,0.204,1084,2173,0,1,11,0,0,0.382,0
TXN-003196,56.28,11,0.108,670,826,1,2,8,1,0,0.171,0
TXN-003197,6.04,0,0.374,1430,1,1,2,8,0,0,0.456,0
TXN-003198,12.89,5,0.311,123,362,1,1,6,0,0,0.222,0
TXN-003199,125.06,20,0.497,549,557,0,2,6,0,1,0.318,0
TXN-003200,157.03,23,0.485,377,3283,0,5,7,0,0,0.53,0
TXN-003201,18.78,14,0.285,640,1803,0,3,4,0,0,0.301,1
TXN-003202,21.88,16,0.332,887,1969,0,1,10,0,0,0.334,0
TXN-003203,18.59,1,0.142,233,2553,0,1,14,0,1,0.583,0
TXN-003204,26.86,14,0.099,134,612,0,5,10,1,0,0.59,0
TXN-003205,32.15,6,0.149,1052,2335,0,3,8,0,1,0.493,0
TXN-003206,50.63,22,0.189,535,3502,0,2,7,0,0,0.651,0
TXN-003207,113.31,11,0.666,885,888,2,5,9,1,0,0.426,1
TXN-003208,30.7,6,0.26,1295,2237,0,2,9,1,1,0.474,1
TXN-003209,45.29,9,0.22,798,2265,2,3,11,0,0,0.332,0
TXN-003210,11.71,7,0.623,675,1514,1,5,11,0,0,0.195,0
TXN-003211,6.2,11,0.196,465,1191,1,1,8,0,0,0.528,0
TXN-003212,202.92,14,0.358,1002,3478,1,0,6,0,0,0.12,0
TXN-003213,85.22,10,0.222,673,480,0,0,5,0,1,0.359,0
TXN-003214,21.04,11,0.348,1227,1102,0,2,5,0,0,0.108,0
TXN-003215,33.21,15,0.198,1247,2675,0,5,7,0,0,0.382,0
TXN-003216,31.83,23,0.322,1243,2000,0,4,9,1,0,0.28,0
TXN-003217,305.68,17,0.059,1306,1772,1,6,12,0,0,0.452,0
TXN-003218,19.29,13,0.345,604,1665,0,1,8,0,0,0.411,0
TXN-003219,73.44,5,0.524,722,1836,0,4,4,0,1,0.178,0
TXN-003220,26.39,1,0.132,1332,3036,2,3,6,0,0,0.334,0
TXN-003221,100.08,10,0.121,0,2642,2,2,5,0,0,0.139,0
TXN-003222,320.1,20,0.234,1286,3600,1,1,10,0,0,0.422,0
TXN-003223,72.98,2,0.389,122,268,0,3,6,0,0,0.097,0
TXN-003224,6.85,12,0.341,229,899,1,3,6,0,0,0.462,1
TXN-003225,19.81,22,0.28,710,730,2,1,9,0,0,0.195,0
TXN-003226,63.31,5,0.226,558,1357,1,1,14,0,0,0.365,0
TXN-003227,101.5,18,0.093,33,3363,1,4,8,1,0,0.236,0
TXN-003228,29.44,19,0.143,1188,3781,1,2,13,1,0,0.094,0
TXN-003229,17.79,2,0.15,711,3803,0,2,9,0,1,0.63,0
TXN-003230,7.63,5,0.386,678,1391,1,2,14,0,0,0.07,0
TXN-003231,8.3,0,0.17,1362,2951,1,3,7,0,0,0.482,0
TXN-003232,289.64,9,0.481,1467,3091,0,0,8,0,0,0.082,1
TXN-003233,24.77,17,0.238,373,2113,0,3,4,0,0,0.323,0
TXN-003234,21.4,18,0.048,700,232,0,2,5,0,0,0.427,0
TXN-003235,22.33,8,0.209,557,1130,0,2,9,0,0,0.287,0
TXN-003236,98.74,10,0.076,256,312,1,1,12,0,0,0.16,0
TXN-003237,14.88,8,0.253,601,83,0,0,3,0,0,0.488,0
TXN-003238,144.8,13,0.295,868,3751,0,3,14,0,0,0.527,0
TXN-003239,502.22,16,0.08,1492,1862,0,2,9,0,0,0.634,0
TXN-003240,70.62,6,0.043,737,973,0,1,12,0,0,0.069,0
TXN-003241,4.33,8,0.293,110,1224,0,2,9,0,0,0.249,0
TXN-003242,13.96,16,0.05,1497,327,0,2,9,0,0,0.57,0
TXN-003243,46.79,17,0.139,383,1869,1,3,5,0,0,0.335,0
TXN-003244,140.51,8,0.304,1043,3265,0,2,7,0,0,0.431,0
TXN-003245,23.83,7,0.455,1059,2270,2,1,5,0,0,0.296,0
TXN-003246,57.31,12,0.039,868,3796,0,3,9,0,1,0.159,0
TXN-003247,110.18,16,0.235,742,823,0,1,7,0,1,0.357,0
TXN-003248,12.96,19,0.674,503,2826,0,1,9,0,0,0.328,0
TXN-003249,30.39,15,0.703,133,56,0,2,5,0,1,0.657,1
TXN-003250,39.02,21,0.279,1300,3719,1,4,8,0,0,0.629,0
TXN-003251,5.61,7,0.175,988,1230,1,1,7,0,0,0.592,0
TXN-003252,6.83,12,0.449,1377,195,0,4,12,0,0,0.376,0
TXN-003253,63.04,13,0.1,892,1703,0,4,6,0,0,0.287,0
TXN-003254,229.03,3,0.196,160,2376,1,2,16,1,1,0.109,0
TXN-003255,102.48,17,0.232,604,2575,2,2,6,0,0,0.112,0
TXN-003256,24.58,9,0.16,381,581,1,2,6,0,0,0.299,0
TXN-003257,61.15,13,0.239,1371,1431,3,0,8,0,1,0.26,0
TXN-003258,41.85,13,0.185,808,3982,1,4,9,0,1,0.364,0
TXN-003259,73.81,13,0.12,246,3994,1,1,6,0,0,0.259,0
TXN-003260,64.52,0,0.571,870,1475,0,3,4,0,0,0.34,0
TXN-003261,10.7,14,0.171,527,468,0,3,5,0,0,0.246,0
TXN-003262,6.59,2,0.118,201,3392,3,1,16,0,1,0.301,0
TXN-003263,79.06,14,0.278,598,549,3,4,11,0,0,0.419,0
TXN-003264,105.34,9,0.319,1104,1191,2,4,5,0,1,0.576,1
TXN-003265,24.16,21,0.271,534,77,0,2,10,0,0,0.625,1
TXN-003266,32.19,21,0.595,622,2388,0,4,5,0,0,0.168,0
TXN-003267,67.89,9,0.359,1003,2785,2,4,12,0,1,0.727,0
TXN-003268,58.86,17,0.025,705,3724,1,2,9,0,1,0.229,0
TXN-003269,17.52,20,0.372,1164,2335,1,3,7,0,1,0.537,0
TXN-003270,60.15,16,0.163,475,3707,3,2,6,0,0,0.268,0
TXN-003271,33.46,7,0.11,470,582,0,0,6,0,1,0.308,0
TXN-003272,15.35,14,0.537,461,416,2,4,11,0,0,0.482,0
TXN-003273,29.96,1,0.336,312,3709,1,2,6,0,1,0.405,1
TXN-003274,50.57,5,0.498,1246,1726,0,2,12,1,0,0.142,0
TXN-003275,82.22,21,0.385,217,2736,1,2,10,1,0,0.572,0
TXN-003276,95.95,18,0.232,766,808,0,2,7,0,1,0.125,1
TXN-003277,17.15,20,0.067,163,1156,0,2,6,0,0,0.188,0
TXN-003278,37.52,5,0.493,768,1574,0,3,8,0,0,0.329,0
TXN-003279,18.95,6,0.059,149,640,1,1,6,1,0,0.121,0
TXN-003280,101.93,0,0.3,565,1788,0,1,6,0,0,0.248,0
TXN-003281,64.89,22,0.47,68,442,0,4,1,1,0,0.187,0
TXN-003282,43.62,18,0.296,1088,3577,2,3,8,0,0,0.316,0
TXN-003283,12.79,19,0.244,246,3446,1,2,5,0,0,0.3,0
TXN-003284,162.91,5,0.151,874,3836,0,0,8,0,0,0.511,0
TXN-003285,19.3,11,0.08,995,1358,3,2,7,1,1,0.767,1
TXN-003286,18.25,5,0.191,346,648,0,0,17,1,0,0.225,0
TXN-003287,43.64,3,0.197,199,1321,3,5,4,0,0,0.61,1
TXN-003288,80.93,3,0.389,189,456,0,3,6,1,0,0.337,0
TXN-003289,54.58,19,0.307,89,2075,1,2,12,0,0,0.445,0
TXN-003290,19.98,13,0.063,794,148,1,2,6,0,0,0.236,0
TXN-003291,21.35,1,0.066,203,1974,0,3,9,0,0,0.356,0
TXN-003292,51.55,10,0.212,942,1637,0,5,6,0,1,0.165,0
TXN-003293,54.53,1,0.174,1284,127,0,2,6,0,0,0.131,0
TXN-003294,38.14,22,0.583,83,3884,0,1,11,1,0,0.372,0
TXN-003295,19.24,22,0.208,284,3330,0,4,14,0,0,0.196,0
TXN-003296,19.56,0,0.526,1444,2926,1,3,6,1,0,0.555,1
TXN-003297,14.77,3,0.124,189,1913,2,3,10,1,0,0.549,0
TXN-003298,133.43,13,0.09,788,2915,1,2,7,0,0,0.561,0
TXN-003299,12.85,19,0.434,521,258,0,1,6,0,0,0.581,0
TXN-003300,72.13,6,0.608,948,2562,2,2,10,0,1,0.55,0
TXN-003301,27.83,1,0.257,505,3198,0,1,6,1,0,0.64,0
TXN-003302,7.76,11,0.233,100,1940,1,1,6,0,0,0.38,0
TXN-003303,122.41,21,0.332,275,2170,1,2,10,0,0,0.139,0
TXN-003304,16.59,8,0.13,1049,204,0,4,8,0,0,0.055,0
TXN-003305,63.79,13,0.037,128,1659,1,0,7,0,0,0.139,0
TXN-003306,33.29,9,0.177,1017,2899,1,3,4,1,0,0.501,0
TXN-003307,77.16,17,0.104,877,3276,0,2,3,0,0,0.296,0
TXN-003308,15.63,16,0.087,641,3989,1,1,8,0,0,0.441,0
TXN-003309,53.82,18,0.349,917,3634,0,1,5,0,1,0.466,0
TXN-003310,172.29,1,0.292,42,3460,0,1,14,0,0,0.104,0
TXN-003311,22.58,23,0.208,489,2174,0,3,12,0,0,0.347,0
TXN-003312,308.6,22,0.516,1027,1429,0,0,4,0,0,0.025,0
TXN-003313,71.85,22,0.312,1427,3055,1,4,12,1,0,0.266,0
TXN-003314,3.36,9,0.154,1475,1590,0,1,11,0,1,0.391,0
TXN-003315,70.82,22,0.58,1255,1056,1,1,11,0,0,0.534,0
TXN-003316,24.66,20,0.377,1411,3283,0,1,4,0,0,0.129,0
TXN-003317,93.81,23,0.354,819,2178,1,2,5,0,0,0.425,0
TXN-003318,143.35,6,0.149,1471,1729,2,1,8,0,0,0.398,0
TXN-003319,63.15,21,0.33,867,1135,1,6,4,0,0,0.263,0
TXN-003320,12.65,10,0.319,423,1075,0,1,12,0,1,0.245,0
TXN-003321,22.9,19,0.56,148,767,1,3,8,0,0,0.253,0
TXN-003322,158.93,16,0.134,1037,844,1,2,8,1,0,0.271,0
TXN-003323,22.65,20,0.369,135,3668,0,1,2,0,0,0.122,0
TXN-003324,52.24,2,0.161,768,312,2,4,10,0,1,0.354,1
TXN-003325,31.96,23,0.152,1283,3404,0,1,6,1,1,0.575,0
TXN-003326,3.95,5,0.242,9,1841,0,6,9,0,0,0.476,0
TXN-003327,12.41,6,0.034,1030,2252,1,1,10,0,0,0.519,0
TXN-003328,95.77,15,0.687,1481,387,0,3,7,0,0,0.174,0
TXN-003329,35.08,20,0.632,1204,3784,1,3,8,0,1,0.37,0
TXN-003330,123.39,11,0.112,81,3299,1,1,11,0,0,0.554,0
TXN-003331,5.98,5,0.211,796,2062,1,2,10,0,0,0.232,0
TXN-003332,33.17,14,0.19,1034,2264,3,4,8,0,1,0.262,0
TXN-003333,198.62,23,0.416,537,2681,0,3,10,1,1,0.806,1
TXN-003334,144.31,5,0.455,862,2377,0,2,14,0,0,0.186,0
TXN-003335,58.91,4,0.484,92,1546,0,3,8,0,0,0.335,0
TXN-003336,99.44,13,0.249,539,3426,0,0,12,0,0,0.597,0
TXN-003337,346.44,0,0.082,1339,2216,1,4,4,0,0,0.283,0
TXN-003338,34.36,8,0.153,584,1314,0,4,3,0,0,0.425,0
TXN-003339,76.16,7,0.412,622,3204,1,2,7,0,1,0.109,0
TXN-003340,14.91,20,0.4,738,955,0,2,6,0,0,0.146,0
TXN-003341,47.87,21,0.132,523,1616,1,3,10,1,0,0.693,0
TXN-003342,16.71,8,0.261,553,935,2,1,11,0,0,0.821,0
TXN-003343,61.28,6,0.192,183,3272,1,0,13,0,0,0.274,0
TXN-003344,31.53,1,0.262,151,3616,2,1,3,1,1,0.178,1
TXN-003345,293.24,19,0.395,1485,1852,0,3,7,0,0,0.16,0
TXN-003346,15.9,18,0.108,991,1452,1,3,7,1,1,0.035,0
TXN-003347,221.11,20,0.433,1179,2250,1,2,5,0,0,0.359,0
TXN-003348,22.94,1,0.199,900,1243,0,0,8,1,0,0.07,1
TXN-003349,35.77,21,0.073,875,2808,0,2,8,0,0,0.321,0
TXN-003350,91.58,20,0.27,872,2237,0,2,3,0,1,0.072,0
TXN-003351,5.23,8,0.278,1015,565,0,1,10,0,1,0.378,0
TXN-003352,228.5,22,0.325,1200,3015,3,2,8,0,1,0.107,0
TXN-003353,4.8,15,0.276,304,3242,2,0,11,0,0,0.229,0
TXN-003354,91.85,10,0.188,368,676,2,8,9,1,0,0.838,1
TXN-003355,45.48,8,0.556,235,1905,0,1,5,0,0,0.24,0
TXN-003356,57.57,13,0.061,1105,570,0,4,8,0,0,0.37,0
TXN-003357,90.32,20,0.311,1110,511,2,1,8,0,0,0.207,0
TXN-003358,46.74,9,0.339,450,318,2,1,8,0,0,0.296,0
TXN-003359,86.67,3,0.121,491,3819,2,1,6,0,1,0.531,0
TXN-003360,87.58,6,0.425,807,1948,1,1,6,0,0,0.438,0
TXN-003361,137.41,18,0.162,1160,2071,0,2,7,0,0,0.274,0
TXN-003362,80.16,16,0.22,1495,2201,1,0,11,0,0,0.206,0
TXN-003363,142.31,2,0.415,34,2682,1,0,10,0,1,0.226,0
TXN-003364,22.32,20,0.163,1405,2228,0,2,12,0,0,0.645,0
TXN-003365,19.58,7,0.574,1048,1681,0,3,3,0,0,0.614,0
TXN-003366,15.57,18,0.286,1392,1197,0,0,9,0,0,0.364,0
TXN-003367,16.18,19,0.016,442,3194,1,2,6,0,0,0.253,0
TXN-003368,17.36,15,0.576,134,1964,2,0,11,0,0,0.394,0
TXN-003369,30.47,16,0.065,377,1945,3,2,9,0,1,0.191,0
TXN-003370,3.48,0,0.189,1413,3538,0,5,7,0,0,0.158,0
TXN-003371,11.1,18,0.174,1478,2795,0,3,9,0,0,0.12,0
TXN-003372,42.4,1,0.23,1335,3364,1,3,9,0,0,0.182,0
TXN-003373,81.01,22,0.12,1052,1705,0,1,10,0,1,0.459,0
TXN-003374,16.81,8,0.703,960,1962,2,0,11,0,0,0.585,0
TXN-003375,19.62,1,0.286,687,2178,1,2,5,0,0,0.051,0
TXN-003376,32.25,5,0.22,702,832,0,6,7,0,1,0.055,1
TXN-003377,44.72,13,0.213,1042,1432,0,4,10,1,0,0.41,0
TXN-003378,47.73,7,0.372,633,954,1,2,7,0,0,0.721,0
TXN-003379,37.96,10,0.323,1155,3012,1,2,7,0,0,0.346,0
TXN-003380,109.35,2,0.228,340,2012,2,4,3,1,0,0.473,1
TXN-003381,19.67,23,0.098,117,3662,0,2,14,0,0,0.5,0
TXN-003382,48.66,13,0.155,1158,2910,0,2,1,0,0,0.258,0
TXN-003383,103.03,4,0.11,1315,3122,0,2,6,0,0,0.23,0
TXN-003384,209.73,21,0.1,1269,3146,1,3,7,0,0,0.572,0
TXN-003385,325.87,11,0.072,313,3013,0,3,6,0,0,0.544,0
TXN-003386,53.5,22,0.261,736,3337,1,2,12,0,0,0.558,0
TXN-003387,13.08,5,0.144,1168,3334,2,2,6,1,0,0.494,0
TXN-003388,801.83,18,0.237,1193,2125,3,2,9,0,0,0.221,0
TXN-003389,2.02,23,0.193,391,2228,1,0,9,0,0,0.435,0
TXN-003390,89.19,3,0.413,248,3229,0,2,8,0,1,0.499,0
TXN-003391,64.85,5,0.107,1472,3418,0,4,11,0,0,0.255,0
TXN-003392,118.54,23,0.07,431,2505,0,1,6,0,0,0.278,0
TXN-003393,44.63,21,0.313,341,2703,2,4,10,0,0,0.694,0
TXN-003394,68.6,7,0.232,1368,3291,1,1,13,0,0,0.057,0
TXN-003395,88.13,8,0.173,989,1270,2,1,5,0,0,0.066,0
TXN-003396,52.23,2,0.393,149,3531,0,3,12,0,0,0.031,0
TXN-003397,58.47,21,0.222,1015,2946,1,2,8,0,0,0.46,0
TXN-003398,35.12,0,0.607,1115,1179,0,2,7,1,0,0.357,0
TXN-003399,79.86,4,0.185,1167,629,1,7,6,0,1,0.547,0
TXN-003400,99.8,11,0.224,1009,3432,1,6,5,0,0,0.073,0
TXN-003401,55.5,7,0.271,453,1380,1,3,8,1,0,0.524,1
TXN-003402,7.9,19,0.345,841,998,2,5,10,0,0,0.465,0
TXN-003403,17.53,2,0.171,690,1811,1,5,10,0,0,0.591,0
TXN-003404,54.52,19,0.616,1088,199,1,2,5,0,0,0.177,1
TXN-003405,17.84,12,0.285,318,2990,0,3,9,0,1,0.452,0
TXN-003406,476.85,23,0.209,882,2051,1,0,5,1,0,0.404,0
TXN-003407,48.35,16,0.381,1495,1395,1,1,5,0,0,0.365,1
TXN-003408,130.94,9,0.164,202,1499,0,7,3,0,1,0.195,0
TXN-003409,79.68,23,0.232,849,2144,0,6,8,0,0,0.427,0
TXN-003410,52.4,16,0.502,567,2513,2,5,6,0,0,0.699,0
TXN-003411,27.79,7,0.281,776,3667,1,0,8,1,0,0.286,0
TXN-003412,41.16,22,0.015,228,151,1,3,12,0,0,0.538,0
TXN-003413,38.99,0,0.727,1044,2941,0,4,9,0,0,0.165,0
TXN-003414,34.34,3,0.239,149,1449,1,4,7,0,0,0.594,1
TXN-003415,253.92,16,0.093,265,3807,1,2,9,0,0,0.101,0
TXN-003416,6.98,19,0.216,262,979,1,3,6,0,0,0.199,0
TXN-003417,3.42,0,0.078,211,125,1,2,8,0,0,0.144,0
TXN-003418,11.84,17,0.659,523,3172,1,1,10,0,0,0.176,0
TXN-003419,8.37,16,0.473,489,97,1,4,4,1,0,0.359,0
TXN-003420,85.93,12,0.429,985,2247,0,3,7,0,0,0.113,0
TXN-003421,11.13,10,0.55,1247,3279,0,3,3,0,0,0.201,0
TXN-003422,45.78,1,0.351,370,2872,2,1,5,0,1,0.717,1
TXN-003423,85.46,14,0.468,519,2082,0,4,9,1,0,0.291,0
TXN-003424,76.5,18,0.331,423,3703,0,3,9,1,1,0.075,0
TXN-003425,133.11,23,0.589,641,1953,1,1,12,0,1,0.148,1
TXN-003426,40.8,16,0.638,1066,313,4,3,7,0,1,0.325,0
TXN-003427,54.68,19,0.392,303,348,2,2,5,0,0,0.564,0
TXN-003428,79.5,19,0.336,1161,1639,0,1,8,1,0,0.089,0
TXN-003429,15.14,8,0.247,1465,399,1,6,4,1,0,0.195,0
TXN-003430,26.56,15,0.265,499,2104,1,3,6,0,0,0.136,0
TXN-003431,13.64,23,0.293,80,1259,1,5,6,0,0,0.672,0
TXN-003432,14.78,7,0.104,1007,2050,1,0,3,0,0,0.272,0
TXN-003433,43.24,12,0.349,1199,1376,0,1,11,0,0,0.244,0
TXN-003434,179.11,18,0.335,392,424,1,2,14,0,0,0.186,0
TXN-003435,175.62,18,0.088,677,2643,0,2,6,0,1,0.479,0
TXN-003436,17.5,16,0.395,141,3434,0,3,7,0,1,0.33,0
TXN-003437,155.73,7,0.445,87,3834,1,4,3,0,0,0.173,0
TXN-003438,5.2,11,0.422,445,3614,0,2,8,0,1,0.226,0
TXN-003439,42.36,0,0.231,1343,2846,1,2,11,0,0,0.546,0
TXN-003440,114.74,21,0.18,663,173,0,1,6,0,0,0.448,0
TXN-003441,12.3,8,0.216,1235,1999,1,3,5,0,0,0.254,0
TXN-003442,126.31,2,0.656,409,387,1,5,10,0,0,0.579,0
TXN-003443,73.27,11,0.07,1444,1654,0,2,7,0,0,0.181,0
TXN-003444,18.53,18,0.435,925,882,1,0,18,0,0,0.098,0
TXN-003445,15.86,22,0.178,205,2514,0,5,6,0,0,0.053,0
TXN-003446,152.78,10,0.092,1273,1777,3,4,5,1,0,0.223,0
TXN-003447,58.78,6,0.633,133,738,2,0,11,0,0,0.207,0
TXN-003448,174.71,3,0.556,437,3069,0,2,14,0,0,0.236,0
TXN-003449,79.75,2,0.385,821,2423,0,2,10,1,0,0.764,0
TXN-003450,233.25,17,0.143,1203,2139,1,0,8,0,1,0.271,0
TXN-003451,17.18,17,0.705,1040,15,1,1,11,0,0,0.576,0
TXN-003452,42.12,21,0.108,1280,558,0,2,9,0,0,0.189,0
TXN-003453,17.81,17,0.134,866,860,0,1,10,0,1,0.605,1
TXN-003454,91.42,15,0.561,219,2843,0,3,7,0,0,0.282,0
TXN-003455,222.42,20,0.168,88,108,0,4,8,0,0,0.191,0
TXN-003456,20.37,8,0.41,740,2784,1,4,7,0,0,0.137,0
TXN-003457,31.29,15,0.201,722,2844,1,3,5,0,0,0.672,1
TXN-003458,56.42,2,0.293,567,1779,0,1,12,0,1,0.139,0
TXN-003459,7.69,1,0.144,1450,733,1,2,6,0,0,0.023,0
TXN-003460,57.22,21,0.112,452,3135,0,3,8,0,0,0.435,0
TXN-003461,36.61,4,0.059,455,142,0,2,9,0,0,0.444,0
TXN-003462,110.15,17,0.084,1172,3709,1,2,1,0,1,0.02,0
TXN-003463,87.59,13,0.425,387,686,0,3,12,1,1,0.391,0
TXN-003464,12.88,16,0.259,144,1452,1,2,7,0,0,0.21,0
TXN-003465,197.17,6,0.387,1249,3813,1,2,10,0,0,0.075,0
TXN-003466,96.39,19,0.527,4,1270,0,4,5,0,0,0.413,0
TXN-003467,117.13,1,0.688,57,3931,0,3,5,0,0,0.4,0
TXN-003468,601.16,6,0.36,212,1499,3,4,10,0,0,0.125,1
TXN-003469,61.2,7,0.131,1430,1576,0,2,9,0,0,0.737,0
TXN-003470,81.14,11,0.218,225,896,0,1,10,0,0,0.419,0
TXN-003471,107.13,20,0.031,1418,1654,0,4,9,0,0,0.337,0
TXN-003472,42.02,20,0.419,216,402,0,3,7,0,0,0.415,0
TXN-003473,19.16,16,0.193,321,1976,1,1,5,0,1,0.136,1
TXN-003474,50.33,13,0.549,741,3144,1,3,8,1,0,0.041,0
TXN-003475,27.98,17,0.413,359,589,0,1,12,0,0,0.241,0
TXN-003476,35.97,2,0.127,1004,259,2,3,2,1,0,0.482,0
TXN-003477,91.76,15,0.185,412,1030,2,2,13,0,0,0.557,0
TXN-003478,52.39,7,0.257,993,2684,1,2,4,0,1,0.479,1
TXN-003479,30.64,15,0.155,455,2280,1,1,12,0,1,0.37,0
TXN-003480,30.85,7,0.113,1067,2383,0,1,10,0,0,0.456,0
TXN-003481,126.74,21,0.374,164,806,0,2,2,0,0,0.688,0
TXN-003482,34.74,17,0.237,1449,1664,2,4,7,0,1,0.258,0
TXN-003483,18.9,13,0.584,461,1309,1,2,10,1,0,0.482,0
TXN-003484,11.56,6,0.129,1040,3127,0,4,11,0,0,0.623,0
TXN-003485,31.57,17,0.318,256,2590,1,0,11,0,0,0.371,0
TXN-003486,47.93,17,0.255,995,998,0,1,4,0,1,0.6,0
TXN-003487,98.95,3,0.543,683,2380,0,0,12,0,0,0.472,0
TXN-003488,177.84,4,0.491,1017,2915,1,3,9,0,0,0.229,0
TXN-003489,21.28,15,0.397,314,3938,1,1,9,0,0,0.603,0
TXN-003490,113.25,10,0.264,868,3217,0,3,9,1,0,0.279,0
TXN-003491,292.91,2,0.301,1278,855,1,5,8,0,0,0.221,0
TXN-003492,61.98,23,0.127,358,811,1,3,7,1,0,0.05,0
TXN-003493,18.22,22,0.25,1417,62,1,3,8,0,0,0.46,0
TXN-003494,31.53,9,0.334,1495,385,1,0,7,0,1,0.664,0
TXN-003495,91.19,8,0.382,12,20,1,3,7,0,0,0.2,0
TXN-003496,7.86,1,0.434,82,2344,0,2,11,1,1,0.261,0
TXN-003497,76.8,16,0.173,971,3587,1,3,5,0,0,0.32,0
TXN-003498,43.17,1,0.072,1070,1620,0,3,10,0,0,0.336,0
TXN-003499,17.48,1,0.484,1112,3489,0,2,7,0,0,0.466,1
TXN-003500,170.74,23,0.122,724,159,4,4,11,0,0,0.189,0
TXN-003501,19.55,6,0.239,1202,737,1,3,9,0,0,0.158,0
TXN-003502,309.88,8,0.46,13,3588,1,0,9,0,1,0.632,0
TXN-003503,45.22,7,0.335,271,3345,0,0,11,0,0,0.533,1
TXN-003504,54.24,3,0.258,1215,2132,1,1,6,0,0,0.291,0
TXN-003505,9.05,11,0.372,115,3317,0,3,11,0,0,0.497,0
TXN-003506,11.69,15,0.715,828,982,1,1,2,0,1,0.065,0
TXN-003507,5.48,7,0.63,788,2278,0,0,9,0,0,0.131,0
TXN-003508,26.85,22,0.451,587,2282,0,0,5,0,0,0.341,0
TXN-003509,154.13,7,0.14,327,2968,0,1,6,0,0,0.299,0
TXN-003510,21.46,15,0.076,22,3030,0,0,7,0,0,0.657,0
TXN-003511,53.57,2,0.176,230,3808,1,3,6,0,0,0.076,0
TXN-003512,88.19,14,0.103,841,3801,0,3,11,0,1,0.153,0
TXN-003513,15.76,8,0.289,558,3561,1,2,10,0,0,0.16,0
TXN-003514,76.93,15,0.213,16,3959,0,4,6,0,0,0.285,0
TXN-003515,53.84,11,0.184,272,2410,0,3,5,0,0,0.408,0
TXN-003516,90.31,10,0.327,604,3898,1,2,8,0,0,0.741,0
TXN-003517,25.72,11,0.227,1441,935,3,2,12,1,0,0.13,0
TXN-003518,63.59,9,0.054,129,2651,0,2,9,0,0,0.52,0
TXN-003519,88.1,12,0.183,848,1829,1,3,10,0,0,0.063,0
TXN-003520,29.32,16,0.061,474,396,2,6,11,0,0,0.097,0
TXN-003521,39.89,7,0.193,269,518,1,6,9,0,0,0.667,0
TXN-003522,94.14,22,0.254,155,1857,0,1,10,0,1,0.818,0
TXN-003523,64.68,17,0.255,512,3313,1,1,12,0,0,0.387,0
TXN-003524,15.8,4,0.564,421,3971,1,4,11,1,1,0.608,0
TXN-003525,30.29,10,0.342,773,506,2,3,1,1,1,0.455,0
TXN-003526,39.75,23,0.381,803,370,1,1,3,0,0,0.518,0
TXN-003527,14.78,22,0.013,549,3429,2,3,9,0,1,0.166,0
TXN-003528,15.96,12,0.245,441,858,0,3,7,0,0,0.348,0
TXN-003529,27.23,13,0.268,710,2999,1,0,5,0,0,0.24,0
TXN-003530,11.37,21,0.273,331,2869,0,1,6,0,0,0.671,0
TXN-003531,74.04,8,0.116,860,2096,1,1,6,0,1,0.568,0
TXN-003532,55.48,11,0.188,506,3450,1,2,12,0,0,0.009,0
TXN-003533,147.97,12,0.023,1038,418,2,1,9,0,1,0.145,0
TXN-003534,93.99,19,0.31,1436,3568,1,0,9,0,0,0.454,0
TXN-003535,35.28,22,0.512,262,2916,1,3,8,0,0,0.292,0
TXN-003536,20.74,16,0.081,379,1901,1,2,8,0,0,0.249,0
TXN-003537,15.87,17,0.238,788,1495,1,4,9,0,0,0.447,0
TXN-003538,11.85,11,0.081,1349,3753,0,3,7,0,0,0.053,0
TXN-003539,45.94,16,0.241,962,2908,0,4,9,0,0,0.552,0
TXN-003540,27.17,18,0.372,723,800,0,3,5,0,0,0.472,0
TXN-003541,567.55,22,0.162,561,803,0,5,8,0,0,0.385,1
TXN-003542,102.52,1,0.235,240,1549,1,3,10,0,0,0.624,0
TXN-003543,41.08,8,0.429,949,126,3,3,7,0,0,0.685,0
TXN-003544,73.11,9,0.104,387,2809,0,2,6,1,1,0.58,0
TXN-003545,4.76,17,0.386,77,2405,0,4,6,0,0,0.349,0
TXN-003546,80.66,0,0.269,1063,2250,1,5,7,0,0,0.718,0
TXN-003547,161.36,2,0.111,1303,2243,1,1,11,0,0,0.164,0
TXN-003548,84.85,3,0.218,633,1887,2,3,9,1,1,0.044,0
TXN-003549,35.3,14,0.144,1478,1914,1,3,4,0,0,0.24,0
TXN-003550,33.36,11,0.546,249,2877,1,3,11,0,0,0.306,1
TXN-003551,94.39,22,0.307,854,2674,2,1,7,0,0,0.363,0
TXN-003552,44.61,16,0.218,957,1034,0,2,8,0,0,0.374,0
TXN-003553,6.58,10,0.09,803,2393,2,3,11,1,0,0.082,0
TXN-003554,209.9,17,0.336,729,110,0,4,8,0,0,0.318,1
TXN-003555,71.21,1,0.448,1072,2302,0,2,10,0,0,0.111,0
TXN-003556,32.0,5,0.171,282,503,0,2,7,1,0,0.399,0
TXN-003557,110.57,7,0.35,572,345,0,4,8,0,0,0.296,0
TXN-003558,57.53,5,0.176,1151,3626,0,1,5,0,0,0.544,0
TXN-003559,426.96,8,0.158,77,2778,1,0,11,0,0,0.175,0
TXN-003560,78.08,12,0.32,271,2035,1,2,7,0,1,0.159,0
TXN-003561,5.17,12,0.316,507,1692,0,0,10,0,0,0.894,0
TXN-003562,10.71,7,0.486,388,3642,0,4,7,1,1,0.33,0
TXN-003563,67.8,18,0.115,255,3406,0,2,12,0,0,0.309,0
TXN-003564,25.2,5,0.482,893,3363,2,4,11,0,1,0.379,0
TXN-003565,12.64,0,0.246,1410,3598,2,3,7,1,1,0.469,1
TXN-003566,99.37,23,0.271,252,2430,0,1,5,0,0,0.321,0
TXN-003567,61.68,20,0.189,259,1580,1,4,9,0,0,0.328,0
TXN-003568,8.21,15,0.373,1327,2961,2,1,10,1,0,0.088,0
TXN-003569,30.64,9,0.467,1347,2171,0,1,6,0,0,0.269,0
TXN-003570,69.19,6,0.277,1035,859,0,3,11,0,0,0.738,0
TXN-003571,29.07,23,0.293,1030,1747,1,1,12,1,0,0.134,0
TXN-003572,31.22,16,0.218,11,3770,0,0,9,0,0,0.39,0
TXN-003573,242.69,23,0.353,1158,1188,1,1,9,0,1,0.266,0
TXN-003574,25.34,20,0.322,811,2121,1,1,13,0,1,0.492,1
TXN-003575,51.39,0,0.372,898,2130,1,3,10,0,0,0.292,0
TXN-003576,14.71,8,0.058,624,3514,0,2,6,0,1,0.398,0
TXN-003577,109.66,8,0.085,1039,1994,1,1,9,0,0,0.292,0
TXN-003578,34.63,19,0.425,388,972,0,1,5,0,0,0.666,0
TXN-003579,12.14,3,0.178,694,280,2,3,8,0,0,0.254,0
TXN-003580,311.57,9,0.194,474,3062,0,0,8,0,0,0.276,0
TXN-003581,118.83,12,0.377,801,2339,1,5,8,0,0,0.088,0
TXN-003582,30.59,17,0.514,17,1206,0,0,8,1,1,0.576,0
TXN-003583,17.46,0,0.454,1130,2531,3,3,10,0,0,0.285,1
TXN-003584,3.91,11,0.339,1476,818,0,0,6,1,0,0.294,0
TXN-003585,67.02,14,0.116,1317,1752,1,2,8,0,0,0.28,0
TXN-003586,26.79,20,0.064,875,3534,0,4,5,0,0,0.1,0
TXN-003587,14.38,22,0.034,736,3544,0,0,12,0,0,0.535,0
TXN-003588,20.41,2,0.254,1000,1169,1,1,7,0,0,0.661,0
TXN-003589,14.92,5,0.1,278,624,1,3,8,0,0,0.203,0
TXN-003590,61.51,22,0.352,834,2795,0,4,6,1,0,0.376,0
TXN-003591,27.75,21,0.157,382,2579,0,4,9,0,0,0.349,0
TXN-003592,10.79,2,0.249,446,917,1,1,6,0,1,0.271,0
TXN-003593,174.71,1,0.043,1213,2641,0,1,6,1,0,0.415,0
TXN-003594,34.55,14,0.147,1299,2771,0,0,8,1,0,0.282,0
TXN-003595,73.94,21,0.315,384,3194,1,2,8,0,0,0.454,0
TXN-003596,26.09,22,0.324,1296,1497,2,5,9,1,0,0.39,0
TXN-003597,10.47,4,0.308,1409,673,1,2,5,0,0,0.435,0
TXN-003598,42.22,15,0.075,430,3823,0,1,9,1,0,0.593,0
TXN-003599,24.93,20,0.356,1434,221,0,2,10,0,0,0.272,0
TXN-003600,412.51,9,0.528,26,409,1,1,8,0,0,0.165,0
TXN-003601,222.34,20,0.333,870,1888,1,4,17,0,1,0.177,1
TXN-003602,641.43,20,0.083,53,1132,1,1,5,0,1,0.53,0
TXN-003603,42.3,3,0.171,1243,3177,1,2,6,0,0,0.17,0
TXN-003604,14.65,19,0.329,94,3445,0,0,9,0,0,0.161,0
TXN-003605,16.21,17,0.67,118,257,0,4,7,0,0,0.146,0
TXN-003606,12.8,6,0.089,280,1561,0,1,9,1,0,0.347,0
TXN-003607,16.79,8,0.096,447,2217,3,5,12,0,0,0.477,0
TXN-003608,17.52,13,0.281,251,1580,1,3,7,0,0,0.371,1
TXN-003609,82.81,4,0.632,1136,119,0,1,5,0,1,0.24,0
TXN-003610,217.35,5,0.173,239,1615,3,2,8,0,0,0.678,1
TXN-003611,19.21,18,0.309,221,3821,0,1,8,0,1,0.265,0
TXN-003612,51.34,5,0.031,1049,2682,1,2,10,0,0,0.453,0
TXN-003613,9.52,2,0.43,809,2198,2,2,8,0,0,0.437,0
TXN-003614,13.25,22,0.229,1398,3134,1,1,8,0,0,0.586,0
TXN-003615,179.5,19,0.171,114,3764,1,4,7,0,0,0.405,0
TXN-003616,43.98,14,0.128,1193,2334,0,1,6,1,0,0.192,0
TXN-003617,137.1,0,0.221,663,1009,1,3,7,0,0,0.129,0
TXN-003618,7.66,19,0.363,1446,1295,2,0,7,0,0,0.077,0
TXN-003619,37.56,11,0.569,97,2196,2,3,6,0,0,0.23,0
TXN-003620,16.72,10,0.161,445,3021,0,4,6,0,0,0.314,0
TXN-003621,8.16,10,0.444,1424,3392,2,3,6,0,1,0.092,0
TXN-003622,20.68,13,0.328,1176,2145,1,0,2,0,0,0.152,0
TXN-003623,22.06,14,0.298,341,1654,0,6,7,0,1,0.034,1
TXN-003624,51.05,17,0.17,1377,152,0,2,10,0,1,0.471,0
TXN-003625,462.52,23,0.161,593,79,0,2,8,0,0,0.119,1
TXN-003626,542.06,19,0.207,782,1917,0,2,10,1,0,0.143,0
TXN-003627,42.22,18,0.072,441,2007,1,3,10,0,0,0.51,0
TXN-003628,31.59,10,0.118,766,138,0,1,7,0,0,0.157,0
TXN-003629,10.14,10,0.213,1165,1145,1,2,11,0,0,0.315,0
TXN-003630,54.6,13,0.267,1192,2597,1,2,13,0,0,0.286,0
TXN-003631,48.8,3,0.342,1111,1106,1,1,9,0,0,0.146,0
TXN-003632,34.09,0,0.248,1081,2666,1,4,7,1,0,0.268,0
TXN-003633,67.04,4,0.33,885,3377,0,0,13,0,0,0.149,0
TXN-003634,33.49,18,0.337,294,3612,1,4,11,0,1,0.587,0
TXN-003635,44.19,4,0.313,804,160,1,3,8,0,0,0.065,0
TXN-003636,4.97,23,0.095,385,3742,0,3,5,0,0,0.371,0
TXN-003637,29.7,11,0.296,1055,1736,1,1,8,1,0,0.155,0
TXN-003638,20.67,2,0.202,730,1126,1,5,6,0,1,0.173,0
TXN-003639,237.48,19,0.226,634,3739,2,1,9,0,1,0.358,1
TXN-003640,68.18,6,0.11,536,351,0,3,11,0,0,0.071,0
TXN-003641,38.71,9,0.324,726,2498,0,1,7,0,0,0.239,0
TXN-003642,52.54,20,0.335,16,484,1,1,9,0,0,0.254,0
TXN-003643,218.45,20,0.211,922,2542,0,2,6,1,0,0.802,0
TXN-003644,85.58,23,0.11,166,3233,2,4,7,0,1,0.6,0
TXN-003645,85.93,19,0.125,462,3512,0,0,3,0,0,0.322,0
TXN-003646,33.46,13,0.157,844,1658,0,1,9,1,0,0.088,0
TXN-003647,14.05,15,0.457,152,1788,0,3,12,0,0,0.289,0
TXN-003648,441.27,5,0.478,1435,2616,1,2,10,0,0,0.355,1
TXN-003649,94.39,0,0.31,968,206,1,4,5,0,0,0.567,0
TXN-003650,53.97,8,0.271,6,2490,0,3,9,0,0,0.479,0
TXN-003651,97.22,23,0.36,1078,1954,0,4,8,0,0,0.311,0
TXN-003652,27.67,12,0.168,654,3168,1,3,6,0,0,0.33,0
TXN-003653,5.3,12,0.261,14,2571,0,2,9,0,1,0.128,0
TXN-003654,55.57,5,0.751,834,790,0,4,12,0,0,0.403,0
TXN-003655,54.01,10,0.385,545,1089,1,5,4,1,1,0.325,0
TXN-003656,50.11,7,0.708,473,3776,0,1,9,0,0,0.129,0
TXN-003657,120.17,10,0.254,615,2428,4,3,6,0,0,0.316,0
TXN-003658,22.19,17,0.224,385,2504,0,1,9,0,0,0.362,0
TXN-003659,254.0,0,0.344,1070,3723,1,1,10,0,0,0.569,0
TXN-003660,100.09,11,0.22,909,309,0,3,12,1,1,0.16,0
TXN-003661,119.86,12,0.442,494,3869,1,3,7,0,0,0.599,0
TXN-003662,235.23,22,0.222,519,1426,0,4,7,0,0,0.166,1
TXN-003663,73.94,2,0.194,1467,1908,0,3,11,0,0,0.163,0
TXN-003664,10.13,21,0.323,485,1794,1,0,13,0,0,0.101,0
TXN-003665,150.34,12,0.372,1328,2282,1,0,4,0,0,0.356,0
TXN-003666,21.33,2,0.086,250,3323,1,3,12,0,0,0.393,0
TXN-003667,30.75,4,0.064,573,3166,1,1,9,1,1,0.678,0
TXN-003668,91.89,3,0.399,1455,2274,1,1,6,0,0,0.343,1
TXN-003669,41.71,16,0.101,1388,3455,0,3,6,1,0,0.079,0
TXN-003670,55.79,0,0.545,1040,2594,2,5,7,0,0,0.376,0
TXN-003671,70.97,13,0.311,1226,3993,0,3,13,0,0,0.136,0
TXN-003672,11.93,5,0.189,387,2262,0,4,10,1,0,0.547,0
TXN-003673,31.62,0,0.217,430,1894,0,1,9,0,1,0.761,0
TXN-003674,37.23,6,0.322,1450,3494,0,4,8,0,0,0.519,0
TXN-003675,203.84,8,0.512,388,2728,4,0,13,0,0,0.676,1
TXN-003676,22.12,12,0.242,501,1959,0,3,8,0,1,0.309,0
TXN-003677,154.83,19,0.41,1382,1753,1,5,7,0,0,0.414,0
TXN-003678,95.78,23,0.279,1108,2737,3,5,10,0,0,0.366,0
TXN-003679,33.74,14,0.28,739,3672,1,2,4,0,0,0.205,0
TXN-003680,24.66,14,0.342,463,951,0,2,8,0,1,0.233,1
TXN-003681,26.92,8,0.306,806,808,1,4,10,0,0,0.522,0
TXN-003682,18.69,22,0.144,993,1005,2,4,11,0,0,0.192,0
TXN-003683,38.56,9,0.177,385,795,1,1,11,0,0,0.362,0
TXN-003684,94.53,13,0.324,1063,920,1,1,7,1,1,0.142,0
TXN-003685,79.21,11,0.723,414,1853,0,1,9,1,0,0.447,0
TXN-003686,34.73,14,0.522,200,817,0,2,9,0,1,0.207,0
TXN-003687,45.61,6,0.429,734,1217,1,5,5,1,0,0.414,0
TXN-003688,74.31,17,0.391,1145,2066,0,1,9,0,1,0.669,0
TXN-003689,12.97,19,0.032,671,2260,1,3,6,1,0,0.343,0
TXN-003690,51.95,20,0.113,1,2533,1,3,11,0,0,0.286,0
TXN-003691,9.45,19,0.445,866,2704,3,2,10,0,0,0.426,1
TXN-003692,31.66,20,0.146,1359,1961,1,2,3,0,0,0.379,0
TXN-003693,9.03,10,0.218,786,1765,1,1,8,0,0,0.275,0
TXN-003694,22.38,6,0.311,690,2621,0,3,9,0,0,0.319,0
TXN-003695,24.06,6,0.199,1223,1829,0,1,5,0,0,0.207,0
TXN-003696,29.95,3,0.114,887,2220,0,3,5,0,0,0.259,0
TXN-003697,115.5,2,0.064,340,2579,0,4,8,0,0,0.265,1
TXN-003698,26.9,12,0.609,423,1526,0,2,9,0,0,0.828,0
TXN-003699,109.22,23,0.177,1272,3057,0,4,8,0,0,0.736,0
TXN-003700,88.08,8,0.182,252,1383,1,0,8,0,0,0.061,0
TXN-003701,20.83,22,0.138,1097,1115,0,2,5,1,1,0.101,0
TXN-003702,44.28,15,0.129,1359,2164,1,2,2,0,0,0.169,0
TXN-003703,38.86,8,0.085,460,2308,1,3,7,1,0,0.441,0
TXN-003704,21.17,1,0.464,1347,3323,1,4,9,1,0,0.119,0
TXN-003705,40.12,0,0.056,578,2907,1,1,9,1,0,0.205,0
TXN-003706,5.02,14,0.404,1442,308,0,0,11,0,0,0.732,1
TXN-003707,56.37,20,0.072,1403,3580,0,3,10,0,1,0.164,0
TXN-003708,134.92,7,0.187,1098,1392,1,3,10,0,0,0.096,0
TXN-003709,55.21,6,0.399,936,1547,2,2,10,1,0,0.335,0
TXN-003710,46.9,1,0.207,1364,3854,0,1,11,0,0,0.495,0
TXN-003711,9.43,13,0.065,954,3216,0,3,9,0,1,0.752,0
TXN-003712,93.35,16,0.095,68,1700,2,6,7,1,1,0.523,0
TXN-003713,74.5,7,0.076,1300,1166,0,3,10,0,1,0.144,0
TXN-003714,137.09,16,0.334,745,3392,0,2,8,0,0,0.398,0
TXN-003715,150.47,12,0.429,937,2645,1,1,9,0,0,0.553,0
TXN-003716,23.56,14,0.505,593,2787,1,1,6,0,0,0.476,0
TXN-003717,34.06,23,0.32,127,2355,2,0,4,0,0,0.228,0
TXN-003718,166.06,18,0.301,1251,3999,1,2,4,0,1,0.379,0
TXN-003719,8.11,14,0.382,27,2498,1,2,10,0,0,0.35,0
TXN-003720,55.81,15,0.282,908,1232,0,3,4,0,0,0.679,0
TXN-003721,16.51,17,0.126,96,2404,2,3,10,0,1,0.327,0
TXN-003722,18.06,5,0.04,794,1726,1,0,9,0,0,0.472,0
TXN-003723,90.0,10,0.025,334,2877,0,3,7,0,1,0.331,0
TXN-003724,36.85,5,0.123,1443,1493,0,2,13,0,1,0.35,0
TXN-003725,48.34,8,0.056,1418,1899,0,3,6,0,1,0.081,0
TXN-003726,133.14,1,0.038,305,3057,0,1,8,0,0,0.386,0
TXN-003727,121.65,13,0.016,1408,595,0,2,10,0,0,0.177,0
TXN-003728,65.59,5,0.31,1357,1733,0,2,4,0,1,0.48,0
TXN-003729,67.68,16,0.193,621,752,0,1,10,0,0,0.581,0
TXN-003730,100.53,8,0.125,1326,3140,2,2,11,0,1,0.198,0
TXN-003731,15.66,11,0.571,802,3644,0,3,4,0,0,0.541,0
TXN-003732,9.6,3,0.098,401,1496,0,2,12,0,0,0.482,0
TXN-003733,39.36,13,0.218,924,874,0,3,5,1,0,0.308,0
TXN-003734,80.6,16,0.408,271,482,0,3,14,0,0,0.13,1
TXN-003735,140.89,5,0.301,877,3587,0,1,3,0,0,0.371,0
TXN-003736,43.99,8,0.021,158,147,1,4,8,0,0,0.312,0
TXN-003737,122.77,20,0.545,732,1414,1,0,11,0,1,0.246,0
TXN-003738,60.02,6,0.322,969,3199,1,4,8,1,1,0.295,0
TXN-003739,10.63,5,0.058,1135,798,2,3,5,0,0,0.636,0
TXN-003740,56.79,12,0.342,224,3607,0,1,11,0,0,0.798,0
TXN-003741,131.19,9,0.283,919,745,1,2,5,0,0,0.25,0
TXN-003742,22.2,10,0.122,981,679,0,1,10,0,0,0.282,0
TXN-003743,62.38,14,0.63,682,1814,1,4,10,0,0,0.294,0
TXN-003744,27.1,21,0.384,919,100,1,2,6,1,0,0.393,0
TXN-003745,33.54,17,0.255,1124,459,0,0,11,0,1,0.415,0
TXN-003746,30.82,2,0.256,739,208,0,2,8,0,0,0.36,0
TXN-003747,44.7,12,0.282,478,1248,0,3,11,0,1,0.437,0
TXN-003748,11.87,13,0.288,637,742,1,0,6,0,0,0.647,0
TXN-003749,104.22,5,0.2,1097,2986,1,4,11,0,0,0.08,0
TXN-003750,117.27,23,0.131,1333,1808,0,3,6,0,0,0.1,0
TXN-003751,113.32,12,0.245,779,343,2,1,14,0,0,0.228,0
TXN-003752,16.14,7,0.149,154,3222,0,1,4,0,0,0.449,0
TXN-003753,77.9,22,0.202,450,2871,1,1,12,0,1,0.339,0
TXN-003754,108.46,12,0.358,849,3535,1,0,5,0,0,0.202,0
TXN-003755,62.42,23,0.171,687,1128,0,1,9,0,0,0.346,0
TXN-003756,18.43,2,0.213,683,39,2,6,10,0,0,0.312,0
TXN-003757,24.47,12,0.402,1335,2646,0,2,10,1,1,0.287,1
TXN-003758,166.31,7,0.435,957,3547,0,2,10,0,0,0.336,0
TXN-003759,35.97,1,0.57,598,1254,0,2,10,0,0,0.829,0
TXN-003760,19.91,14,0.354,964,2709,1,1,9,0,0,0.114,0
TXN-003761,18.62,4,0.17,235,2642,2,2,9,0,0,0.502,0
TXN-003762,21.75,1,0.216,1145,1740,0,2,10,0,0,0.167,0
TXN-003763,72.11,19,0.294,1429,440,0,1,3,0,1,0.285,0
TXN-003764,5.44,20,0.105,1283,2991,2,1,7,0,0,0.597,0
TXN-003765,10.2,19,0.292,1165,3549,1,0,12,0,1,0.519,0
TXN-003766,8.63,20,0.399,783,1050,2,1,8,0,1,0.556,1
TXN-003767,79.59,7,0.064,739,1361,0,3,9,0,0,0.274,0
TXN-003768,14.26,14,0.255,201,2038,0,1,5,0,0,0.344,0
TXN-003769,6.24,17,0.532,1231,3703,1,3,12,0,1,0.397,0
TXN-003770,32.09,14,0.381,876,139,2,2,6,0,1,0.155,0
TXN-003771,56.63,19,0.333,1445,3718,0,5,9,0,0,0.204,0
TXN-003772,21.3,4,0.472,1019,1653,0,2,5,1,0,0.257,0
TXN-003773,22.59,16,0.229,1374,2497,0,2,11,0,0,0.176,0
TXN-003774,137.1,8,0.495,910,1221,0,7,7,0,1,0.3,0
TXN-003775,173.77,16,0.208,332,2344,0,3,1,0,0,0.123,0
TXN-003776,55.66,10,0.459,454,3349,0,1,8,1,0,0.233,0
TXN-003777,25.37,6,0.292,1322,622,0,0,12,1,1,0.216,0
TXN-003778,76.13,8,0.322,876,732,1,2,9,0,0,0.419,0
TXN-003779,45.57,17,0.198,602,2141,1,4,4,0,1,0.851,0
TXN-003780,38.63,18,0.233,446,3238,3,2,7,0,0,0.187,0
TXN-003781,121.62,4,0.22,737,2889,2,2,13,0,0,0.109,0
TXN-003782,10.14,12,0.476,1177,1415,1,1,7,0,1,0.263,1
TXN-003783,45.69,7,0.184,189,3261,1,3,4,0,0,0.252,0
TXN-003784,45.08,4,0.131,1137,3217,0,0,6,0,0,0.22,0
TXN-003785,505.03,22,0.169,281,3872,0,0,9,0,0,0.344,0
TXN-003786,24.14,2,0.212,861,3118,2,3,8,0,1,0.067,0
TXN-003787,88.45,18,0.114,1215,2352,2,4,5,0,1,0.1,0
TXN-003788,49.05,2,0.293,819,2751,0,2,4,0,0,0.057,0
TXN-003789,36.63,7,0.504,120,2649,0,1,7,0,0,0.713,0
TXN-003790,48.61,8,0.491,1020,1529,2,4,10,0,0,0.376,0
TXN-003791,239.16,2,0.512,1487,3749,1,2,9,0,0,0.421,0
TXN-003792,51.77,20,0.2,922,3538,1,1,7,0,0,0.21,0
TXN-003793,14.25,13,0.073,183,2050,2,1,6,1,1,0.136,0
TXN-003794,17.05,0,0.613,100,1101,0,1,9,0,0,0.422,0
TXN-003795,154.65,19,0.648,1282,2336,2,2,7,0,0,0.383,0
TXN-003796,39.47,11,0.55,1324,2822,0,1,6,0,0,0.193,0
TXN-003797,93.45,11,0.437,94,2741,1,4,6,1,0,0.054,0
TXN-003798,16.07,23,0.237,703,1931,2,2,10,0,0,0.103,0
TXN-003799,27.51,3,0.272,481,2369,0,2,6,0,0,0.207,0
TXN-003800,8.22,18,0.23,454,219,3,0,12,0,0,0.339,0
TXN-003801,165.28,19,0.113,1428,2204,2,3,15,0,0,0.066,0
TXN-003802,10.53,11,0.17,529,399,1,2,13,0,0,0.584,0
TXN-003803,76.32,2,0.358,1484,3351,2,6,8,0,1,0.441,1
TXN-003804,18.33,7,0.269,354,692,0,3,9,0,0,0.296,0
TXN-003805,46.75,20,0.201,861,1809,0,3,7,0,0,0.261,0
TXN-003806,49.96,22,0.164,114,2808,1,1,7,0,0,0.41,0
TXN-003807,26.01,8,0.079,520,620,0,1,7,0,0,0.341,0
TXN-003808,26.42,20,0.114,1335,1050,1,3,5,0,1,0.215,1
TXN-003809,25.44,20,0.424,1163,327,1,0,13,1,0,0.708,0
TXN-003810,100.23,5,0.274,448,3649,0,1,12,0,0,0.248,0
TXN-003811,177.97,2,0.255,276,659,0,1,5,0,0,0.542,0
TXN-003812,4.88,20,0.427,1224,2360,1,2,4,1,0,0.682,0
TXN-003813,35.73,1,0.407,821,318,1,1,7,0,0,0.465,0
TXN-003814,21.6,14,0.069,1405,3205,3,0,3,0,0,0.397,0
TXN-003815,65.76,21,0.115,1060,740,0,1,10,0,0,0.435,0
TXN-003816,67.19,8,0.58,1350,634,2,2,6,0,0,0.221,0
TXN-003817,53.64,7,0.466,854,3096,2,2,11,0,1,0.46,1
TXN-003818,146.53,0,0.598,870,1874,3,2,13,1,0,0.506,0
TXN-003819,20.47,13,0.327,1248,1626,1,2,7,1,0,0.166,0
TXN-003820,32.69,10,0.104,27,268,2,2,8,1,0,0.74,0
TXN-003821,327.0,10,0.525,1163,3232,0,2,10,0,1,0.333,1
TXN-003822,15.31,22,0.439,735,2805,0,2,8,0,0,0.237,0
TXN-003823,244.15,13,0.211,1253,815,1,2,9,0,1,0.258,0
TXN-003824,115.49,16,0.202,265,1212,0,0,3,0,0,0.504,0
TXN-003825,16.11,13,0.26,74,183,0,7,4,0,0,0.712,0
TXN-003826,32.12,21,0.065,508,323,1,2,10,0,0,0.325,0
TXN-003827,54.39,5,0.088,364,2365,2,1,6,0,0,0.253,0
TXN-003828,42.76,13,0.245,1483,3329,0,2,4,0,0,0.242,0
TXN-003829,134.08,16,0.242,656,314,0,2,7,0,0,0.278,0
TXN-003830,38.44,0,0.483,440,534,2,1,8,0,0,0.383,0
TXN-003831,15.83,14,0.461,1101,955,0,2,10,1,0,0.064,0
TXN-003832,74.29,9,0.502,18,3609,1,6,5,0,0,0.252,0
TXN-003833,8.7,0,0.794,838,3240,0,0,8,0,1,0.1,1
TXN-003834,2.86,3,0.342,1124,3793,1,1,10,1,0,0.642,0
TXN-003835,42.84,3,0.231,901,3846,1,3,8,0,0,0.59,0
TXN-003836,18.92,13,0.262,1426,1261,1,3,8,0,0,0.217,0
TXN-003837,74.8,7,0.263,1129,3457,1,2,10,0,0,0.237,0
TXN-003838,23.65,14,0.188,640,2744,1,1,10,0,1,0.166,0
TXN-003839,17.52,11,0.068,404,2733,1,1,6,0,1,0.187,0
TXN-003840,11.8,6,0.273,1362,3231,2,0,12,1,1,0.264,1
TXN-003841,51.09,2,0.252,37,2839,2,1,7,0,0,0.683,0
TXN-003842,67.73,9,0.206,1084,1182,3,5,4,0,1,0.716,0
TXN-003843,16.55,10,0.326,699,898,3,1,7,0,1,0.655,0
TXN-003844,15.44,19,0.351,862,391,1,1,6,0,0,0.57,1
TXN-003845,65.93,3,0.328,104,1355,1,1,10,1,0,0.199,0
TXN-003846,74.31,23,0.412,1454,2996,0,3,10,1,0,0.229,0
TXN-003847,13.05,2,0.039,986,2439,0,3,5,0,1,0.204,0
TXN-003848,139.65,2,0.691,833,2442,0,3,7,0,0,0.048,1
TXN-003849,52.07,1,0.497,917,1806,0,2,8,0,0,0.455,0
TXN-003850,33.79,18,0.241,880,573,2,4,7,0,0,0.172,0
TXN-003851,64.42,20,0.548,671,967,0,2,10,0,0,0.657,0
TXN-003852,15.19,11,0.205,607,3058,1,1,9,0,0,0.42,0
TXN-003853,98.58,7,0.391,1153,624,0,5,5,1,0,0.482,0
TXN-003854,217.86,8,0.191,924,1314,0,3,7,0,1,0.251,0
TXN-003855,10.63,10,0.091,13,2258,1,3,12,0,0,0.429,0
TXN-003856,14.19,16,0.306,543,1415,2,0,5,0,0,0.145,0
TXN-003857,43.81,6,0.318,757,877,0,1,5,0,0,0.598,0
TXN-003858,6.32,5,0.177,1057,1017,0,2,6,0,0,0.21,0
TXN-003859,30.14,8,0.174,465,2904,0,1,17,0,1,0.472,0
TXN-003860,21.4,12,0.067,513,377,2,3,9,0,0,0.454,0
TXN-003861,86.63,8,0.519,148,596,1,2,7,1,0,0.269,1
TXN-003862,347.63,15,0.37,1394,1956,0,1,8,0,1,0.324,0
TXN-003863,223.39,13,0.235,1073,1867,0,1,5,0,0,0.356,0
TXN-003864,21.95,20,0.084,786,1162,1,0,11,0,0,0.762,0
TXN-003865,9.76,4,0.481,126,1444,0,2,12,0,0,0.211,0
TXN-003866,172.75,18,0.315,1182,2093,2,1,4,0,0,0.027,0
TXN-003867,33.9,20,0.416,899,1481,0,2,10,0,0,0.171,0
TXN-003868,20.53,3,0.185,1362,1723,0,1,5,0,0,0.366,0
TXN-003869,11.68,14,0.342,688,36,2,1,8,0,0,0.735,0
TXN-003870,16.49,11,0.101,228,2297,2,4,9,1,0,0.221,0
TXN-003871,45.84,17,0.398,273,3597,2,4,7,0,0,0.474,0
TXN-003872,55.72,1,0.427,464,1625,0,1,8,0,0,0.52,0
TXN-003873,76.12,0,0.217,390,2306,0,1,6,0,0,0.374,0
TXN-003874,68.52,5,0.599,253,3433,0,1,5,1,1,0.269,0
TXN-003875,135.58,17,0.459,1099,1543,1,3,14,0,0,0.544,1
TXN-003876,73.33,21,0.471,1342,559,0,0,10,0,0,0.19,0
TXN-003877,23.54,18,0.347,1252,3610,1,1,6,0,1,0.341,0
TXN-003878,72.21,13,0.433,1095,127,1,3,2,1,0,0.344,0
TXN-003879,100.55,12,0.092,814,1123,3,3,3,0,0,0.321,0
TXN-003880,8.47,6,0.248,560,1274,2,4,18,1,0,0.676,0
TXN-003881,89.85,22,0.316,653,3839,0,2,11,0,1,0.365,0
TXN-003882,54.35,14,0.238,1452,399,3,3,11,1,0,0.065,0
TXN-003883,24.81,12,0.323,1266,3034,0,2,6,0,0,0.529,0
TXN-003884,29.64,7,0.296,1264,2770,0,0,10,0,1,0.801,0
TXN-003885,41.04,5,0.044,247,1723,1,5,10,0,0,0.408,0
TXN-003886,59.33,14,0.576,404,3230,1,1,8,0,0,0.184,1
TXN-003887,82.11,20,0.24,1210,2270,0,2,7,0,1,0.224,0
TXN-003888,21.67,21,0.131,580,2028,0,7,6,0,0,0.09,0
TXN-003889,133.56,6,0.375,1286,503,0,3,8,0,1,0.258,0
TXN-003890,76.96,9,0.099,1115,565,0,3,10,1,0,0.421,0
TXN-003891,41.84,7,0.315,377,2452,3,3,7,0,0,0.034,0
TXN-003892,52.46,2,0.189,853,892,1,3,8,0,1,0.316,0
TXN-003893,14.09,0,0.147,502,1197,2,0,18,0,0,0.61,0
TXN-003894,113.14,5,0.486,259,1701,1,2,3,0,0,0.282,0
TXN-003895,140.96,4,0.048,909,2283,0,3,6,0,1,0.618,0
TXN-003896,14.52,8,0.44,649,900,1,4,5,0,1,0.676,1
TXN-003897,80.2,19,0.84,443,3265,1,3,9,0,0,0.165,0
TXN-003898,152.62,4,0.096,247,2048,0,1,6,0,0,0.37,1
TXN-003899,14.05,20,0.352,1071,3039,2,1,8,1,0,0.867,0
TXN-003900,25.17,10,0.168,329,125,0,3,7,0,0,0.348,0
TXN-003901,66.74,5,0.209,1104,1201,0,1,13,1,0,0.19,0
TXN-003902,113.86,3,0.077,1225,1016,0,2,6,0,0,0.203,0
TXN-003903,4.37,12,0.262,874,1758,1,3,8,0,0,0.079,0
TXN-003904,34.09,20,0.5,1095,2583,0,2,7,0,0,0.234,0
TXN-003905,26.72,13,0.13,1233,3512,1,4,13,1,0,0.364,0
TXN-003906,12.53,19,0.308,395,3372,3,3,5,0,0,0.51,1
TXN-003907,78.37,1,0.317,459,2866,1,2,9,1,1,0.5,1
TXN-003908,30.51,16,0.344,360,452,2,4,6,0,0,0.305,0
TXN-003909,2.44,21,0.125,379,1564,1,2,7,0,0,0.265,0
TXN-003910,52.16,2,0.199,823,2219,0,2,6,0,0,0.545,0
TXN-003911,93.22,22,0.063,282,3297,1,0,8,0,0,0.464,0
TXN-003912,27.29,10,0.042,1417,343,1,5,10,1,0,0.048,0
TXN-003913,22.25,21,0.138,473,3230,3,1,9,0,0,0.383,0
TXN-003914,18.91,9,0.058,1032,656,2,0,14,0,0,0.43,0
TXN-003915,44.47,13,0.24,85,1144,0,2,12,0,0,0.528,0
TXN-003916,14.36,10,0.345,6,3051,1,0,11,0,0,0.344,0
TXN-003917,88.44,11,0.215,164,3488,3,1,6,1,0,0.244,0
TXN-003918,39.11,23,0.126,1008,1794,1,4,7,0,0,0.358,0
TXN-003919,29.57,7,0.441,123,2178,1,2,2,0,0,0.193,0
TXN-003920,13.71,5,0.122,946,793,1,4,8,0,0,0.245,0
TXN-003921,23.07,11,0.165,649,206,2,2,8,0,0,0.223,0
TXN-003922,2.46,9,0.017,1460,2800,1,3,7,1,0,0.507,0
TXN-003923,58.47,15,0.077,691,613,2,1,9,1,0,0.121,0
TXN-003924,80.01,3,0.124,1240,451,2,3,13,0,1,0.296,0
TXN-003925,22.11,8,0.515,1134,3073,1,2,12,0,0,0.255,0
TXN-003926,262.71,18,0.39,1281,1482,0,1,8,0,0,0.597,0
TXN-003927,44.42,17,0.284,65,2931,0,1,13,0,0,0.14,0
TXN-003928,59.99,21,0.55,98,2296,0,7,3,1,0,0.03,0
TXN-003929,14.6,23,0.359,469,617,1,0,13,0,0,0.478,1
TXN-003930,19.02,18,0.286,1422,2655,0,1,10,0,0,0.42,0
TXN-003931,32.79,19,0.101,933,1888,0,4,11,0,0,0.192,0
TXN-003932,221.6,18,0.109,626,1452,1,1,7,1,0,0.065,0
TXN-003933,29.18,2,0.398,467,1396,0,0,6,0,0,0.023,0
TXN-003934,26.09,19,0.369,539,3375,0,2,10,0,0,0.379,0
TXN-003935,50.35,0,0.195,610,485,3,8,11,0,0,0.765,1
TXN-003936,104.83,12,0.216,873,1657,0,0,4,1,0,0.233,0
TXN-003937,39.81,20,0.098,778,3418,1,2,7,0,0,0.284,0
TXN-003938,18.61,9,0.282,381,3417,0,3,6,0,1,0.284,0
TXN-003939,41.53,22,0.424,93,123,1,2,7,0,0,0.204,0
TXN-003940,24.66,6,0.394,1448,3936,1,1,8,0,0,0.235,0
TXN-003941,38.6,12,0.025,412,939,0,1,2,0,0,0.085,0
TXN-003942,72.19,17,0.055,1215,2846,0,0,5,0,0,0.631,0
TXN-003943,42.92,12,0.241,1356,3164,4,4,4,0,0,0.549,0
TXN-003944,88.21,12,0.17,849,3081,2,2,9,0,1,0.023,0
TXN-003945,66.39,20,0.5,1019,156,0,2,12,0,1,0.1,0
TXN-003946,31.48,20,0.111,1419,164,0,3,9,1,0,0.416,1
TXN-003947,25.48,1,0.367,24,535,2,4,9,0,0,0.123,0
TXN-003948,122.25,23,0.114,247,2346,2,0,4,0,0,0.449,0
TXN-003949,197.95,17,0.55,312,2198,1,1,5,0,0,0.127,0
TXN-003950,16.47,23,0.491,180,388,1,1,5,0,0,0.477,0
TXN-003951,37.84,22,0.219,173,261,1,4,5,1,1,0.236,0
TXN-003952,43.85,10,0.285,180,2533,0,2,9,0,0,0.712,0
TXN-003953,6.45,7,0.116,320,526,0,1,6,1,1,0.229,1
TXN-003954,39.99,3,0.11,1103,114,0,3,11,0,0,0.522,0
TXN-003955,39.96,17,0.344,208,3527,0,2,5,1,0,0.347,0
TXN-003956,120.19,4,0.162,307,1917,2,1,10,0,0,0.461,1
TXN-003957,87.1,21,0.337,773,2267,1,3,7,0,0,0.575,0
TXN-003958,147.06,12,0.188,344,1516,0,5,7,0,0,0.166,0
TXN-003959,52.8,21,0.163,1166,1454,0,0,16,1,0,0.319,0
TXN-003960,143.37,12,0.251,576,1979,0,4,8,0,0,0.399,0
TXN-003961,10.19,3,0.288,146,3337,1,4,9,0,0,0.472,0
TXN-003962,54.9,6,0.614,1312,2954,0,3,7,0,0,0.549,0
TXN-003963,26.66,7,0.16,1394,1827,0,0,14,0,0,0.096,0
TXN-003964,9.48,3,0.485,66,279,0,5,7,0,0,0.376,0
TXN-003965,67.27,21,0.194,892,3193,2,1,5,0,0,0.281,0
TXN-003966,27.29,16,0.198,1149,3513,2,3,8,0,0,0.247,0
TXN-003967,36.77,0,0.246,336,3166,1,5,8,0,1,0.242,0
TXN-003968,13.52,5,0.281,608,2170,1,2,8,0,0,0.181,0
TXN-003969,10.93,21,0.194,1109,28,0,0,9,1,0,0.195,0
TXN-003970,366.98,8,0.249,416,2602,1,1,8,0,0,0.263,1
TXN-003971,48.42,15,0.648,99,2404,0,2,13,0,0,0.405,0
TXN-003972,18.68,1,0.126,370,3806,1,2,9,0,0,0.196,0
TXN-003973,7.63,6,0.557,1337,3305,0,2,8,0,1,0.464,0
TXN-003974,24.56,7,0.354,28,3108,0,2,3,1,0,0.126,0
TXN-003975,28.5,4,0.62,441,3838,0,3,11,0,0,0.315,0
TXN-003976,10.51,1,0.181,12,2870,1,3,10,0,0,0.184,0
TXN-003977,41.63,2,0.174,377,1795,2,8,6,0,0,0.464,0
TXN-003978,23.94,8,0.078,295,1110,0,3,11,0,0,0.428,0
TXN-003979,75.76,6,0.31,524,2586,0,2,10,0,0,0.261,0
TXN-003980,32.96,20,0.135,423,3522,2,1,2,0,0,0.367,0
TXN-003981,54.9,16,0.327,580,915,0,0,6,0,0,0.44,0
TXN-003982,63.08,19,0.426,158,3323,0,2,6,1,0,0.427,0
TXN-003983,40.62,0,0.298,1354,396,0,1,6,0,1,0.374,0
TXN-003984,40.7,11,0.514,857,2889,1,2,8,0,1,0.621,1
TXN-003985,235.0,14,0.593,1212,3604,1,3,7,1,0,0.378,0
TXN-003986,85.31,21,0.174,1377,1022,1,2,11,0,0,0.304,0
TXN-003987,227.02,18,0.389,1269,1517,1,4,6,0,0,0.193,1
TXN-003988,15.84,16,0.281,1213,539,2,3,7,0,0,0.23,0
TXN-003989,12.08,7,0.405,1024,3794,0,2,10,1,1,0.778,0
TXN-003990,58.39,17,0.197,194,3401,1,2,8,1,0,0.274,0
TXN-003991,40.73,4,0.144,1046,1823,1,3,7,0,0,0.424,0
TXN-003992,16.42,0,0.101,170,2545,0,4,7,0,0,0.315,0
TXN-003993,13.68,21,0.096,506,987,1,1,8,0,0,0.062,0
TXN-003994,80.73,3,0.271,718,1227,2,2,6,0,0,0.373,1
TXN-003995,63.24,8,0.191,40,3716,4,6,5,0,0,0.522,0
TXN-003996,9.19,6,0.144,1371,2454,0,1,5,0,1,0.504,0
TXN-003997,186.9,3,0.116,293,3233,0,2,8,0,0,0.019,0
TXN-003998,131.83,9,0.06,1448,3973,1,0,11,0,0,0.353,0
TXN-003999,66.68,11,0.243,1335,606,6,1,7,0,0,0.426,1
TXN-004000,19.27,14,0.204,356,3091,3,1,9,0,1,0.273,0
TXN-004001,5.19,12,0.227,582,1132,0,0,13,1,0,0.714,0
TXN-004002,172.53,10,0.037,841,3323,0,1,6,1,0,0.151,0
TXN-004003,221.75,4,0.222,280,3476,0,5,12,0,0,0.166,0
TXN-004004,22.59,1,0.021,1134,2799,0,3,7,0,0,0.559,0
TXN-004005,103.95,19,0.072,1315,1106,1,1,10,1,1,0.3,0
TXN-004006,69.15,14,0.373,1209,1963,0,1,9,0,0,0.589,0
TXN-004007,106.87,3,0.385,1096,3924,2,5,12,0,0,0.585,1
TXN-004008,58.8,19,0.469,287,843,1,1,5,0,0,0.237,0
TXN-004009,53.28,6,0.397,840,3056,2,3,6,0,1,0.181,0
TXN-004010,34.25,22,0.181,1448,2869,0,1,7,1,0,0.252,0
TXN-004011,26.35,20,0.571,334,1711,1,2,5,0,0,0.204,0
TXN-004012,9.67,8,0.115,945,3610,0,3,10,0,0,0.259,0
TXN-004013,4.49,3,0.262,1369,2348,1,4,11,0,0,0.262,0
TXN-004014,159.85,18,0.236,67,1783,0,0,10,0,1,0.284,1
TXN-004015,116.04,3,0.452,606,3897,1,1,8,0,0,0.156,0
TXN-004016,142.23,4,0.359,1059,3502,1,5,4,0,0,0.343,0
TXN-004017,17.86,5,0.316,957,52,1,1,12,0,0,0.414,1
TXN-004018,12.3,0,0.372,1442,3012,1,3,10,0,0,0.067,0
TXN-004019,41.57,13,0.077,1388,1601,2,0,9,0,0,0.3,0
TXN-004020,71.81,2,0.571,163,270,2,3,6,0,0,0.591,0
TXN-004021,7.24,2,0.257,1245,2033,1,2,7,0,1,0.606,1
TXN-004022,5.29,14,0.048,1348,1888,0,1,10,0,0,0.213,0
TXN-004023,37.39,14,0.362,1484,2262,1,1,10,0,0,0.139,0
TXN-004024,23.0,20,0.179,172,920,1,4,5,0,0,0.504,0
TXN-004025,111.15,22,0.644,705,789,1,3,7,0,1,0.371,0
TXN-004026,12.57,8,0.239,1204,252,0,1,3,0,0,0.609,0
TXN-004027,284.37,11,0.042,781,3437,1,2,10,0,0,0.178,0
TXN-004028,148.95,13,0.351,556,412,1,2,7,1,0,0.465,0
TXN-004029,69.07,2,0.343,1082,2876,2,1,11,0,0,0.133,0
TXN-004030,41.74,8,0.322,1377,3812,2,4,14,0,0,0.363,0
TXN-004031,46.5,3,0.325,911,2706,0,3,11,0,0,0.419,0
TXN-004032,33.92,18,0.507,876,1956,0,4,5,0,0,0.092,0
TXN-004033,46.99,19,0.19,1194,3717,1,1,13,0,1,0.566,0
TXN-004034,34.84,10,0.383,1454,1429,1,3,7,0,1,0.56,0
TXN-004035,35.55,8,0.106,159,2328,2,2,9,0,0,0.389,0
TXN-004036,28.99,16,0.199,1269,3349,3,2,10,0,0,0.141,0
TXN-004037,18.79,12,0.238,25,244,0,1,6,0,0,0.241,0
TXN-004038,78.95,5,0.079,705,1846,0,3,12,0,0,0.432,0
TXN-004039,35.54,15,0.129,288,2040,2,7,7,0,0,0.259,0
TXN-004040,33.73,5,0.155,182,1578,1,3,6,1,0,0.427,0
TXN-004041,6.52,18,0.34,662,754,0,3,9,0,0,0.527,0
TXN-004042,16.2,9,0.392,448,735,0,1,7,0,0,0.484,0
TXN-004043,292.57,7,0.174,1426,1986,1,0,10,0,0,0.274,0
TXN-004044,37.33,4,0.336,252,1170,0,4,7,0,0,0.226,0
TXN-004045,15.65,2,0.34,1197,621,0,0,10,0,0,0.448,0
TXN-004046,79.65,2,0.535,1291,929,1,9,7,0,1,0.261,1
TXN-004047,3.49,13,0.216,367,1064,2,1,10,0,0,0.553,0
TXN-004048,13.28,4,0.286,240,1607,0,1,8,1,0,0.116,0
TXN-004049,68.54,5,0.321,1048,3592,0,1,9,0,0,0.125,0
TXN-004050,116.75,11,0.351,1240,79,1,4,9,0,0,0.355,0
TXN-004051,27.05,4,0.189,408,3396,0,1,11,0,0,0.292,0
TXN-004052,72.59,11,0.254,1080,2202,1,5,11,0,0,0.296,0
TXN-004053,7.05,22,0.077,1431,2546,1,3,5,0,0,0.596,0
TXN-004054,9.57,19,0.195,445,3314,1,1,13,0,1,0.288,1
TXN-004055,295.7,19,0.123,255,3777,0,3,7,0,0,0.259,0
TXN-004056,6.82,7,0.349,1041,2415,0,2,12,0,0,0.144,0
TXN-004057,229.35,23,0.127,487,1615,0,1,9,1,0,0.273,0
TXN-004058,40.56,22,0.339,553,3387,0,0,12,0,1,0.432,0
TXN-004059,58.35,10,0.332,1242,2391,1,2,9,0,0,0.708,0
TXN-004060,11.9,4,0.428,800,3645,0,1,8,1,0,0.565,0
TXN-004061,12.2,1,0.164,696,3820,0,2,8,0,0,0.416,0
TXN-004062,11.32,7,0.12,187,2137,0,3,14,0,0,0.169,0
TXN-004063,55.63,9,0.41,570,970,1,5,4,0,0,0.452,0
TXN-004064,24.17,9,0.5,798,104,1,1,7,0,0,0.416,0
TXN-004065,9.07,22,0.364,1374,1415,1,2,11,0,0,0.475,0
TXN-004066,29.79,13,0.35,957,1018,0,0,6,0,1,0.448,0
TXN-004067,57.73,12,0.219,855,1940,0,4,6,0,0,0.522,0
TXN-004068,12.95,17,0.418,1069,1210,0,2,5,0,1,0.496,0
TXN-004069,38.6,2,0.09,817,1756,2,1,10,1,0,0.174,0
TXN-004070,75.61,3,0.51,157,1148,0,0,8,0,0,0.12,0
TXN-004071,4.31,8,0.348,217,2365,0,2,8,0,0,0.252,0
TXN-004072,40.45,18,0.18,761,1301,2,2,13,0,1,0.512,0
TXN-004073,181.73,0,0.336,1100,3424,0,1,6,0,0,0.24,0
TXN-004074,39.67,8,0.423,994,2525,1,4,11,0,0,0.248,0
TXN-004075,33.16,1,0.437,557,2686,2,5,6,0,0,0.285,0
TXN-004076,31.57,17,0.157,734,2423,0,2,11,0,1,0.282,0
TXN-004077,12.8,18,0.325,34,3877,0,1,11,0,0,0.693,0
TXN-004078,35.37,15,0.166,688,1101,0,1,10,0,0,0.305,0
TXN-004079,190.16,9,0.335,59,1738,2,3,7,0,0,0.187,0
TXN-004080,44.27,13,0.156,862,405,0,3,10,0,0,0.631,0
TXN-004081,72.44,0,0.263,778,2966,1,0,10,0,0,0.229,0
TXN-004082,25.86,1,0.012,59,2738,0,1,10,0,1,0.115,0
TXN-004083,18.4,11,0.288,684,2438,0,1,4,0,1,0.178,0
TXN-004084,63.94,22,0.228,1120,1421,0,4,8,0,0,0.342,0
TXN-004085,15.37,0,0.295,1114,2217,1,3,9,0,0,0.188,1
TXN-004086,11.73,20,0.632,58,3242,1,2,6,1,0,0.218,0
TXN-004087,23.45,9,0.469,471,3336,0,0,6,1,0,0.389,0
TXN-004088,4.65,3,0.305,1377,1609,1,4,5,1,0,0.391,0
TXN-004089,21.02,6,0.132,74,2545,0,0,8,1,0,0.151,0
TXN-004090,26.74,13,0.21,591,3293,1,1,5,1,1,0.682,1
TXN-004091,90.1,15,0.411,426,2867,0,3,2,0,0,0.062,0
TXN-004092,288.55,17,0.39,783,600,1,4,8,0,0,0.313,1
TXN-004093,35.24,0,0.091,793,159,1,4,17,0,0,0.082,0
TXN-004094,13.9,7,0.188,46,3276,1,1,8,0,1,0.63,0
TXN-004095,36.68,6,0.31,446,617,1,3,5,1,1,0.055,0
TXN-004096,48.72,19,0.392,558,892,2,2,9,0,0,0.382,0
TXN-004097,46.73,21,0.024,1069,650,1,3,11,0,0,0.565,0
TXN-004098,206.76,13,0.142,1351,2229,2,2,8,0,0,0.183,0
TXN-004099,97.44,2,0.458,197,3186,0,1,6,1,0,0.613,0
TXN-004100,88.76,18,0.267,570,430,2,1,8,0,0,0.165,0
TXN-004101,43.03,20,0.575,321,3023,2,3,11,0,0,0.208,0
TXN-004102,86.81,5,0.4,1223,2509,1,5,7,1,1,0.528,1
TXN-004103,17.34,23,0.299,1050,2668,0,0,6,0,0,0.726,0
TXN-004104,43.89,19,0.292,1239,587,0,3,8,0,0,0.406,0
TXN-004105,145.04,4,0.123,1441,502,0,0,6,0,0,0.366,0
TXN-004106,260.16,4,0.306,1044,2903,0,2,8,0,0,0.017,0
TXN-004107,36.71,11,0.24,1483,2830,1,3,11,0,0,0.255,0
TXN-004108,90.71,5,0.296,80,3990,1,2,6,0,0,0.486,0
TXN-004109,8.26,16,0.149,221,2763,2,1,8,0,0,0.117,1
TXN-004110,27.15,19,0.509,936,804,1,3,7,0,0,0.507,0
TXN-004111,114.46,13,0.054,23,814,1,0,5,0,1,0.192,0
TXN-004112,813.79,0,0.203,614,775,1,2,8,0,0,0.359,1
TXN-004113,33.34,16,0.363,429,878,0,1,11,0,1,0.233,0
TXN-004114,165.43,21,0.253,612,2823,0,3,10,0,1,0.521,0
TXN-004115,28.8,4,0.202,1313,1574,1,3,9,0,0,0.391,1
TXN-004116,31.49,19,0.449,39,586,1,4,11,0,0,0.218,1
TXN-004117,63.9,20,0.281,729,3088,0,2,9,0,0,0.323,0
TXN-004118,82.32,8,0.138,492,3746,0,2,8,1,0,0.095,0
TXN-004119,21.2,9,0.193,852,961,0,2,5,0,0,0.078,0
TXN-004120,63.35,15,0.171,555,3151,0,3,4,0,0,0.641,0
TXN-004121,83.63,15,0.405,1051,1872,0,0,10,0,0,0.319,0
TXN-004122,40.18,9,0.301,618,1791,2,0,6,0,0,0.233,0
TXN-004123,4.18,3,0.141,265,3965,0,1,5,0,1,0.405,0
TXN-004124,27.98,4,0.16,951,1907,1,2,10,0,0,0.457,0
TXN-004125,60.06,9,0.25,618,1784,1,1,5,0,0,0.43,0
TXN-004126,21.08,22,0.428,1383,532,2,2,10,1,0,0.397,0
TXN-004127,418.96,3,0.344,1009,1877,0,4,9,0,0,0.199,1
TXN-004128,42.04,19,0.146,73,3344,4,1,6,0,1,0.025,0
TXN-004129,72.44,11,0.317,562,262,0,0,7,1,0,0.575,0
TXN-004130,180.08,5,0.272,72,1599,2,3,9,0,1,0.189,1
TXN-004131,5.89,8,0.131,966,2688,0,2,8,0,1,0.325,0
TXN-004132,93.86,0,0.189,99,3627,4,5,8,0,0,0.131,0
TXN-004133,2.85,14,0.191,1102,2995,1,4,9,1,0,0.421,0
TXN-004134,106.79,0,0.305,622,1176,0,2,15,1,0,0.302,0
TXN-004135,48.2,16,0.506,213,1788,1,2,9,0,0,0.226,0
TXN-004136,19.38,5,0.227,854,1146,1,2,6,0,0,0.452,0
TXN-004137,64.01,14,0.276,294,3603,2,2,12,0,0,0.352,0
TXN-004138,305.3,16,0.073,364,1655,1,3,9,0,0,0.147,0
TXN-004139,84.91,16,0.661,235,1907,0,3,5,0,0,0.443,1
TXN-004140,422.62,5,0.18,73,3004,2,0,10,1,0,0.389,0
TXN-004141,108.83,13,0.199,1370,231,0,3,7,1,1,0.497,0
TXN-004142,20.01,0,0.141,1319,520,0,1,7,0,1,0.612,0
TXN-004143,82.55,17,0.228,836,2841,1,1,9,0,0,0.144,0
TXN-004144,235.09,13,0.359,1182,260,0,2,10,0,0,0.255,0
TXN-004145,17.51,15,0.191,1196,2364,2,1,4,0,0,0.276,0
TXN-004146,285.24,5,0.129,341,1175,1,3,9,0,0,0.32,0
TXN-004147,28.86,17,0.17,144,3152,2,2,9,0,0,0.181,0
TXN-004148,98.28,8,0.313,812,1269,2,1,7,0,1,0.172,0
TXN-004149,62.7,20,0.383,917,3785,1,6,9,0,0,0.162,1
TXN-004150,20.64,14,0.176,450,3604,1,1,9,0,1,0.146,0
TXN-004151,10.32,14,0.36,756,1539,2,2,6,0,1,0.327,0
TXN-004152,46.99,12,0.336,216,3014,1,1,6,0,0,0.557,0
TXN-004153,22.89,16,0.803,995,1559,0,2,5,0,0,0.459,0
TXN-004154,19.85,2,0.118,1376,1761,2,2,7,0,0,0.31,0
TXN-004155,61.18,3,0.228,29,1365,0,2,7,0,0,0.198,0
TXN-004156,94.44,8,0.182,1458,3528,2,1,10,0,0,0.112,0
TXN-004157,14.12,4,0.326,143,3101,2,1,7,1,0,0.297,0
TXN-004158,25.48,19,0.226,604,2593,1,0,12,0,1,0.244,0
TXN-004159,53.52,14,0.471,1498,3611,1,2,7,0,0,0.334,0
TXN-004160,177.28,7,0.214,882,3129,1,3,4,0,0,0.489,0
TXN-004161,18.31,15,0.11,1028,2191,3,1,14,0,0,0.199,0
TXN-004162,15.54,13,0.133,397,3777,0,1,8,0,0,0.709,0
TXN-004163,84.68,13,0.466,610,3643,2,1,4,0,0,0.178,0
TXN-004164,54.24,4,0.462,1201,614,1,2,4,1,0,0.187,0
TXN-004165,28.61,18,0.195,554,2912,1,1,10,1,1,0.234,0
TXN-004166,18.95,23,0.106,1497,1646,2,2,8,0,0,0.359,0
TXN-004167,276.22,10,0.349,1189,3598,0,0,13,1,0,0.589,1
TXN-004168,43.63,23,0.72,446,1831,0,4,8,0,0,0.475,0
TXN-004169,236.62,3,0.436,120,1321,0,1,13,0,0,0.331,0
TXN-004170,44.0,3,0.431,1292,2363,1,1,10,0,1,0.844,0
TXN-004171,49.01,17,0.082,703,110,0,2,8,0,0,0.239,0
TXN-004172,498.34,16,0.188,586,2254,2,1,8,0,0,0.267,0
TXN-004173,162.45,21,0.424,304,2258,0,2,3,0,0,0.37,0
TXN-004174,30.84,11,0.194,1483,3070,0,0,9,0,0,0.292,0
TXN-004175,9.51,17,0.254,133,2295,0,1,11,0,0,0.239,0
TXN-004176,50.6,6,0.444,197,2609,0,2,7,0,0,0.173,0
TXN-004177,17.98,2,0.345,1236,3893,0,4,8,1,0,0.186,0
TXN-004178,35.74,11,0.384,815,228,0,0,5,0,0,0.246,0
TXN-004179,18.01,22,0.183,58,1976,0,6,8,0,1,0.273,0
TXN-004180,90.44,16,0.429,357,74,0,2,8,0,1,0.1,0
TXN-004181,122.54,21,0.365,118,1009,0,2,10,0,0,0.298,0
TXN-004182,72.04,20,0.486,153,1944,0,5,12,0,0,0.339,1
TXN-004183,543.63,21,0.234,711,1614,1,1,8,0,1,0.188,0
TXN-004184,82.22,10,0.205,951,3554,0,2,8,0,1,0.327,0
TXN-004185,33.76,12,0.243,1277,2053,2,3,6,0,0,0.19,0
TXN-004186,25.32,20,0.261,812,3587,0,3,10,0,0,0.713,0
TXN-004187,97.32,3,0.251,946,1135,1,3,5,0,1,0.441,1
TXN-004188,36.54,12,0.063,539,607,2,1,13,0,0,0.093,0
TXN-004189,15.53,1,0.165,164,2326,1,4,8,0,1,0.636,0
TXN-004190,20.33,1,0.306,1183,541,2,1,10,0,0,0.374,0
TXN-004191,43.11,21,0.093,855,2218,0,4,10,0,0,0.346,0
TXN-004192,33.78,9,0.466,1142,2062,1,3,8,0,0,0.375,0
TXN-004193,41.91,7,0.471,260,24,0,2,9,0,0,0.451,0
TXN-004194,84.14,21,0.281,1017,437,1,5,11,0,0,0.682,0
TXN-004195,20.12,4,0.569,1062,3056,0,1,9,1,0,0.153,0
TXN-004196,64.95,14,0.35,1469,3008,1,2,4,0,0,0.171,0
TXN-004197,98.24,15,0.299,373,2777,1,3,4,0,0,0.344,0
TXN-004198,131.21,6,0.492,701,342,1,2,3,0,1,0.263,0
TXN-004199,6.11,23,0.158,1465,246,0,4,10,0,0,0.514,0
TXN-004200,13.65,22,0.191,1153,1794,2,2,7,0,0,0.652,0
TXN-004201,59.33,12,0.434,1079,1114,0,1,13,0,0,0.749,0
TXN-004202,258.48,17,0.348,246,3557,0,4,8,0,1,0.647,0
TXN-004203,17.86,6,0.406,782,3094,0,2,6,0,1,0.489,0
TXN-004204,134.0,21,0.128,1347,764,0,2,11,1,0,0.727,0
TXN-004205,24.65,16,0.33,1370,1054,0,1,11,0,0,0.362,0
TXN-004206,4.27,11,0.246,1181,2381,0,1,5,1,0,0.574,0
TXN-004207,38.82,1,0.187,1444,145,0,1,5,0,1,0.208,0
TXN-004208,55.69,16,0.405,310,781,1,3,8,0,0,0.143,0
TXN-004209,62.06,22,0.244,1431,2603,0,1,8,0,0,0.363,0
TXN-004210,45.73,7,0.111,48,3371,1,4,6,0,0,0.129,0
TXN-004211,30.0,19,0.335,835,2118,0,6,12,0,0,0.204,0
TXN-004212,30.23,14,0.288,425,3914,1,1,13,1,0,0.277,0
TXN-004213,123.37,9,0.269,319,2662,1,4,5,0,0,0.196,0
TXN-004214,11.27,9,0.091,901,834,2,0,9,0,0,0.404,0
TXN-004215,3.82,2,0.22,1490,3690,0,2,6,0,1,0.172,0
TXN-004216,27.28,14,0.298,891,3350,0,4,7,0,1,0.544,0
TXN-004217,32.19,17,0.314,1019,3022,1,1,11,0,1,0.152,0
TXN-004218,57.92,23,0.175,1498,3982,1,1,9,0,0,0.647,0
TXN-004219,23.37,18,0.303,576,1252,2,1,11,0,0,0.329,0
TXN-004220,88.23,11,0.349,1215,2285,2,4,9,0,0,0.24,0
TXN-004221,9.46,9,0.263,332,1128,1,1,11,1,0,0.394,0
TXN-004222,76.4,4,0.259,525,1865,0,4,9,0,1,0.546,0
TXN-004223,25.24,0,0.134,1377,372,1,4,8,1,1,0.061,0
TXN-004224,105.06,20,0.211,1088,3199,0,1,6,0,0,0.077,0
TXN-004225,21.54,18,0.29,68,2654,1,4,8,0,1,0.482,0
TXN-004226,16.47,10,0.229,924,1100,0,2,4,0,1,0.184,0
TXN-004227,45.32,4,0.532,1138,1943,1,4,8,0,0,0.46,0
TXN-004228,18.59,14,0.431,409,1475,1,2,8,1,0,0.502,0
TXN-004229,81.34,2,0.301,168,530,0,2,9,0,0,0.296,0
TXN-004230,116.12,16,0.342,1320,845,0,1,3,0,1,0.381,0
TXN-004231,24.88,10,0.2,878,2524,1,4,7,0,0,0.602,0
TXN-004232,232.03,2,0.39,1313,3372,2,4,9,0,0,0.12,0
TXN-004233,7.51,15,0.214,835,1726,1,7,10,0,0,0.291,0
TXN-004234,16.85,5,0.144,636,790,1,3,5,0,0,0.291,0
TXN-004235,56.97,16,0.213,1087,3955,1,2,8,0,0,0.293,0
TXN-004236,3.1,0,0.505,697,2429,0,3,10,0,0,0.416,0
TXN-004237,10.92,22,0.392,952,3204,0,4,11,0,0,0.338,0
TXN-004238,25.66,10,0.315,1251,77,0,3,10,0,1,0.611,0
TXN-004239,56.14,3,0.327,761,1308,1,3,9,0,0,0.243,0
TXN-004240,108.45,14,0.171,1115,1408,1,3,5,0,0,0.24,0
TXN-004241,29.02,21,0.357,841,93,1,1,7,1,1,0.353,0
TXN-004242,29.98,16,0.459,1056,94,1,2,9,0,0,0.345,0
TXN-004243,72.59,3,0.466,920,1782,0,1,3,1,0,0.117,0
TXN-004244,10.43,2,0.631,1375,2679,1,3,7,0,0,0.069,0
TXN-004245,25.09,23,0.135,1057,1012,0,2,8,0,0,0.182,0
TXN-004246,74.26,7,0.342,815,484,1,3,7,0,0,0.443,0
TXN-004247,37.59,22,0.552,1438,3210,0,0,8,0,0,0.279,0
TXN-004248,408.52,13,0.055,852,3269,0,1,7,0,0,0.081,0
TXN-004249,14.96,14,0.127,471,1483,0,2,8,0,0,0.688,1
TXN-004250,9.96,2,0.088,1159,2036,3,2,5,0,0,0.105,0
TXN-004251,60.16,7,0.062,1228,1753,2,2,12,1,1,0.718,0
TXN-004252,10.65,16,0.617,360,437,0,4,4,0,0,0.103,0
TXN-004253,55.14,6,0.47,1034,3956,0,3,13,0,1,0.266,0
TXN-004254,13.35,18,0.226,1149,2458,2,1,5,0,1,0.128,0
TXN-004255,45.29,6,0.379,419,2635,0,3,6,0,1,0.729,0
TXN-004256,79.33,2,0.435,693,288,1,3,3,0,0,0.249,0
TXN-004257,35.0,12,0.238,956,1369,1,2,14,0,0,0.473,0
TXN-004258,55.87,11,0.298,1499,3145,0,2,10,0,0,0.065,0
TXN-004259,9.77,0,0.289,659,3421,1,1,7,0,0,0.044,0
TXN-004260,119.12,13,0.355,183,1820,1,3,9,0,1,0.435,1
TXN-004261,372.2,7,0.216,79,817,2,2,7,0,1,0.198,0
TXN-004262,101.64,0,0.07,385,1007,0,3,9,0,1,0.278,0
TXN-004263,257.87,14,0.231,1007,1980,1,1,9,1,0,0.381,0
TXN-004264,37.6,22,0.434,1380,3330,0,3,7,1,0,0.489,0
TXN-004265,65.23,22,0.333,907,2477,0,4,7,0,0,0.167,0
TXN-004266,150.45,3,0.254,1252,2218,0,1,9,0,0,0.33,0
TXN-004267,13.94,12,0.281,1001,2714,0,0,5,0,1,0.186,0
TXN-004268,28.2,22,0.187,1213,3272,1,3,8,0,0,0.108,0
TXN-004269,23.05,22,0.159,478,1007,2,1,11,0,0,0.13,0
TXN-004270,69.05,1,0.281,372,3391,2,2,8,0,0,0.552,0
TXN-004271,50.64,17,0.257,665,3434,1,6,6,0,0,0.681,0
TXN-004272,15.69,4,0.458,1115,2379,1,3,10,1,0,0.571,0
TXN-004273,29.98,23,0.129,1399,563,2,4,8,1,0,0.134,0
TXN-004274,29.48,7,0.116,540,3523,3,6,11,0,0,0.152,0
TXN-004275,84.92,10,0.452,297,3596,0,4,12,0,0,0.329,0
TXN-004276,89.69,6,0.207,849,3754,1,1,9,0,0,0.614,0
TXN-004277,11.72,21,0.195,79,2147,3,9,5,0,0,0.407,0
TXN-004278,24.26,11,0.194,800,830,0,1,3,0,0,0.151,0
TXN-004279,13.19,0,0.093,160,1260,1,5,8,0,1,0.434,0
TXN-004280,97.01,3,0.407,570,1884,1,1,6,0,0,0.318,0
TXN-004281,309.15,9,0.566,1054,442,0,0,7,1,0,0.143,1
TXN-004282,15.42,9,0.617,929,552,1,0,8,0,0,0.2,0
TXN-004283,30.07,18,0.443,705,2689,1,3,11,0,1,0.27,0
TXN-004284,43.3,9,0.206,1497,2789,1,0,12,0,0,0.508,0
TXN-004285,10.8,2,0.115,46,1096,0,4,11,0,0,0.352,0
TXN-004286,167.92,11,0.322,1379,2937,0,2,12,1,0,0.878,1
TXN-004287,23.23,11,0.299,253,2398,0,2,12,0,0,0.452,0
TXN-004288,89.63,1,0.141,1078,2371,0,4,5,0,0,0.03,0
TXN-004289,84.73,20,0.196,861,1562,0,1,9,0,0,0.205,0
TXN-004290,18.81,20,0.369,1031,2051,0,5,1,1,0,0.205,0
TXN-004291,213.1,20,0.123,1359,401,0,2,9,0,0,0.183,0
TXN-004292,72.0,21,0.203,1347,1980,1,2,12,0,0,0.191,0
TXN-004293,111.11,12,0.156,1187,25,0,1,10,1,0,0.423,1
TXN-004294,10.19,6,0.129,756,3866,1,5,8,0,0,0.422,0
TXN-004295,44.22,22,0.051,996,818,2,3,9,0,0,0.36,0
TXN-004296,11.43,2,0.266,195,3534,1,2,9,1,0,0.192,0
TXN-004297,522.37,8,0.449,631,2496,1,3,9,1,0,0.345,0
TXN-004298,46.66,11,0.315,977,2130,1,1,12,0,0,0.281,0
TXN-004299,20.04,13,0.294,908,3390,0,2,6,0,0,0.285,0
TXN-004300,6.96,16,0.14,1285,2818,2,4,7,0,0,0.278,0
TXN-004301,327.01,11,0.311,1107,3569,1,3,5,0,0,0.237,0
TXN-004302,141.03,12,0.621,775,3726,0,4,10,1,0,0.175,0
TXN-004303,11.15,15,0.103,831,2796,0,2,6,0,1,0.142,0
TXN-004304,49.02,15,0.594,23,2850,1,6,8,0,1,0.346,0
TXN-004305,22.1,16,0.738,1254,40,1,3,7,0,1,0.311,0
TXN-004306,146.82,0,0.249,1212,3214,1,0,4,0,0,0.099,1
TXN-004307,50.7,19,0.722,1326,492,0,6,7,1,1,0.184,0
TXN-004308,6.41,18,0.114,1422,2006,1,3,7,0,1,0.369,0
TXN-004309,73.03,20,0.453,1480,2202,0,3,10,0,0,0.153,0
TXN-004310,145.31,5,0.145,1122,2562,1,2,6,0,0,0.573,0
TXN-004311,56.37,15,0.205,799,510,0,1,4,0,0,0.616,0
TXN-004312,152.55,7,0.073,356,2181,0,2,11,0,1,0.343,0
TXN-004313,7.44,17,0.123,1487,3748,3,2,7,0,0,0.582,0
TXN-004314,106.38,23,0.15,621,1276,0,5,5,0,0,0.039,0
TXN-004315,6.67,4,0.257,246,2760,2,2,9,0,0,0.237,0
TXN-004316,86.22,8,0.061,633,1994,1,0,10,0,0,0.184,0
TXN-004317,13.98,16,0.237,1253,3582,1,1,13,0,1,0.146,0
TXN-004318,21.35,21,0.178,1315,1943,2,4,10,0,1,0.186,0
TXN-004319,33.96,16,0.025,977,455,0,0,8,0,1,0.215,0
TXN-004320,323.96,23,0.32,985,1212,1,2,7,0,0,0.309,0
TXN-004321,85.79,11,0.414,413,516,0,2,7,0,1,0.307,0
TXN-004322,146.7,4,0.131,1074,1053,0,3,10,0,0,0.074,0
TXN-004323,34.49,19,0.156,480,1818,1,1,9,0,0,0.377,0
TXN-004324,10.97,19,0.11,1369,593,2,1,10,0,0,0.279,0
TXN-004325,13.71,18,0.294,289,3015,0,0,12,0,0,0.55,0
TXN-004326,6.84,9,0.48,1437,361,2,3,7,0,0,0.225,0
TXN-004327,170.13,3,0.251,251,912,1,2,10,1,0,0.329,0
TXN-004328,28.17,0,0.745,152,2979,1,1,8,1,0,0.288,0
TXN-004329,130.92,15,0.213,174,687,2,0,4,1,0,0.296,0
TXN-004330,12.29,17,0.273,233,2714,1,3,10,0,0,0.03,0
TXN-004331,51.52,8,0.447,398,2973,2,3,7,0,1,0.346,1
TXN-004332,10.32,17,0.278,1205,891,2,3,6,0,0,0.335,0
TXN-004333,56.63,14,0.486,530,2249,1,5,9,0,0,0.236,0
TXN-004334,51.78,4,0.143,1103,860,1,3,7,0,0,0.597,0
TXN-004335,17.25,21,0.417,1208,1173,2,2,9,0,1,0.32,1
TXN-004336,314.86,17,0.52,1160,3120,1,1,15,0,1,0.452,1
TXN-004337,71.32,6,0.387,773,281,0,3,4,0,0,0.695,0
TXN-004338,80.19,2,0.183,590,3419,0,1,9,0,0,0.225,0
TXN-004339,37.5,10,0.121,1405,1210,2,0,14,0,1,0.396,0
TXN-004340,46.52,11,0.231,81,3291,3,1,7,0,0,0.123,1
TXN-004341,141.14,16,0.059,602,1285,3,1,8,0,0,0.182,1
TXN-004342,117.05,20,0.053,92,2106,1,2,6,0,1,0.45,0
TXN-004343,35.4,12,0.377,543,547,0,2,5,0,0,0.299,0
TXN-004344,67.78,22,0.106,655,1940,2,1,7,0,0,0.238,0
TXN-004345,75.52,7,0.055,11,2509,0,4,5,0,0,0.19,0
TXN-004346,23.58,13,0.244,554,2959,0,2,6,0,1,0.114,0
TXN-004347,42.16,15,0.334,173,2314,2,6,8,0,0,0.666,0
TXN-004348,89.42,17,0.185,910,2187,0,5,4,0,0,0.703,0
TXN-004349,36.19,16,0.508,1329,1143,0,3,4,0,0,0.498,0
TXN-004350,8.18,7,0.424,867,1891,0,2,6,0,1,0.434,1
TXN-004351,28.67,15,0.533,1181,2730,1,2,6,0,0,0.504,0
TXN-004352,90.92,20,0.048,1254,2671,2,1,6,0,0,0.398,0
TXN-004353,46.47,11,0.021,1346,435,1,1,7,1,0,0.562,0
TXN-004354,13.9,10,0.303,1464,1937,0,4,7,0,0,0.436,0
TXN-004355,64.27,23,0.311,602,3411,1,3,12,0,0,0.281,0
TXN-004356,3.79,6,0.181,541,2500,1,2,4,0,1,0.096,0
TXN-004357,95.07,13,0.082,781,1602,0,0,11,1,1,0.233,1
TXN-004358,13.32,17,0.356,733,3396,1,2,10,0,0,0.16,0
TXN-004359,70.77,21,0.523,783,1631,0,5,7,1,0,0.548,0
TXN-004360,47.43,4,0.121,900,621,1,1,8,0,0,0.388,0
TXN-004361,164.57,7,0.213,784,390,1,4,5,0,0,0.234,0
TXN-004362,35.08,14,0.55,388,2772,0,3,12,1,0,0.528,0
TXN-004363,37.89,0,0.213,711,3514,2,6,12,0,1,0.165,0
TXN-004364,83.78,1,0.279,429,47,1,4,6,0,0,0.435,0
TXN-004365,60.12,23,0.068,181,3203,4,5,6,0,0,0.422,0
TXN-004366,14.9,10,0.282,1373,1403,2,2,6,0,1,0.375,1
TXN-004367,16.24,2,0.288,1237,447,1,2,5,0,0,0.229,0
TXN-004368,41.62,1,0.348,944,787,0,3,4,0,0,0.459,1
TXN-004369,36.32,4,0.163,855,3984,0,0,13,0,0,0.308,0
TXN-004370,236.94,14,0.161,1053,1236,0,2,10,0,1,0.431,0
TXN-004371,92.91,5,0.38,223,627,0,2,14,1,0,0.281,1
TXN-004372,50.98,16,0.385,915,2600,0,1,12,0,0,0.116,0
TXN-004373,23.32,4,0.285,557,2667,1,5,4,0,0,0.307,0
TXN-004374,15.39,11,0.055,1296,3102,1,1,5,0,1,0.188,0
TXN-004375,44.77,5,0.576,1489,207,2,1,6,0,0,0.345,0
TXN-004376,21.17,15,0.109,320,3604,1,3,11,1,0,0.658,0
TXN-004377,38.04,6,0.27,182,3193,1,1,7,0,0,0.124,0
TXN-004378,34.24,12,0.454,241,3261,1,5,9,0,0,0.057,0
TXN-004379,45.19,13,0.218,567,2158,2,3,10,0,0,0.245,0
TXN-004380,37.94,17,0.52,662,2279,0,4,10,1,0,0.165,0
TXN-004381,54.94,10,0.128,1316,582,0,3,5,0,0,0.133,0
TXN-004382,44.52,17,0.301,804,2531,0,4,13,0,0,0.222,0
TXN-004383,43.62,2,0.179,1412,3326,0,2,10,0,0,0.668,0
TXN-004384,7.84,17,0.157,318,2833,2,3,11,0,0,0.606,0
TXN-004385,32.81,20,0.347,53,3753,1,1,9,0,0,0.607,0
TXN-004386,65.14,16,0.134,634,1119,0,0,6,0,1,0.125,0
TXN-004387,16.42,13,0.56,1370,1172,2,1,11,0,0,0.624,0
TXN-004388,18.8,7,0.347,924,2343,1,0,4,0,0,0.369,0
TXN-004389,50.81,1,0.138,531,988,1,2,10,0,0,0.316,0
TXN-004390,1.85,4,0.134,868,1222,1,3,6,0,0,0.29,0
TXN-004391,117.69,21,0.257,318,3594,2,2,3,0,0,0.304,0
TXN-004392,30.8,11,0.349,1228,3106,1,1,6,0,0,0.243,0
TXN-004393,7.16,13,0.281,1182,1180,1,0,13,0,1,0.155,0
TXN-004394,56.91,20,0.563,82,3955,0,4,2,1,1,0.301,1
TXN-004395,36.43,1,0.204,188,3766,0,3,12,0,0,0.407,0
TXN-004396,14.92,4,0.071,557,716,0,1,8,0,1,0.136,0
TXN-004397,40.42,21,0.524,456,3965,0,5,9,0,1,0.295,1
TXN-004398,42.86,2,0.486,130,1587,0,2,12,0,0,0.213,0
TXN-004399,74.55,15,0.506,293,1696,1,1,8,1,0,0.144,0
TXN-004400,75.98,15,0.214,1049,3398,0,3,10,0,0,0.141,0
TXN-004401,29.52,12,0.468,783,83,0,1,11,1,0,0.28,0
TXN-004402,11.86,15,0.082,1247,2767,1,0,7,0,0,0.288,0
TXN-004403,44.89,14,0.143,770,2255,1,1,10,0,0,0.471,0
TXN-004404,79.45,9,0.385,358,3276,0,5,8,1,0,0.323,0
TXN-004405,67.34,10,0.118,80,1172,1,3,5,0,0,0.363,1
TXN-004406,99.27,23,0.17,1408,620,1,5,6,0,0,0.291,0
TXN-004407,99.95,16,0.093,135,3168,0,1,11,0,0,0.33,0
TXN-004408,87.76,7,0.254,1144,2350,0,2,14,0,1,0.218,1
TXN-004409,10.45,16,0.13,1056,3843,2,1,16,0,0,0.225,0
TXN-004410,16.6,13,0.022,590,1094,3,2,5,0,1,0.617,1
TXN-004411,44.36,9,0.361,856,1306,1,3,7,0,0,0.515,0
TXN-004412,10.23,18,0.48,178,2448,1,1,11,0,0,0.561,0
TXN-004413,234.83,3,0.551,288,1573,0,0,9,0,0,0.413,0
TXN-004414,27.15,15,0.421,981,800,1,2,8,0,0,0.238,0
TXN-004415,19.6,18,0.104,242,2552,1,4,6,0,1,0.255,0
TXN-004416,23.16,18,0.134,386,170,3,3,7,0,0,0.335,1
TXN-004417,18.72,23,0.154,599,3345,2,1,5,0,1,0.568,1
TXN-004418,24.43,20,0.448,348,385,2,3,11,0,0,0.376,0
TXN-004419,19.54,9,0.542,100,424,1,1,7,1,0,0.356,0
TXN-004420,5.85,23,0.294,61,2299,2,3,6,0,0,0.57,0
TXN-004421,15.95,16,0.447,1231,946,0,0,10,0,0,0.459,0
TXN-004422,491.88,10,0.133,263,3226,0,1,6,0,0,0.221,0
TXN-004423,42.4,6,0.173,380,1473,0,3,12,0,0,0.036,0
TXN-004424,441.72,5,0.095,1184,2161,3,1,3,0,0,0.299,1
TXN-004425,20.11,22,0.134,498,45,0,5,13,0,0,0.295,0
TXN-004426,8.6,0,0.177,730,3234,3,3,6,0,0,0.62,0
TXN-004427,20.94,16,0.2,1462,1810,0,1,9,1,0,0.289,0
TXN-004428,259.68,5,0.351,1255,1945,1,3,7,0,0,0.222,0
TXN-004429,111.21,14,0.138,171,3091,1,1,7,0,0,0.735,0
TXN-004430,9.24,12,0.452,173,493,0,3,9,0,0,0.296,0
TXN-004431,80.86,21,0.437,1013,2747,0,2,7,0,0,0.341,0
TXN-004432,68.76,10,0.295,299,478,0,1,3,0,0,0.461,0
TXN-004433,104.81,11,0.179,494,1568,1,1,12,0,1,0.368,0
TXN-004434,73.09,15,0.117,1156,2872,0,1,8,0,0,0.676,0
TXN-004435,70.37,11,0.521,297,919,0,1,10,0,1,0.448,1
TXN-004436,24.15,11,0.38,498,748,0,1,4,0,1,0.415,0
TXN-004437,32.5,8,0.226,400,574,1,0,8,0,0,0.282,0
TXN-004438,7.97,8,0.301,855,30,2,1,14,0,0,0.338,0
TXN-004439,22.84,17,0.545,156,383,0,3,6,0,0,0.548,0
TXN-004440,33.43,23,0.246,1487,2269,2,1,5,0,0,0.407,0
TXN-004441,125.52,13,0.554,658,1080,0,2,7,0,0,0.225,0
TXN-004442,50.03,10,0.202,1091,1239,1,1,8,0,0,0.366,0
TXN-004443,76.7,10,0.2,28,1150,1,1,7,0,1,0.494,0
TXN-004444,83.48,23,0.312,797,402,0,3,8,0,0,0.363,0
TXN-004445,17.15,7,0.361,715,3920,2,3,12,0,0,0.447,0
TXN-004446,18.56,18,0.378,777,733,1,1,13,0,0,0.36,0
TXN-004447,5.76,17,0.154,623,3054,0,1,3,0,0,0.297,0
TXN-004448,60.66,2,0.493,91,3416,1,3,11,1,1,0.103,0
TXN-004449,45.05,12,0.433,680,790,1,0,8,0,0,0.342,0
TXN-004450,29.68,4,0.323,328,2444,0,5,9,0,0,0.366,0
TXN-004451,30.08,12,0.143,824,3533,0,0,12,0,0,0.29,0
TXN-004452,19.8,5,0.34,284,2668,0,1,10,0,1,0.55,0
TXN-004453,44.44,3,0.218,897,1392,0,4,8,0,1,0.384,0
TXN-004454,45.6,9,0.206,334,1946,0,0,9,0,0,0.333,0
TXN-004455,28.67,10,0.156,431,3574,0,3,13,0,0,0.28,0
TXN-004456,33.09,5,0.317,1246,702,2,1,5,1,0,0.189,0
TXN-004457,32.58,19,0.499,869,2428,0,4,4,0,1,0.316,0
TXN-004458,8.05,0,0.222,864,1871,0,2,4,0,0,0.344,0
TXN-004459,181.87,9,0.066,75,3727,2,2,8,0,0,0.552,0
TXN-004460,85.75,15,0.366,438,2247,0,3,13,0,1,0.097,1
TXN-004461,185.06,20,0.121,277,2823,1,2,8,0,0,0.138,0
TXN-004462,9.86,1,0.084,527,3737,0,2,19,0,1,0.161,1
TXN-004463,52.5,2,0.214,951,2055,3,1,8,0,0,0.245,0
TXN-004464,50.0,0,0.354,966,868,0,4,11,1,1,0.17,1
TXN-004465,16.76,19,0.275,590,670,0,1,12,0,0,0.699,0
TXN-004466,88.51,21,0.324,416,3575,0,3,7,0,0,0.361,0
TXN-004467,27.77,17,0.012,588,3201,0,1,9,0,0,0.53,0
TXN-004468,14.93,9,0.605,241,1616,0,1,8,0,0,0.03,1
TXN-004469,26.35,1,0.194,184,650,1,3,4,0,0,0.53,0
TXN-004470,11.93,0,0.051,923,2871,1,3,5,0,0,0.089,0
TXN-004471,30.56,8,0.262,1347,981,1,3,10,0,1,0.37,0
TXN-004472,20.76,11,0.121,580,124,2,5,8,0,0,0.516,0
TXN-004473,17.7,21,0.263,574,447,1,0,9,0,0,0.255,0
TXN-004474,42.16,18,0.471,457,3897,0,4,5,0,0,0.683,0
TXN-004475,136.98,7,0.253,906,1776,0,5,13,0,0,0.25,0
TXN-004476,130.15,11,0.159,641,702,0,1,8,0,0,0.505,0
TXN-004477,58.15,16,0.299,808,2569,1,3,9,1,0,0.059,0
TXN-004478,167.14,2,0.2,1176,1180,1,0,9,0,1,0.128,0
TXN-004479,11.68,3,0.249,750,2686,1,2,5,0,0,0.445,0
TXN-004480,36.23,18,0.408,45,465,0,4,6,0,0,0.394,0
TXN-004481,56.24,13,0.025,465,171,1,5,5,0,0,0.091,0
TXN-004482,45.39,14,0.304,291,2860,2,1,9,0,0,0.158,0
TXN-004483,294.95,13,0.32,893,3511,0,3,4,0,0,0.501,1
TXN-004484,4.37,18,0.171,1230,1739,2,1,8,0,0,0.318,0
TXN-004485,16.57,9,0.191,1061,933,1,1,6,0,1,0.09,0
TXN-004486,275.01,6,0.489,367,3943,0,4,12,0,0,0.451,1
TXN-004487,41.19,6,0.432,735,2985,1,0,15,1,1,0.678,0
TXN-004488,28.31,14,0.301,1058,1086,0,4,8,0,1,0.227,0
TXN-004489,26.17,11,0.2,359,1640,1,5,6,0,0,0.54,0
TXN-004490,116.11,14,0.185,48,2164,0,1,6,1,0,0.706,0
TXN-004491,148.91,13,0.206,1028,283,1,1,7,1,1,0.274,1
TXN-004492,75.4,21,0.154,123,433,1,3,13,0,1,0.288,0
TXN-004493,29.39,12,0.083,586,433,0,2,11,0,1,0.24,0
TXN-004494,35.13,9,0.585,272,988,0,2,9,1,0,0.543,0
TXN-004495,22.89,16,0.396,100,3236,0,4,10,0,0,0.136,0
TXN-004496,19.68,0,0.461,983,1051,0,1,11,0,0,0.604,0
TXN-004497,45.51,18,0.343,809,2075,0,0,15,0,0,0.259,0
TXN-004498,74.01,9,0.116,761,811,0,2,10,0,0,0.115,0
TXN-004499,127.0,6,0.401,1022,834,1,4,11,0,0,0.201,0
TXN-004500,104.23,23,0.087,420,1435,0,1,7,0,0,0.123,0
TXN-004501,54.2,12,0.107,51,2176,0,4,4,0,1,0.301,0
TXN-004502,14.89,8,0.133,613,3202,0,2,7,0,0,0.175,0
TXN-004503,30.79,8,0.175,1459,1293,0,1,5,0,0,0.35,0
TXN-004504,16.67,22,0.221,590,2970,1,3,7,0,0,0.084,0
TXN-004505,50.83,6,0.546,1390,3606,2,1,11,0,0,0.387,0
TXN-004506,9.09,17,0.425,1454,2587,0,4,8,0,0,0.596,0
TXN-004507,68.63,13,0.296,1093,405,1,3,10,0,0,0.407,0
TXN-004508,21.52,4,0.445,246,1219,3,1,5,0,0,0.133,0
TXN-004509,8.94,20,0.026,372,1350,1,1,6,1,0,0.233,0
TXN-004510,195.87,22,0.006,1134,3899,0,2,10,0,0,0.362,0
TXN-004511,99.69,18,0.184,986,3129,3,3,11,0,0,0.144,0
TXN-004512,46.99,0,0.607,171,3504,0,1,6,1,0,0.639,0
TXN-004513,66.24,6,0.037,371,2136,0,1,10,0,0,0.174,0
TXN-004514,67.2,1,0.24,1173,3379,0,3,8,0,0,0.138,0
TXN-004515,16.79,8,0.127,55,3499,2,4,5,0,0,0.207,0
TXN-004516,96.73,1,0.008,1293,2875,0,0,7,0,0,0.172,0
TXN-004517,8.09,4,0.058,1088,3880,2,2,6,0,0,0.45,0
TXN-004518,11.01,1,0.635,1270,3720,1,3,6,0,0,0.557,0
TXN-004519,115.82,7,0.236,188,3524,1,4,12,0,0,0.116,0
TXN-004520,192.23,4,0.144,1290,1995,1,4,9,0,0,0.15,0
TXN-004521,15.62,12,0.413,1409,2519,2,0,6,1,0,0.09,0
TXN-004522,19.33,0,0.175,1330,1188,0,3,8,0,0,0.478,0
TXN-004523,85.93,0,0.323,798,1561,1,3,8,0,1,0.515,0
TXN-004524,51.38,13,0.103,1300,1158,0,5,11,0,1,0.563,0
TXN-004525,11.74,9,0.44,1445,3856,1,0,5,0,0,0.231,0
TXN-004526,316.68,4,0.728,1320,1371,2,3,7,0,0,0.348,0
TXN-004527,38.94,10,0.196,77,1346,1,2,5,0,1,0.304,0
TXN-004528,433.16,17,0.027,356,437,1,5,9,0,1,0.093,0
TXN-004529,56.21,3,0.354,610,78,0,2,6,0,0,0.401,0
TXN-004530,246.7,15,0.025,216,2913,0,0,10,0,1,0.29,0
TXN-004531,22.87,18,0.388,491,3300,0,3,8,0,0,0.173,0
TXN-004532,22.86,21,0.224,99,251,0,3,13,0,1,0.224,0
TXN-004533,10.8,12,0.142,335,2705,2,2,8,0,0,0.223,0
TXN-004534,114.15,3,0.375,134,1838,0,2,8,0,0,0.362,0
TXN-004535,27.62,18,0.43,1446,318,0,0,8,0,0,0.36,0
TXN-004536,38.13,8,0.373,1019,3312,1,0,6,1,0,0.258,0
TXN-004537,39.34,13,0.112,1328,2935,2,2,8,0,0,0.137,0
TXN-004538,23.64,11,0.239,1335,1828,1,0,12,1,0,0.248,0
TXN-004539,19.39,22,0.279,1381,1038,0,0,8,0,0,0.306,0
TXN-004540,110.25,8,0.088,1046,3278,1,3,4,0,0,0.214,0
TXN-004541,8.26,13,0.285,1486,3982,2,1,8,0,1,0.208,0
TXN-004542,35.32,9,0.042,749,2815,0,2,12,1,0,0.167,0
TXN-004543,197.22,15,0.29,147,3313,0,0,10,0,0,0.472,0
TXN-004544,13.33,17,0.481,1498,2068,3,1,7,1,0,0.448,0
TXN-004545,10.03,18,0.359,957,1741,0,5,11,0,0,0.044,0
TXN-004546,29.28,8,0.265,749,1876,1,2,7,0,0,0.35,0
TXN-004547,3.11,8,0.496,211,249,1,3,10,0,0,0.56,0
TXN-004548,11.93,8,0.227,1464,1944,2,2,8,0,0,0.169,0
TXN-004549,24.26,19,0.211,492,3856,1,5,4,1,0,0.464,0
TXN-004550,5.15,21,0.306,1012,3286,1,1,4,0,0,0.526,0
TXN-004551,70.55,8,0.519,1295,496,0,2,6,0,1,0.347,0
TXN-004552,50.97,12,0.559,600,3207,0,1,4,1,0,0.046,0
TXN-004553,42.63,11,0.286,341,262,0,2,9,1,0,0.212,0
TXN-004554,23.67,15,0.294,76,1316,0,1,17,0,1,0.15,0
TXN-004555,86.87,20,0.175,1137,1535,0,6,4,0,0,0.2,0
TXN-004556,21.2,15,0.046,1124,132,0,2,2,1,0,0.085,0
TXN-004557,4.34,0,0.215,1062,53,3,2,6,0,0,0.501,0
TXN-004558,33.56,17,0.301,252,196,1,1,12,0,1,0.343,0
TXN-004559,49.52,12,0.276,597,1557,0,2,7,0,0,0.682,0
TXN-004560,5.45,21,0.539,619,2776,1,3,8,0,1,0.575,0
TXN-004561,33.23,0,0.286,207,991,0,0,3,0,0,0.517,0
TXN-004562,37.33,18,0.112,391,566,2,3,9,0,0,0.451,0
TXN-004563,44.42,22,0.31,836,2708,0,2,8,0,0,0.399,0
TXN-004564,38.17,11,0.106,823,2202,1,0,5,0,0,0.126,0
TXN-004565,40.01,23,0.266,549,3677,0,2,9,0,0,0.357,0
TXN-004566,226.24,3,0.183,884,2852,2,2,4,0,0,0.213,0
TXN-004567,22.17,23,0.28,576,2590,2,2,6,1,0,0.144,0
TXN-004568,27.11,12,0.125,188,2649,0,1,12,0,0,0.485,0
TXN-004569,78.25,0,0.224,646,465,0,2,10,1,0,0.573,0
TXN-004570,105.11,16,0.368,725,3393,1,1,12,0,0,0.276,0
TXN-004571,42.31,22,0.409,1189,1845,1,0,6,0,0,0.276,0
TXN-004572,140.16,0,0.148,1168,3883,1,2,9,0,0,0.268,0
TXN-004573,65.66,7,0.213,664,707,1,3,11,0,0,0.117,0
TXN-004574,19.87,14,0.303,940,1939,1,4,10,1,0,0.516,0
TXN-004575,99.89,21,0.159,1442,3901,0,3,5,1,0,0.457,0
TXN-004576,77.1,13,0.3,858,1782,2,2,5,0,0,0.269,0
TXN-004577,170.63,6,0.274,115,1597,1,0,8,0,0,0.318,0
TXN-004578,15.72,16,0.254,148,3819,0,1,8,0,1,0.442,0
TXN-004579,98.81,20,0.515,95,1677,1,3,6,1,1,0.272,1
TXN-004580,16.08,15,0.241,1205,2270,1,5,2,1,0,0.204,0
TXN-004581,20.69,5,0.236,347,170,1,0,5,0,1,0.155,0
TXN-004582,75.82,7,0.171,364,3036,0,1,12,1,0,0.26,0
TXN-004583,70.74,1,0.131,48,2659,0,3,7,0,0,0.123,0
TXN-004584,114.96,11,0.185,391,1897,0,2,8,0,0,0.291,0
TXN-004585,42.15,14,0.393,121,1973,0,1,5,0,0,0.597,0
TXN-004586,57.37,22,0.505,1336,3046,3,1,8,0,0,0.034,0
TXN-004587,9.8,7,0.341,1066,2552,0,4,8,0,1,0.371,0
TXN-004588,12.84,1,0.29,30,2079,0,2,9,1,0,0.201,1
TXN-004589,50.55,16,0.403,1463,1939,0,2,9,1,1,0.128,0
TXN-004590,82.07,19,0.358,270,2345,0,2,7,0,1,0.775,0
TXN-004591,29.72,14,0.374,243,128,0,3,10,1,0,0.449,1
TXN-004592,34.95,11,0.306,1000,1609,1,1,8,0,0,0.119,0
TXN-004593,19.36,12,0.008,64,2799,0,1,11,0,0,0.053,0
TXN-004594,17.05,9,0.254,405,2675,1,2,2,0,0,0.463,0
TXN-004595,69.05,2,0.357,522,3527,0,3,12,0,1,0.158,0
TXN-004596,53.07,7,0.164,872,2568,1,6,8,0,0,0.319,0
TXN-004597,60.66,14,0.278,1116,1716,2,2,6,0,1,0.353,0
TXN-004598,18.29,9,0.606,1278,3141,0,1,1,0,0,0.26,0
TXN-004599,149.69,0,0.422,739,2926,1,3,9,0,0,0.62,0
TXN-004600,20.45,2,0.533,1238,60,0,4,13,0,0,0.176,0
TXN-004601,32.45,2,0.345,371,2624,1,0,8,1,1,0.113,0
TXN-004602,5.35,4,0.437,1064,3076,2,1,5,1,0,0.673,1
TXN-004603,27.94,15,0.23,1244,1353,2,0,7,0,0,0.367,0
TXN-004604,41.92,18,0.237,641,972,0,2,12,0,0,0.377,0
TXN-004605,29.92,1,0.021,650,3686,3,0,12,0,0,0.671,0
TXN-004606,158.77,7,0.263,1224,3663,0,3,7,0,1,0.387,0
TXN-004607,34.84,19,0.103,170,2137,1,1,7,0,1,0.296,0
TXN-004608,2.14,14,0.567,879,3327,0,2,10,0,1,0.603,0
TXN-004609,18.25,5,0.336,1392,2852,0,0,8,0,0,0.42,0
TXN-004610,104.08,11,0.582,819,2732,0,1,8,0,0,0.428,0
TXN-004611,47.13,2,0.066,223,3216,0,0,10,0,0,0.307,0
TXN-004612,106.57,11,0.061,1497,2619,1,1,7,0,0,0.259,0
TXN-004613,76.6,21,0.139,535,3263,3,2,10,1,1,0.243,0
TXN-004614,35.83,10,0.338,223,2492,1,1,12,0,1,0.147,1
TXN-004615,74.85,8,0.157,71,2212,0,3,3,1,0,0.667,0
TXN-004616,61.71,13,0.292,309,2178,1,2,11,0,0,0.842,0
TXN-004617,29.67,2,0.148,1139,2925,0,2,13,0,0,0.342,0
TXN-004618,15.73,23,0.33,489,1543,0,2,13,0,1,0.294,0
TXN-004619,34.15,1,0.456,1455,452,0,4,9,0,1,0.197,0
TXN-004620,72.64,15,0.192,512,2085,1,2,9,0,1,0.631,0
TXN-004621,68.6,0,0.187,332,2565,0,0,13,0,0,0.286,0
TXN-004622,226.95,17,0.231,1499,3589,0,2,5,0,0,0.256,0
TXN-004623,42.61,17,0.106,790,2281,1,3,5,0,0,0.267,0
TXN-004624,190.44,13,0.646,921,666,0,2,8,0,0,0.331,1
TXN-004625,289.4,14,0.215,932,3024,1,1,11,0,0,0.243,0
TXN-004626,101.72,2,0.327,1453,2202,1,5,9,0,0,0.411,0
TXN-004627,33.41,7,0.348,65,2896,0,3,7,0,0,0.406,0
TXN-004628,27.76,15,0.281,993,1312,2,1,8,0,0,0.16,0
TXN-004629,35.27,20,0.165,112,2185,1,1,4,0,0,0.55,0
TXN-004630,105.0,11,0.388,912,2021,1,2,14,1,0,0.233,0
TXN-004631,52.03,22,0.315,566,512,3,1,9,0,1,0.424,0
TXN-004632,174.42,10,0.126,838,756,0,3,3,0,0,0.546,0
TXN-004633,43.53,22,0.33,1155,3058,0,4,6,0,0,0.509,0
TXN-004634,54.6,9,0.247,1194,1018,0,1,8,0,0,0.726,0
TXN-004635,40.16,11,0.069,1050,3075,1,2,6,0,0,0.237,0
TXN-004636,69.02,16,0.122,193,3517,1,3,6,0,0,0.167,0
TXN-004637,123.68,23,0.337,72,2395,2,3,13,0,1,0.035,0
TXN-004638,5.61,16,0.164,687,1772,1,1,12,0,0,0.106,0
TXN-004639,47.78,0,0.272,753,3828,0,1,6,0,0,0.347,0
TXN-004640,17.5,19,0.319,318,1785,0,2,7,1,0,0.286,0
TXN-004641,17.88,15,0.361,854,2299,1,1,6,0,0,0.199,0
TXN-004642,303.01,23,0.083,511,2830,0,1,10,0,1,0.466,0
TXN-004643,60.01,12,0.059,937,942,0,1,4,1,1,0.228,0
TXN-004644,9.53,15,0.048,1157,78,1,2,8,0,0,0.474,0
TXN-004645,16.86,8,0.084,129,1901,0,1,10,0,0,0.159,0
TXN-004646,65.76,9,0.272,311,2579,0,0,10,0,1,0.385,0
TXN-004647,39.12,23,0.342,1187,3785,1,1,7,0,0,0.522,0
TXN-004648,62.11,9,0.384,178,76,0,2,11,0,0,0.486,0
TXN-004649,39.02,22,0.482,432,2112,0,1,10,1,1,0.359,0
TXN-004650,40.02,9,0.371,51,2714,1,1,6,0,0,0.3,0
TXN-004651,26.45,12,0.425,691,1760,1,1,7,1,0,0.327,0
TXN-004652,18.61,3,0.569,1326,343,1,3,6,1,1,0.048,0
TXN-004653,43.3,2,0.307,1223,470,3,1,5,0,1,0.551,0
TXN-004654,110.76,11,0.383,1207,1227,1,1,11,1,0,0.363,0
TXN-004655,50.1,23,0.36,494,1622,2,0,8,0,0,0.471,0
TXN-004656,21.99,9,0.164,1139,3587,1,4,10,0,1,0.135,1
TXN-004657,163.74,0,0.572,1081,3352,2,1,8,0,1,0.048,0
TXN-004658,6.62,0,0.19,77,2085,0,3,3,0,1,0.161,0
TXN-004659,17.79,21,0.444,148,3780,1,2,4,0,1,0.341,0
TXN-004660,86.42,4,0.083,393,3108,0,3,9,1,0,0.215,0
TXN-004661,212.32,12,0.051,355,3275,0,2,4,0,0,0.178,1
TXN-004662,52.64,17,0.074,692,1185,0,0,10,0,0,0.504,0
TXN-004663,11.89,11,0.249,158,3379,0,3,5,0,0,0.368,0
TXN-004664,35.83,10,0.534,43,3275,0,5,9,1,0,0.395,0
TXN-004665,6.4,21,0.555,1260,245,1,4,7,0,0,0.154,0
TXN-004666,55.49,6,0.181,332,3017,1,2,11,1,0,0.77,0
TXN-004667,30.51,8,0.403,521,1311,2,1,9,0,0,0.379,0
TXN-004668,15.76,8,0.244,778,2600,3,2,6,0,0,0.399,0
TXN-004669,86.0,6,0.397,5,3494,0,0,14,0,1,0.403,0
TXN-004670,39.82,20,0.253,1089,1997,0,3,12,0,1,0.134,0
TXN-004671,87.7,10,0.494,552,2816,1,4,5,0,1,0.303,0
TXN-004672,6.51,7,0.21,17,1944,0,3,5,0,0,0.708,0
TXN-004673,77.14,13,0.559,905,1639,0,2,6,0,1,0.283,0
TXN-004674,94.22,14,0.203,555,3481,0,5,3,0,1,0.241,0
TXN-004675,10.53,5,0.292,503,3317,1,5,10,0,0,0.111,0
TXN-004676,60.09,18,0.377,1353,1714,1,2,15,0,0,0.251,0
TXN-004677,41.91,10,0.412,126,1428,2,5,12,1,0,0.065,0
TXN-004678,39.38,21,0.015,128,3164,0,2,7,0,0,0.148,0
TXN-004679,113.23,8,0.261,948,1970,0,4,6,0,1,0.661,1
TXN-004680,70.94,14,0.426,302,2036,2,3,7,0,0,0.337,0
TXN-004681,26.01,23,0.096,732,2188,0,2,6,0,0,0.265,0
TXN-004682,91.45,12,0.199,1143,2574,1,3,8,0,0,0.524,0
TXN-004683,4.42,4,0.462,390,586,1,0,10,0,0,0.377,0
TXN-004684,18.71,23,0.468,1385,756,0,0,7,0,0,0.554,0
TXN-004685,34.83,19,0.21,1275,628,0,1,13,0,0,0.433,0
TXN-004686,82.63,15,0.424,1411,2007,0,4,8,0,1,0.252,0
TXN-004687,18.54,14,0.034,524,1077,1,1,9,1,0,0.357,0
TXN-004688,58.21,0,0.498,5,2638,3,1,11,0,0,0.466,0
TXN-004689,122.51,10,0.21,189,2356,0,3,11,0,0,0.314,0
TXN-004690,8.57,12,0.259,864,1876,0,3,9,0,0,0.347,0
TXN-004691,16.2,17,0.102,1497,3022,1,1,11,0,0,0.137,0
TXN-004692,35.42,9,0.456,95,1532,0,3,3,1,1,0.395,0
TXN-004693,94.48,20,0.428,993,2984,1,2,10,0,0,0.427,0
TXN-004694,199.23,7,0.229,931,3386,1,2,9,0,0,0.748,0
TXN-004695,19.2,5,0.171,907,3087,1,3,5,0,0,0.523,0
TXN-004696,50.79,17,0.186,884,3058,0,3,9,0,0,0.163,0
TXN-004697,19.3,9,0.115,895,805,0,3,10,0,1,0.573,0
TXN-004698,200.81,9,0.526,1473,3275,0,1,15,0,0,0.489,0
TXN-004699,37.14,14,0.18,434,3067,1,0,5,0,0,0.063,0
TXN-004700,10.63,19,0.489,640,1496,0,1,6,1,1,0.207,0
TXN-004701,29.3,1,0.423,73,1159,3,1,6,0,0,0.097,0
TXN-004702,101.06,2,0.393,692,2419,1,4,10,0,1,0.247,0
TXN-004703,73.16,3,0.249,396,3333,1,3,14,0,0,0.081,0
TXN-004704,24.67,15,0.316,217,2582,2,2,5,1,0,0.169,0
TXN-004705,9.88,19,0.216,785,625,1,4,13,0,0,0.481,0
TXN-004706,29.62,0,0.14,1045,587,2,1,6,1,0,0.474,0
TXN-004707,11.03,5,0.176,620,1132,0,2,9,0,1,0.677,0
TXN-004708,133.65,13,0.235,1485,318,0,1,6,0,0,0.075,0
TXN-004709,176.33,11,0.163,863,545,0,2,10,1,0,0.438,0
TXN-004710,66.0,6,0.249,411,1161,0,3,8,0,0,0.496,0
TXN-004711,27.52,21,0.102,1116,186,1,1,13,0,0,0.302,0
TXN-004712,17.06,10,0.458,1202,3649,0,2,3,0,0,0.168,0
TXN-004713,85.92,12,0.269,157,1814,0,3,5,0,0,0.277,0
TXN-004714,54.66,12,0.338,835,2114,4,2,6,0,1,0.535,0
TXN-004715,103.38,9,0.143,399,487,1,1,9,0,1,0.713,0
TXN-004716,4.7,2,0.31,11,278,1,1,8,0,0,0.317,0
TXN-004717,61.32,16,0.532,397,1977,0,4,9,0,0,0.289,0
TXN-004718,206.54,6,0.364,337,35,1,1,6,1,0,0.117,0
TXN-004719,67.16,21,0.401,772,2947,1,2,4,0,0,0.027,0
TXN-004720,22.27,15,0.297,1064,2860,1,2,14,0,1,0.217,0
TXN-004721,110.0,21,0.611,1087,1598,0,1,13,0,0,0.29,0
TXN-004722,25.62,15,0.668,407,2782,1,2,8,0,0,0.213,0
TXN-004723,32.69,13,0.243,147,3101,0,1,9,0,0,0.268,0
TXN-004724,294.61,3,0.207,853,2489,0,1,4,0,0,0.159,0
TXN-004725,38.86,10,0.745,1132,3586,0,2,9,0,1,0.199,0
TXN-004726,25.54,18,0.207,1228,369,1,2,9,0,0,0.301,0
TXN-004727,11.82,17,0.479,120,3604,1,3,8,0,1,0.626,0
TXN-004728,21.38,3,0.158,508,1796,1,3,9,1,0,0.233,0
TXN-004729,41.16,11,0.142,877,2321,1,1,5,1,1,0.729,0
TXN-004730,118.83,11,0.216,363,2635,1,0,8,0,0,0.447,0
TXN-004731,14.29,12,0.258,681,984,1,1,11,1,0,0.266,1
TXN-004732,59.61,23,0.501,1081,1965,1,2,7,1,0,0.145,0
TXN-004733,47.46,1,0.27,1067,1021,0,4,13,0,0,0.19,0
TXN-004734,27.21,22,0.19,219,1263,0,3,10,0,1,0.375,0
TXN-004735,27.38,7,0.216,1059,1825,1,3,10,0,0,0.179,0
TXN-004736,97.87,6,0.493,263,2190,2,4,10,0,0,0.493,0
TXN-004737,29.39,12,0.101,35,3711,2,4,8,0,0,0.393,0
TXN-004738,17.58,14,0.089,1379,3544,1,2,6,0,0,0.533,0
TXN-004739,47.49,21,0.181,1203,3598,0,0,12,1,0,0.302,1
TXN-004740,201.22,21,0.422,1254,3160,0,1,10,0,1,0.141,0
TXN-004741,11.07,14,0.546,241,543,1,2,7,0,0,0.222,0
TXN-004742,7.34,9,0.089,1026,3371,1,1,13,0,0,0.349,0
TXN-004743,88.98,7,0.298,806,1817,0,2,5,0,0,0.622,0
TXN-004744,24.67,18,0.282,37,1733,0,4,13,1,0,0.215,0
TXN-004745,28.31,20,0.244,255,3089,0,4,11,0,0,0.097,0
TXN-004746,31.98,16,0.575,266,796,0,2,12,1,0,0.203,0
TXN-004747,35.85,14,0.328,45,86,1,3,6,1,0,0.347,0
TXN-004748,73.03,5,0.192,1247,1270,0,0,5,0,0,0.173,0
TXN-004749,47.08,17,0.158,918,2073,0,1,5,0,0,0.479,1
TXN-004750,140.13,14,0.532,812,3008,0,3,6,0,0,0.249,0
TXN-004751,25.61,14,0.13,341,3230,2,1,8,0,1,0.289,0
TXN-004752,143.34,16,0.069,1140,526,3,3,10,0,1,0.349,0
TXN-004753,14.79,17,0.271,993,3627,1,3,5,0,0,0.396,0
TXN-004754,7.68,11,0.447,1296,3452,0,1,6,0,0,0.318,0
TXN-004755,17.25,0,0.559,315,2910,0,3,7,0,0,0.205,1
TXN-004756,17.12,13,0.642,1089,1377,0,2,6,0,1,0.148,0
TXN-004757,9.2,0,0.157,195,1361,1,3,9,0,0,0.677,0
TXN-004758,41.29,17,0.392,17,2144,1,1,12,0,0,0.177,0
TXN-004759,37.77,6,0.269,128,2586,0,1,12,0,0,0.076,0
TXN-004760,122.4,2,0.404,663,542,1,2,10,0,0,0.602,0
TXN-004761,24.73,12,0.263,476,1672,0,1,7,0,0,0.367,0
TXN-004762,28.43,13,0.544,1404,129,1,5,10,0,0,0.385,0
TXN-004763,179.51,20,0.414,1211,2490,4,4,11,0,0,0.393,0
TXN-004764,7.35,19,0.378,532,683,0,3,7,1,0,0.017,1
TXN-004765,136.53,12,0.257,1036,927,1,2,9,0,0,0.336,0
TXN-004766,26.37,23,0.63,637,196,1,2,4,0,0,0.3,0
TXN-004767,13.75,23,0.304,809,1376,0,1,6,0,1,0.335,0
TXN-004768,109.71,19,0.555,233,710,3,2,13,0,0,0.379,1
TXN-004769,27.84,11,0.303,1247,2492,0,3,6,0,1,0.629,0
TXN-004770,32.85,13,0.413,727,3180,1,5,5,0,0,0.299,0
TXN-004771,168.05,1,0.075,947,2935,0,3,8,0,0,0.018,0
TXN-004772,169.63,3,0.341,380,2959,1,1,10,0,0,0.285,0
TXN-004773,75.96,17,0.34,463,101,3,0,11,0,0,0.118,0
TXN-004774,62.85,2,0.402,979,853,0,2,7,0,1,0.683,1
TXN-004775,66.65,4,0.12,302,3093,0,3,5,0,0,0.195,0
TXN-004776,115.48,5,0.307,1349,1104,2,2,6,0,0,0.193,0
TXN-004777,47.25,9,0.374,559,912,0,2,7,1,0,0.691,0
TXN-004778,7.32,21,0.16,1418,2804,0,3,7,0,1,0.599,0
TXN-004779,71.78,17,0.378,356,2649,1,3,8,0,0,0.343,0
TXN-004780,197.03,8,0.439,820,2489,0,0,15,0,0,0.237,0
TXN-004781,27.4,5,0.386,98,1936,2,2,9,0,0,0.088,0
TXN-004782,152.97,20,0.089,499,2951,0,2,9,0,0,0.203,0
TXN-004783,109.4,23,0.352,799,1495,2,0,11,1,0,0.363,0
TXN-004784,30.87,11,0.3,1236,1845,1,3,7,0,0,0.13,0
TXN-004785,19.47,2,0.152,445,94,0,2,6,0,0,0.377,0
TXN-004786,32.32,14,0.301,1223,2220,3,4,12,0,0,0.168,0
TXN-004787,11.67,7,0.123,919,2965,1,2,5,0,0,0.615,0
TXN-004788,56.85,21,0.262,864,3256,1,1,7,1,0,0.372,0
TXN-004789,40.34,9,0.221,443,935,0,5,4,0,0,0.554,0
TXN-004790,9.41,14,0.654,477,2667,0,3,11,0,0,0.463,0
TXN-004791,52.29,20,0.203,830,3913,1,0,4,0,1,0.12,0
TXN-004792,99.49,2,0.466,1211,3842,0,1,5,0,0,0.059,0
TXN-004793,35.4,9,0.399,1096,2844,0,1,5,1,0,0.709,0
TXN-004794,10.96,4,0.251,1255,2962,2,1,4,0,0,0.439,0
TXN-004795,121.38,2,0.366,196,1047,0,1,9,0,0,0.388,0
TXN-004796,59.12,2,0.336,664,1366,3,1,4,1,0,0.244,0
TXN-004797,38.96,15,0.258,1465,2994,2,1,16,1,0,0.655,1
TXN-004798,121.17,14,0.186,1030,3303,0,1,7,0,0,0.385,0
TXN-004799,88.53,7,0.063,427,2293,0,5,6,0,0,0.514,0
TXN-004800,74.27,4,0.335,854,288,4,0,1,1,0,0.763,1
TXN-004801,239.47,20,0.663,191,2741,0,2,13,0,1,0.267,1
TXN-004802,50.68,16,0.528,912,229,0,4,8,0,0,0.071,0
TXN-004803,4.47,6,0.496,59,190,1,0,8,0,0,0.686,0
TXN-004804,70.75,4,0.339,721,1012,3,6,6,0,0,0.086,0
TXN-004805,38.71,11,0.155,11,1049,2,1,8,1,0,0.054,0
TXN-004806,51.24,10,0.403,1442,2980,0,1,8,0,0,0.363,0
TXN-004807,145.01,14,0.321,1340,2007,1,1,7,0,0,0.474,0
TXN-004808,83.3,1,0.138,1122,70,0,0,6,0,0,0.385,0
TXN-004809,40.03,2,0.263,506,3900,1,0,5,0,0,0.148,0
TXN-004810,44.65,19,0.399,52,1272,0,1,6,0,0,0.402,0
TXN-004811,47.3,21,0.211,1450,3519,1,2,10,0,0,0.398,0
TXN-004812,112.59,20,0.433,51,73,2,3,4,0,0,0.168,0
TXN-004813,161.28,4,0.172,74,1859,0,1,4,0,0,0.485,0
TXN-004814,9.22,16,0.345,1187,3900,1,4,5,1,0,0.58,0
TXN-004815,14.63,12,0.121,907,3068,2,2,11,1,0,0.104,0
TXN-004816,33.05,8,0.151,547,1173,0,2,10,0,1,0.45,0
TXN-004817,11.36,17,0.278,900,1851,0,1,7,0,0,0.202,0
TXN-004818,231.06,22,0.067,1022,739,1,1,9,0,1,0.439,1
TXN-004819,118.66,19,0.451,95,1934,0,1,11,0,0,0.133,0
TXN-004820,132.64,1,0.285,969,3004,0,1,5,0,0,0.141,0
TXN-004821,47.82,19,0.162,1162,621,0,3,9,0,0,0.376,0
TXN-004822,93.59,7,0.106,102,659,2,2,4,0,0,0.211,0
TXN-004823,5.56,2,0.261,1386,1119,0,1,10,0,0,0.13,0
TXN-004824,229.82,1,0.355,712,1587,0,1,9,0,0,0.178,0
TXN-004825,3.17,18,0.055,656,130,1,3,7,0,0,0.216,0
TXN-004826,65.14,10,0.322,791,1519,0,1,10,0,1,0.361,0
TXN-004827,36.32,16,0.197,271,1948,0,0,5,0,0,0.306,0
TXN-004828,38.75,19,0.173,223,2249,1,1,10,0,0,0.237,0
TXN-004829,84.2,8,0.64,570,3210,0,4,4,1,1,0.282,0
TXN-004830,42.35,14,0.288,1491,3724,1,4,3,0,0,0.576,0
TXN-004831,137.69,1,0.507,287,3475,1,0,10,0,0,0.694,1
TXN-004832,23.0,23,0.198,408,3848,4,3,3,0,0,0.235,0
TXN-004833,18.14,12,0.343,155,1337,0,0,7,0,0,0.197,0
TXN-004834,21.15,20,0.266,1378,2827,3,1,17,0,0,0.279,0
TXN-004835,19.57,21,0.154,1219,1428,0,2,10,0,0,0.732,0
TXN-004836,27.43,0,0.508,41,956,1,1,7,0,0,0.291,0
TXN-004837,12.44,7,0.374,478,3000,0,3,5,0,0,0.232,0
TXN-004838,149.67,22,0.165,248,3423,0,2,12,0,0,0.21,0
TXN-004839,71.74,14,0.618,854,2951,0,3,5,1,0,0.349,0
TXN-004840,52.63,19,0.677,924,1275,0,1,5,0,0,0.399,0
TXN-004841,23.81,3,0.244,573,1012,1,3,5,0,1,0.484,0
TXN-004842,185.98,2,0.349,107,2981,1,2,9,1,0,0.071,0
TXN-004843,37.57,15,0.048,123,2478,0,2,10,0,0,0.136,0
TXN-004844,11.8,22,0.123,754,353,2,1,13,0,0,0.189,0
TXN-004845,12.16,19,0.163,124,3563,0,2,9,0,0,0.089,0
TXN-004846,103.54,4,0.132,1435,852,0,0,4,0,0,0.526,0
TXN-004847,176.18,23,0.331,959,438,0,1,3,0,0,0.021,1
TXN-004848,17.77,19,0.262,278,1105,0,3,7,0,0,0.321,0
TXN-004849,80.9,18,0.3,703,420,1,3,4,0,0,0.036,0
TXN-004850,193.64,14,0.257,185,323,2,1,10,0,0,0.081,0
TXN-004851,67.17,1,0.023,720,146,1,1,8,0,0,0.202,0
TXN-004852,128.55,8,0.432,844,3857,1,5,9,0,1,0.237,0
TXN-004853,13.08,23,0.425,1139,575,1,4,7,0,0,0.293,0
TXN-004854,71.17,12,0.215,769,1034,1,0,10,0,0,0.117,0
TXN-004855,75.63,23,0.148,1073,2755,1,3,17,0,0,0.294,0
TXN-004856,43.63,1,0.564,450,463,1,4,10,0,0,0.259,0
TXN-004857,8.92,15,0.327,303,3925,0,2,6,0,1,0.312,0
TXN-004858,118.92,21,0.323,1141,1709,0,3,8,0,0,0.348,0
TXN-004859,63.44,17,0.548,398,3180,1,4,5,0,0,0.207,0
TXN-004860,17.68,11,0.136,755,1811,0,0,8,0,1,0.646,0
TXN-004861,90.07,5,0.29,1152,1039,0,3,4,0,1,0.711,0
TXN-004862,46.13,6,0.205,1429,2108,1,1,10,0,0,0.597,0
TXN-004863,11.01,10,0.283,1058,3879,3,3,10,0,0,0.159,1
TXN-004864,7.25,1,0.215,652,3454,1,0,7,0,0,0.441,0
TXN-004865,122.44,1,0.174,1031,3176,0,2,8,0,1,0.525,0
TXN-004866,241.78,8,0.224,932,2169,0,0,4,0,0,0.625,1
TXN-004867,15.74,0,0.052,46,1117,2,2,11,0,0,0.416,0
TXN-004868,19.8,8,0.713,951,3151,0,2,7,0,0,0.754,0
TXN-004869,31.88,18,0.168,1226,2025,1,1,7,0,0,0.306,0
TXN-004870,77.02,4,0.215,1289,28,0,2,5,0,0,0.175,0
TXN-004871,87.56,11,0.305,5,2247,3,1,13,0,0,0.376,0
TXN-004872,619.24,5,0.339,533,3211,0,2,6,0,1,0.235,1
TXN-004873,67.23,14,0.605,752,1941,0,2,5,0,0,0.513,0
TXN-004874,96.3,16,0.063,360,2911,0,5,7,0,0,0.348,0
TXN-004875,8.48,13,0.384,304,1548,1,2,12,0,0,0.059,0
TXN-004876,3.04,21,0.122,1003,895,0,0,7,0,0,0.271,0
TXN-004877,17.5,9,0.017,867,682,0,3,10,0,0,0.219,0
TXN-004878,3.51,10,0.265,990,2953,0,1,5,0,0,0.189,0
TXN-004879,86.0,14,0.097,94,879,0,4,3,0,0,0.266,0
TXN-004880,173.41,9,0.176,673,1453,1,3,13,0,0,0.241,0
TXN-004881,52.35,22,0.104,248,1394,0,2,11,0,1,0.352,0
TXN-004882,15.03,18,0.102,17,2654,1,1,7,0,0,0.178,0
TXN-004883,16.39,2,0.112,641,845,1,3,10,0,0,0.594,0
TXN-004884,113.53,10,0.748,308,484,0,2,12,0,1,0.52,0
TXN-004885,150.45,10,0.22,1347,1185,2,3,8,0,0,0.121,0
TXN-004886,129.23,0,0.359,420,3117,1,3,1,0,0,0.669,1
TXN-004887,9.42,22,0.351,703,3868,1,0,14,0,0,0.21,0
TXN-004888,22.59,7,0.324,565,3937,0,4,8,0,0,0.28,0
TXN-004889,20.13,18,0.122,246,1687,0,2,7,0,0,0.621,0
TXN-004890,170.78,13,0.233,1311,1631,0,2,12,0,0,0.39,0
TXN-004891,84.27,5,0.132,298,3239,0,2,7,0,0,0.084,0
TXN-004892,10.53,9,0.029,461,893,1,0,11,1,0,0.11,0
TXN-004893,206.19,13,0.431,1131,2424,1,4,6,0,0,0.107,0
TXN-004894,20.28,13,0.045,700,1041,2,1,9,0,0,0.177,0
TXN-004895,22.4,15,0.299,9,3468,1,1,11,0,0,0.306,0
TXN-004896,48.38,18,0.357,171,3245,2,2,10,0,0,0.425,0
TXN-004897,23.45,21,0.243,682,2560,1,1,6,1,1,0.436,0
TXN-004898,11.32,20,0.132,37,3465,0,4,10,0,0,0.35,0
TXN-004899,186.47,9,0.31,1009,371,1,3,6,0,1,0.149,0
TXN-004900,81.55,22,0.357,1064,2524,0,1,10,0,0,0.5,0
TXN-004901,22.38,7,0.176,718,1544,2,3,7,0,0,0.672,0
TXN-004902,237.61,0,0.613,1294,3583,0,2,7,0,0,0.745,0
TXN-004903,52.65,7,0.384,49,3419,0,4,10,0,1,0.105,0
TXN-004904,18.32,0,0.051,904,1298,0,3,9,0,0,0.464,0
TXN-004905,9.44,10,0.163,447,1043,0,0,11,0,0,0.344,0
TXN-004906,21.23,4,0.204,1483,3653,0,0,9,0,0,0.045,0
TXN-004907,18.84,11,0.386,702,3731,3,2,5,0,0,0.075,0
TXN-004908,70.99,4,0.347,855,351,1,1,6,0,0,0.063,0
TXN-004909,18.18,8,0.232,585,1498,1,1,6,0,0,0.357,0
TXN-004910,12.81,22,0.498,450,197,0,2,7,0,0,0.328,0
TXN-004911,76.99,14,0.563,674,3782,1,4,5,0,0,0.193,0
TXN-004912,14.15,15,0.618,982,2830,3,2,7,0,0,0.333,0
TXN-004913,16.27,11,0.348,111,2946,1,0,12,0,0,0.638,0
TXN-004914,89.0,18,0.314,897,1970,2,2,7,0,0,0.268,0
TXN-004915,14.82,8,0.159,856,3107,1,3,9,0,0,0.406,0
TXN-004916,30.23,4,0.315,735,2204,1,0,8,0,0,0.626,0
TXN-004917,110.12,21,0.325,1167,363,2,3,8,1,0,0.46,1
TXN-004918,240.04,16,0.173,1031,1769,1,0,9,0,0,0.812,1
TXN-004919,20.48,9,0.318,281,3251,0,0,6,0,0,0.525,1
TXN-004920,79.73,16,0.364,529,3583,2,3,9,0,0,0.168,0
TXN-004921,27.21,19,0.363,596,1286,0,4,13,0,0,0.103,0
TXN-004922,32.22,18,0.204,1189,2014,2,3,8,1,0,0.751,0
TXN-004923,7.61,8,0.478,1238,1914,2,2,10,0,0,0.27,0
TXN-004924,135.62,4,0.773,1189,3042,2,3,7,0,1,0.363,0
TXN-004925,44.32,8,0.51,76,384,0,4,12,0,0,0.516,0
TXN-004926,14.5,13,0.508,207,2548,0,0,4,0,1,0.253,0
TXN-004927,29.28,21,0.085,1019,293,1,1,7,0,1,0.182,0
TXN-004928,526.61,8,0.118,630,865,3,1,5,1,0,0.621,1
TXN-004929,84.0,19,0.173,813,3289,0,3,13,0,0,0.299,0
TXN-004930,22.47,13,0.264,1232,2496,1,1,8,0,0,0.118,0
TXN-004931,115.32,1,0.528,116,3454,3,2,9,0,0,0.282,0
TXN-004932,18.0,6,0.381,204,1445,1,4,5,0,0,0.281,0
TXN-004933,92.96,1,0.281,1197,2011,2,3,11,0,0,0.321,0
TXN-004934,101.08,13,0.226,1226,2192,1,1,11,0,0,0.338,0
TXN-004935,46.14,11,0.367,154,3792,3,1,8,0,1,0.595,0
TXN-004936,30.91,12,0.225,466,2045,2,1,7,0,0,0.168,0
TXN-004937,305.16,13,0.016,832,3417,0,2,9,0,1,0.384,0
TXN-004938,9.98,12,0.212,292,851,1,3,9,0,0,0.071,0
TXN-004939,194.5,23,0.286,176,1121,2,2,7,0,1,0.156,0
TXN-004940,7.74,5,0.131,608,3552,0,1,10,0,1,0.266,0
TXN-004941,41.95,3,0.154,346,3465,2,4,5,0,1,0.253,0
TXN-004942,33.9,15,0.214,1474,82,3,0,10,1,0,0.421,1
TXN-004943,142.43,22,0.414,923,405,2,5,7,0,0,0.323,0
TXN-004944,10.81,16,0.046,1050,2677,1,1,10,0,0,0.188,0
TXN-004945,29.69,16,0.117,953,2845,0,3,11,0,1,0.202,0
TXN-004946,7.13,22,0.505,857,1148,1,2,9,1,1,0.208,0
TXN-004947,22.04,18,0.436,1330,647,0,3,3,0,1,0.683,0
TXN-004948,39.68,0,0.196,3,3565,0,2,6,0,0,0.108,0
TXN-004949,48.91,7,0.435,319,1771,0,1,13,0,0,0.105,0
TXN-004950,181.96,15,0.262,1057,1054,2,3,10,0,0,0.609,0
TXN-004951,11.62,5,0.273,777,3675,1,3,5,0,0,0.28,1
TXN-004952,33.94,0,0.185,974,3641,2,2,10,0,1,0.38,0
TXN-004953,222.73,12,0.288,1382,3383,0,2,10,0,0,0.364,1
TXN-004954,9.19,4,0.378,1496,1390,0,3,8,0,0,0.381,0
TXN-004955,11.98,20,0.137,1322,2672,1,2,6,0,0,0.357,0
TXN-004956,19.67,8,0.361,1054,1460,4,1,7,0,0,0.475,0
TXN-004957,70.03,9,0.423,493,2854,0,2,7,1,0,0.713,0
TXN-004958,28.27,17,0.187,1284,2778,2,2,7,0,0,0.107,0
TXN-004959,119.64,19,0.219,1327,1308,1,2,11,1,0,0.801,0
TXN-004960,53.16,2,0.666,756,3153,3,2,6,0,0,0.313,0
TXN-004961,11.45,19,0.057,761,566,1,2,8,0,0,0.04,0
TXN-004962,40.27,12,0.297,253,740,4,0,6,0,1,0.346,1
TXN-004963,15.26,4,0.151,1225,3849,1,1,5,0,0,0.5,0
TXN-004964,13.26,2,0.458,262,1753,1,3,4,0,0,0.216,0
TXN-004965,101.45,22,0.349,1150,1777,1,0,11,0,0,0.611,0
TXN-004966,89.82,11,0.438,1309,1892,1,3,11,0,0,0.094,0
TXN-004967,49.42,9,0.421,1069,3072,0,4,6,0,0,0.025,0
TXN-004968,47.31,5,0.454,350,1488,1,3,10,1,0,0.413,0
TXN-004969,108.22,3,0.076,519,2569,0,1,6,0,0,0.465,0
TXN-004970,61.14,9,0.111,1280,1791,0,2,9,0,1,0.285,0
TXN-004971,253.66,4,0.131,1479,253,1,3,11,0,0,0.419,1
TXN-004972,18.78,3,0.541,1132,3726,0,2,6,0,1,0.436,0
TXN-004973,60.99,16,0.141,1211,146,1,4,7,1,0,0.675,1
TXN-004974,56.25,23,0.072,1158,2973,0,2,17,0,1,0.225,0
TXN-004975,15.96,5,0.311,480,2922,1,3,6,0,0,0.262,0
TXN-004976,66.99,16,0.262,133,1185,1,3,7,0,1,0.524,0
TXN-004977,29.9,10,0.062,328,809,1,4,8,0,0,0.127,0
TXN-004978,38.57,19,0.432,887,3701,1,2,10,0,1,0.453,0
TXN-004979,57.8,5,0.682,1355,2390,1,2,9,0,1,0.138,0
TXN-004980,34.49,23,0.304,197,3432,1,1,8,0,0,0.788,0
TXN-004981,41.61,1,0.166,51,2721,0,1,8,0,0,0.063,0
TXN-004982,8.52,16,0.235,1438,3835,3,5,8,0,0,0.637,0
TXN-004983,68.95,13,0.046,160,882,0,2,5,0,0,0.146,0
TXN-004984,14.82,1,0.202,1496,2538,0,1,5,0,0,0.319,0
TXN-004985,36.3,15,0.514,813,1017,0,2,11,0,0,0.083,0
TXN-004986,15.11,4,0.12,1417,678,0,1,8,0,0,0.572,0
TXN-004987,8.24,9,0.319,545,1874,0,6,7,0,0,0.202,0
TXN-004988,107.73,7,0.432,943,3418,1,4,11,1,1,0.445,0
TXN-004989,1150.87,7,0.198,0,460,1,1,10,0,0,0.157,0
TXN-004990,34.73,5,0.132,439,633,3,1,5,0,0,0.352,1
TXN-004991,121.02,17,0.565,181,205,0,3,9,0,0,0.217,0
TXN-004992,62.01,0,0.217,1093,2907,1,2,7,0,0,0.336,0
TXN-004993,38.58,16,0.351,964,1312,1,2,10,0,1,0.329,0
TXN-004994,194.44,0,0.093,388,100,2,1,8,1,0,0.097,0
TXN-004995,40.85,8,0.178,16,1768,0,6,6,0,0,0.448,0
TXN-004996,112.31,23,0.076,571,2184,0,2,7,0,0,0.291,0
TXN-004997,285.73,8,0.439,420,3400,2,2,8,0,0,0.341,0
TXN-004998,19.2,6,0.074,1171,2564,1,0,6,1,0,0.199,0
TXN-004999,181.83,9,0.318,1055,654,0,2,13,0,1,0.026,0
TXN-005000,11.34,15,0.172,817,1993,1,2,9,0,0,0.502,0
